-- phpMyAdmin SQL Dump
-- version 4.0.4
-- http://www.phpmyadmin.net
--
-- Host: localhost
-- Generation Time: Jan 17, 2014 at 08:29 AM
-- Server version: 5.6.12-log
-- PHP Version: 5.4.16

SET SQL_MODE = "NO_AUTO_VALUE_ON_ZERO";
SET time_zone = "+00:00";


/*!40101 SET @OLD_CHARACTER_SET_CLIENT=@@CHARACTER_SET_CLIENT */;
/*!40101 SET @OLD_CHARACTER_SET_RESULTS=@@CHARACTER_SET_RESULTS */;
/*!40101 SET @OLD_COLLATION_CONNECTION=@@COLLATION_CONNECTION */;
/*!40101 SET NAMES utf8 */;

--
-- Database: `item-pos`
--
CREATE DATABASE IF NOT EXISTS `item-pos` DEFAULT CHARACTER SET latin1 COLLATE latin1_swedish_ci;
USE `item-pos`;

DELIMITER $$
--
-- Functions
--
CREATE DEFINER=`root`@`localhost` FUNCTION `r_get_adjustment_number`() RETURNS int(11)
    DETERMINISTIC
BEGIN
    DECLARE adjustment_number INT;
    SELECT
        CASE
            WHEN (SELECT COUNT(*) FROM adjustments) = 0 THEN 1
            ELSE
            CONVERT(
                (SELECT MAX(a_adjustment_number) FROM adjustments),
                SIGNED
            ) +1
        END INTO adjustment_number;
        
        RETURN adjustment_number;
END$$

CREATE DEFINER=`root`@`localhost` FUNCTION `r_get_module_menu_group_order`() RETURNS int(11)
    DETERMINISTIC
BEGIN
    DECLARE module_menu_group_order INT;
    SELECT
        CASE
            WHEN (SELECT COUNT(*) FROM module_menu_groups) = 0 THEN 1
            ELSE
            CONVERT(
                (SELECT MAX(mmg_order) FROM module_menu_groups),
                SIGNED
            ) +1
        END INTO module_menu_group_order;
        
        RETURN module_menu_group_order;
END$$

CREATE DEFINER=`root`@`localhost` FUNCTION `r_get_module_menu_item_order`(module_menu_group_id INT) RETURNS int(11)
    DETERMINISTIC
BEGIN
    DECLARE module_menu_item_order INT;
    SELECT
        CASE
            WHEN (SELECT COUNT(*) FROM module_menu_items WHERE mmg_id = module_menu_group_id) = 0 THEN 1
            ELSE
            CONVERT(
                (SELECT MAX(mmi_order) FROM module_menu_items WHERE mmg_id = module_menu_group_id),
                SIGNED
            ) +1
        END INTO module_menu_item_order;
        
        RETURN module_menu_item_order;
END$$

CREATE DEFINER=`root`@`localhost` FUNCTION `r_get_order_number`() RETURNS int(11)
    DETERMINISTIC
BEGIN
    DECLARE order_number INT;
    SELECT
        CASE
            WHEN (SELECT COUNT(*) FROM orders) = 0 THEN 1
            ELSE
            CONVERT(
                (SELECT MAX(o_order_number) FROM orders),
                SIGNED
            ) +1
        END INTO order_number;
        
        RETURN order_number;
END$$

CREATE DEFINER=`root`@`localhost` FUNCTION `r_get_purchase_order_number`() RETURNS int(11)
    DETERMINISTIC
BEGIN
    DECLARE purchase_order_number INT;
    SELECT
        CASE
            WHEN (SELECT COUNT(*) FROM purchase_orders) = 0 THEN 1
            ELSE
            CONVERT(
                (SELECT MAX(po_purchase_order_number) FROM purchase_orders),
                SIGNED
            ) +1
        END INTO purchase_order_number;
        
        RETURN purchase_order_number;
END$$

CREATE DEFINER=`root`@`localhost` FUNCTION `r_get_receiving_number`() RETURNS int(11)
    DETERMINISTIC
BEGIN
    DECLARE receiving_number INT;
    SELECT
        CASE
            WHEN (SELECT COUNT(*) FROM receivings) = 0 THEN 1
            ELSE
            CONVERT(
                (SELECT MAX(r_receiving_number) FROM receivings),
                SIGNED
            ) +1
        END INTO receiving_number;
        
        RETURN receiving_number;
END$$

CREATE DEFINER=`root`@`localhost` FUNCTION `r_get_return_number`() RETURNS int(11)
    DETERMINISTIC
BEGIN
    DECLARE return_number INT;
    SELECT
        CASE
            WHEN (SELECT COUNT(*) FROM returns) = 0 THEN 1
            ELSE
            CONVERT(
                (SELECT MAX(rn_return_number) FROM returns),
                SIGNED
            ) +1
        END INTO return_number;
        
        RETURN return_number;
END$$

DELIMITER ;

-- --------------------------------------------------------

--
-- Table structure for table `adjustments`
--

CREATE TABLE IF NOT EXISTS `adjustments` (
  `a_id` int(11) NOT NULL AUTO_INCREMENT,
  `a_adjustment_number` int(11) DEFAULT NULL,
  `a_date` datetime DEFAULT NULL,
  `a_status` varchar(1) DEFAULT NULL,
  `a_adjusted_by` int(11) DEFAULT NULL,
  PRIMARY KEY (`a_id`)
) ENGINE=InnoDB  DEFAULT CHARSET=latin1 AUTO_INCREMENT=145 ;

--
-- Dumping data for table `adjustments`
--

INSERT INTO `adjustments` (`a_id`, `a_adjustment_number`, `a_date`, `a_status`, `a_adjusted_by`) VALUES
(1, 1, '2013-11-13 10:17:00', 'P', 2),
(2, 2, '2013-11-13 10:20:40', 'P', 2),
(3, 3, '2013-11-13 10:21:10', 'P', 2),
(4, 4, '2013-11-13 10:27:31', 'P', 2),
(5, 5, '2013-11-13 10:39:53', 'P', 2),
(6, 6, '2013-11-13 11:13:46', 'P', 2),
(7, 7, '2013-11-13 11:25:00', 'P', 2),
(8, 8, '2013-11-13 11:26:10', 'P', 2),
(9, 9, '2013-11-13 11:28:50', 'P', 2),
(10, 10, '2013-11-13 11:54:09', 'P', 2),
(11, 11, '2013-11-13 12:54:27', 'P', 2),
(12, 12, '2013-11-13 12:55:58', 'P', 2),
(13, 13, '2013-11-13 13:07:19', 'P', 2),
(14, 14, '2013-11-13 14:28:24', 'P', 2),
(15, 15, '2013-11-13 15:26:19', 'P', 2),
(16, 16, '2013-11-14 07:48:49', 'P', 2),
(17, 17, '2013-11-14 13:35:41', 'P', 2),
(18, 18, '2013-11-14 13:56:06', 'P', 2),
(19, 19, '2013-11-14 14:38:58', 'P', 2),
(20, 20, '2013-11-14 14:39:50', 'P', 2),
(21, 21, '2013-11-14 14:40:54', 'P', 2),
(22, 22, '2013-11-18 17:34:11', 'P', 2),
(23, 23, '2013-11-18 17:35:50', 'P', 2),
(24, 24, '2013-11-19 13:09:48', 'P', 3),
(25, 25, '2013-11-20 10:54:22', 'P', 3),
(26, 26, '2013-11-20 10:55:26', 'P', 3),
(27, 27, '2013-11-22 08:18:14', 'P', 2),
(28, 28, '2013-11-22 08:31:05', 'P', 2),
(29, 29, '2013-11-22 08:34:13', 'V', 2),
(30, 30, '2013-11-22 08:34:42', 'P', 2),
(31, 31, '2013-11-22 08:43:07', 'P', 2),
(32, 32, '2013-11-22 11:46:59', 'P', 2),
(33, 33, '2013-11-22 11:49:12', 'P', 2),
(34, 34, '2013-11-22 11:52:50', 'P', 2),
(35, 35, '2013-11-22 11:56:26', 'P', 2),
(36, 36, '2013-11-22 15:17:31', 'P', 2),
(37, 37, '2013-11-22 15:38:13', 'P', 2),
(38, 38, '2013-11-22 15:56:48', 'P', 2),
(39, 39, '2013-11-22 16:59:24', 'P', 2),
(40, 40, '2013-11-23 10:00:21', 'P', 2),
(41, 41, '2013-11-23 10:01:09', 'P', 2),
(42, 42, '2013-11-23 10:03:29', 'P', 2),
(43, 43, '2013-11-23 14:57:19', 'P', 2),
(44, 44, '2013-11-23 15:43:47', 'P', 2),
(45, 45, '2013-11-25 07:59:40', 'P', 2),
(46, 46, '2013-11-26 07:38:08', 'V', 3),
(47, 47, '2013-11-26 07:57:44', 'P', 3),
(48, 48, '2013-11-26 09:07:11', 'P', 2),
(49, 49, '2013-11-26 09:09:21', 'P', 2),
(50, 50, '2013-11-30 10:50:51', 'P', 2),
(51, 51, '2013-12-03 10:36:06', 'P', 2),
(52, 52, '2013-12-03 14:22:31', 'P', 2),
(53, 53, '2013-12-07 15:00:34', 'V', 6),
(54, 54, '2013-12-07 15:01:50', 'P', 6),
(55, 55, '2013-12-07 18:20:46', 'P', 6),
(56, 56, '2013-12-10 07:56:18', 'V', 6),
(57, 57, '2013-12-10 08:20:13', 'V', 6),
(58, 58, '2013-12-10 08:30:38', 'P', 6),
(59, 59, '2013-12-10 08:35:28', 'P', 6),
(60, 60, '2013-12-10 08:37:04', 'V', 6),
(61, 61, '2013-12-10 08:40:17', 'P', 6),
(62, 62, '2013-12-10 08:53:29', 'P', 6),
(63, 63, '2013-12-10 09:02:20', 'P', 6),
(64, 64, '2013-12-10 09:14:49', 'P', 6),
(65, 65, '2013-12-10 10:14:23', 'P', 6),
(66, 66, '2013-12-10 10:41:13', 'P', 6),
(67, 67, '2013-12-10 15:33:47', 'P', 6),
(68, 68, '2013-12-10 17:40:10', 'P', 6),
(69, 69, '2013-12-11 08:39:55', 'P', 2),
(70, 70, '2013-12-11 09:43:04', 'P', 2),
(71, 71, '2013-12-11 09:57:22', 'P', 2),
(72, 72, '2013-12-12 08:47:20', 'P', 3),
(73, 73, '2013-12-12 09:26:27', 'P', 3),
(74, 74, '2013-12-12 09:27:01', 'P', 3),
(75, 75, '2013-12-12 10:28:50', 'P', 3),
(76, 76, '2013-12-12 11:16:51', 'P', 3),
(77, 77, '2013-12-13 08:59:56', 'P', 3),
(78, 78, '2013-12-13 10:09:00', 'P', 3),
(79, 79, '2013-12-14 14:22:02', 'P', 2),
(80, 80, '2013-12-14 14:23:32', 'P', 2),
(81, 81, '2013-12-14 17:29:37', 'P', 2),
(82, 82, '2013-12-16 10:04:18', 'P', 3),
(83, 83, '2013-12-16 11:52:23', 'P', 3),
(84, 84, '2013-12-16 12:05:48', 'P', 3),
(85, 85, '2013-12-17 15:51:33', 'V', 2),
(86, 86, '2013-12-17 15:59:43', 'P', 2),
(87, 87, '2013-12-18 08:06:32', 'P', 2),
(88, 88, '2013-12-18 08:08:56', 'P', 2),
(89, 89, '2013-12-18 15:40:58', 'P', 2),
(90, 90, '2013-12-19 15:29:42', 'P', 2),
(91, 91, '2013-12-26 16:09:13', 'P', 2),
(92, 92, '2013-12-27 09:12:51', 'P', 6),
(93, 93, '2013-12-27 09:14:18', 'P', 6),
(94, 94, '2013-12-27 10:25:23', 'P', 6),
(95, 95, '2013-12-27 14:17:04', 'P', 2),
(96, 96, '2013-12-27 14:19:26', 'P', 2),
(97, 97, '2013-12-27 14:33:44', 'P', 2),
(98, 98, '2013-12-27 14:34:47', 'P', 2),
(99, 99, '2013-12-27 15:09:44', 'P', 2),
(100, 100, '2013-12-27 15:15:47', 'P', 2),
(101, 101, '2013-12-27 15:18:30', 'P', 2),
(102, 102, '2013-12-27 15:26:34', 'P', 2),
(103, 103, '2013-12-27 15:29:39', 'P', 2),
(104, 104, '2013-12-27 15:55:03', 'P', 6),
(105, 105, '2013-12-27 15:58:55', 'P', 6),
(106, 106, '2013-12-28 08:30:21', 'P', 6),
(107, 107, '2013-12-28 08:36:25', 'P', 6),
(108, 108, '2013-12-28 11:52:23', 'P', 6),
(109, 109, '2013-12-28 11:56:57', 'P', 6),
(110, 110, '2013-12-28 12:02:24', 'P', 2),
(111, 111, '2013-12-28 14:37:07', 'P', 6),
(112, 112, '2013-12-28 14:52:20', 'P', 6),
(113, 113, '2013-12-28 15:09:22', 'P', 6),
(114, 114, '2013-12-28 15:22:59', 'P', 6),
(115, 115, '2013-12-28 15:25:10', 'P', 6),
(116, 116, '2013-12-28 17:16:42', 'P', 6),
(117, 117, '2014-01-02 09:52:00', 'P', 2),
(118, 118, '2014-01-03 08:22:44', 'V', 3),
(119, 119, '2014-01-03 08:25:51', 'P', 3),
(120, 120, '2014-01-03 12:06:28', 'P', 3),
(121, 121, '2014-01-03 13:55:18', 'P', 3),
(122, 122, '2014-01-03 15:39:07', 'P', 2),
(123, 123, '2014-01-03 15:41:09', 'P', 2),
(124, 124, '2014-01-04 11:45:25', 'P', 2),
(125, 125, '2014-01-04 17:07:30', 'P', 2),
(126, 126, '2014-01-08 11:02:26', 'P', 2),
(127, 127, '2014-01-08 14:48:42', 'P', 2),
(128, 128, '2014-01-08 17:00:43', 'P', 2),
(129, 129, '2014-01-09 11:39:14', 'P', 2),
(130, 130, '2014-01-10 09:18:05', 'P', 2),
(131, 131, '2014-01-10 09:37:53', 'P', 2),
(132, 132, '2014-01-10 10:06:38', 'P', 2),
(133, 133, '2014-01-11 07:57:36', 'P', 2),
(134, 134, '2014-01-11 16:40:13', 'P', 3),
(135, 135, '2014-01-13 07:54:43', 'P', 3),
(136, 136, '2014-01-13 08:03:36', 'P', 3),
(137, 137, '2014-01-13 08:09:56', 'P', 3),
(138, 138, '2014-01-13 08:11:03', 'P', 3),
(139, 139, '2014-01-13 08:19:31', 'P', 3),
(140, 140, '2014-01-13 08:24:10', 'P', 3),
(141, 141, '2014-01-13 08:29:58', 'P', 3),
(142, 142, '2014-01-13 09:41:32', 'P', 2),
(143, 143, '2014-01-13 11:09:49', 'P', 3),
(144, 144, '2014-01-13 16:30:54', 'P', 2);

-- --------------------------------------------------------

--
-- Table structure for table `adjustment_details`
--

CREATE TABLE IF NOT EXISTS `adjustment_details` (
  `ad_id` int(11) NOT NULL AUTO_INCREMENT,
  `ad_qty` decimal(15,2) DEFAULT NULL,
  `a_id` int(11) DEFAULT NULL,
  `i_id` int(11) DEFAULT NULL,
  PRIMARY KEY (`ad_id`)
) ENGINE=InnoDB  DEFAULT CHARSET=latin1 AUTO_INCREMENT=617 ;

--
-- Dumping data for table `adjustment_details`
--

INSERT INTO `adjustment_details` (`ad_id`, `ad_qty`, `a_id`, `i_id`) VALUES
(1, '33.00', 1, 1366),
(2, '63.00', 2, 1266),
(3, '54.00', 2, 1264),
(4, '17.00', 2, 1265),
(5, '7.00', 2, 1267),
(6, '9.00', 3, 1269),
(7, '11.00', 4, 1255),
(8, '47.00', 4, 1336),
(9, '24.00', 4, 1335),
(10, '10.00', 4, 1275),
(11, '34.00', 4, 1263),
(12, '5.00', 4, 1257),
(13, '15.00', 4, 1262),
(14, '10.00', 4, 1260),
(15, '5.00', 5, 1261),
(16, '19.00', 6, 1252),
(17, '1.00', 6, 1342),
(18, '11.00', 6, 1341),
(19, '5.00', 6, 1349),
(20, '87.00', 6, 1251),
(21, '5.00', 7, 1343),
(22, '52.00', 7, 1345),
(23, '3.00', 7, 1344),
(24, '24.00', 8, 1334),
(25, '12.00', 9, 1339),
(26, '20.00', 10, 97),
(27, '3.00', 10, 94),
(28, '5.00', 10, 91),
(29, '50.00', 10, 89),
(30, '7.00', 10, 92),
(31, '107.00', 10, 93),
(32, '188.00', 10, 90),
(33, '69.00', 10, 88),
(34, '7.00', 10, 95),
(35, '10.00', 10, 96),
(36, '16.00', 10, 99),
(37, '9.00', 10, 98),
(38, '1.00', 11, 830),
(39, '1.00', 11, 831),
(40, '1.00', 11, 832),
(41, '4.00', 11, 829),
(42, '3.00', 11, 828),
(43, '1.00', 11, 834),
(44, '4.00', 11, 833),
(45, '1.00', 11, 835),
(46, '3.00', 11, 315),
(47, '11.00', 11, 312),
(48, '8.00', 11, 313),
(49, '1.00', 11, 314),
(50, '1.00', 11, 538),
(51, '3.00', 11, 537),
(52, '6.00', 11, 539),
(53, '4.00', 11, 540),
(54, '2.00', 11, 76),
(55, '3.00', 11, 67),
(56, '2.00', 12, 75),
(57, '2.00', 12, 69),
(58, '3.00', 12, 68),
(59, '3.00', 12, 73),
(60, '6.00', 13, 1381),
(61, '2.00', 13, 1378),
(62, '2.00', 13, 1383),
(63, '3.00', 13, 1385),
(64, '5.00', 13, 1377),
(65, '2.00', 13, 1380),
(66, '3.00', 13, 1384),
(67, '3.00', 13, 1382),
(68, '2.00', 13, 1379),
(69, '14.00', 14, 1388),
(70, '18.00', 14, 588),
(71, '13.00', 14, 589),
(72, '2.00', 15, 727),
(73, '9.00', 15, 620),
(74, '12.00', 15, 719),
(75, '6.00', 16, 1013),
(76, '8.00', 16, 1014),
(77, '5.00', 16, 1011),
(78, '19.00', 16, 1010),
(79, '8.00', 16, 1012),
(80, '8.00', 16, 1008),
(81, '8.00', 16, 1009),
(82, '19.00', 17, 485),
(83, '42.00', 17, 484),
(84, '26.00', 17, 483),
(85, '26.00', 17, 482),
(86, '34.00', 17, 521),
(87, '34.00', 18, 360),
(88, '7.00', 18, 359),
(89, '3.00', 18, 916),
(90, '15.00', 18, 928),
(91, '69.00', 18, 425),
(92, '44.00', 18, 432),
(93, '1.00', 18, 933),
(94, '71.00', 18, 430),
(95, '75.00', 18, 431),
(96, '61.00', 18, 427),
(97, '64.00', 18, 426),
(98, '49.00', 18, 428),
(99, '34.00', 19, 521),
(100, '25.00', 20, 360),
(101, '71.00', 21, 430),
(102, '125.00', 22, 106),
(103, '-250.00', 23, 106),
(104, '5.00', 24, 1425),
(105, '1.00', 25, 206),
(106, '4.00', 26, 202),
(107, '1.00', 27, 181),
(108, '2.00', 27, 170),
(109, '2.00', 27, 175),
(110, '1.00', 27, 177),
(111, '1.00', 27, 179),
(112, '3.00', 27, 202),
(113, '5.00', 27, 190),
(114, '12.00', 28, 1392),
(115, '7.00', 29, 881),
(116, '8.00', 30, 881),
(117, '4.00', 31, 76),
(118, '4.00', 31, 67),
(119, '3.00', 31, 1379),
(120, '16.00', 31, 315),
(121, '5.00', 31, 1381),
(122, '3.00', 31, 1384),
(123, '2.00', 31, 1383),
(124, '1.00', 31, 75),
(125, '2.00', 31, 1386),
(126, '3.00', 31, 1377),
(127, '9.00', 31, 312),
(128, '1.00', 31, 314),
(129, '1.00', 32, 831),
(130, '3.00', 32, 540),
(131, '15.00', 32, 9),
(132, '5.00', 32, 8),
(133, '7.00', 32, 11),
(134, '2.00', 32, 13),
(135, '22.00', 32, 23),
(136, '22.00', 32, 22),
(137, '8.00', 32, 20),
(138, '15.00', 32, 21),
(139, '2.00', 33, 1526),
(140, '2.00', 33, 1524),
(141, '7.00', 33, 229),
(142, '7.00', 33, 226),
(143, '19.00', 33, 224),
(144, '15.00', 33, 223),
(145, '5.00', 34, 1527),
(146, '5.00', 35, 194),
(147, '3.00', 36, 34),
(148, '5.00', 36, 32),
(149, '8.00', 36, 31),
(150, '3.00', 36, 211),
(151, '2.00', 36, 215),
(152, '1.00', 36, 214),
(153, '2.00', 36, 208),
(154, '1.00', 36, 210),
(155, '3.00', 36, 212),
(156, '3.00', 36, 213),
(157, '3.00', 36, 221),
(158, '3.00', 36, 227),
(159, '2.00', 36, 222),
(160, '1.00', 36, 228),
(161, '2.00', 36, 243),
(162, '1.00', 36, 242),
(163, '2.00', 36, 241),
(164, '2.00', 36, 240),
(165, '2.00', 36, 238),
(166, '1.00', 36, 245),
(167, '741.00', 37, 64),
(168, '-741.00', 38, 64),
(169, '16.00', 39, 107),
(170, '500.00', 40, 64),
(171, '-1000.00', 41, 64),
(172, '-70.00', 42, 1110),
(173, '600.00', 43, 64),
(174, '480.00', 44, 64),
(175, '8.00', 45, 1511),
(176, '30.00', 46, 85),
(177, '4.00', 47, 544),
(178, '11.00', 48, 303),
(179, '10.00', 48, 309),
(180, '2.00', 48, 307),
(181, '16.00', 48, 306),
(182, '16.00', 48, 304),
(183, '19.00', 48, 302),
(184, '29.00', 49, 305),
(185, '4.00', 49, 307),
(186, '50.00', 50, 120),
(187, '-59.00', 51, 1266),
(188, '-2.00', 52, 107),
(189, '300.00', 53, 107),
(190, '297.00', 54, 107),
(191, '115.00', 55, 107),
(192, '24.00', 56, 88),
(193, '31.00', 56, 89),
(194, '31.00', 56, 90),
(195, '8.00', 56, 91),
(196, '10.00', 56, 92),
(197, '73.00', 56, 93),
(198, '3.00', 56, 94),
(199, '13.00', 56, 95),
(200, '2.00', 56, 96),
(201, '17.00', 56, 1617),
(202, '-33.00', 56, 97),
(203, '53.00', 56, 1397),
(204, '54.00', 56, 1396),
(205, '30.00', 57, 1397),
(206, '-33.00', 58, 1397),
(207, '23.00', 59, 89),
(208, '-28.00', 60, 89),
(209, '-28.00', 61, 89),
(210, '-84.00', 62, 90),
(211, '-17.00', 62, 91),
(212, '1.00', 62, 92),
(213, '50.00', 62, 93),
(214, '-39.00', 62, 94),
(215, '-1.00', 62, 95),
(216, '-2.00', 62, 96),
(217, '-17.00', 62, 1617),
(218, '-13.00', 62, 97),
(219, '2.00', 62, 1687),
(220, '-50.00', 63, 1396),
(221, '97.00', 64, 85),
(222, '11.00', 64, 86),
(223, '14.00', 64, 87),
(224, '12.00', 65, 1247),
(225, '-87.00', 65, 1251),
(226, '-3.00', 65, 1252),
(227, '-19.00', 65, 1607),
(228, '31.00', 66, 1710),
(229, '-14.00', 66, 1255),
(230, '-13.00', 66, 1262),
(231, '-5.00', 66, 1273),
(232, '-5.00', 66, 1254),
(233, '30.25', 67, 1368),
(234, '-22.00', 67, 1419),
(235, '41.00', 67, 79),
(236, '-11.00', 67, 78),
(237, '-38.00', 67, 1366),
(238, '88.00', 67, 1369),
(239, '-5.00', 68, 1696),
(240, '-20.00', 68, 107),
(241, '9.00', 69, 87),
(242, '36.00', 69, 86),
(243, '3.00', 69, 85),
(244, '-5.00', 69, 1367),
(245, '98.00', 69, 1370),
(246, '3.00', 69, 1369),
(247, '1.00', 69, 1368),
(248, '-3.00', 69, 81),
(249, '6.00', 70, 320),
(250, '19.00', 70, 324),
(251, '1.00', 70, 321),
(252, '27.00', 70, 322),
(253, '-20.00', 70, 323),
(254, '-17.00', 70, 162),
(255, '8.00', 70, 163),
(256, '10.00', 70, 165),
(257, '-5.00', 70, 166),
(258, '7.00', 70, 1484),
(259, '11.00', 71, 961),
(260, '8.00', 71, 1546),
(261, '-3.00', 71, 1336),
(262, '-5.00', 71, 1264),
(263, '1.00', 71, 1266),
(264, '-15.00', 71, 1265),
(265, '10.00', 71, 1267),
(266, '9.00', 71, 1335),
(267, '-38.00', 72, 1269),
(268, '11.00', 73, 1108),
(269, '24.00', 73, 1127),
(270, '9.00', 73, 1094),
(271, '22.00', 73, 1125),
(272, '22.00', 73, 1155),
(273, '19.00', 73, 1719),
(274, '5.00', 74, 1720),
(275, '3.00', 75, 154),
(276, '9.00', 75, 152),
(277, '11.00', 75, 153),
(278, '1.00', 75, 157),
(279, '2.00', 75, 155),
(280, '1.00', 75, 156),
(281, '1.00', 75, 250),
(282, '11.00', 75, 47),
(283, '16.00', 75, 48),
(284, '2.00', 75, 252),
(285, '1.00', 75, 251),
(286, '4.00', 76, 9),
(287, '1.00', 76, 21),
(288, '3.00', 76, 1526),
(289, '4.00', 76, 8),
(290, '1.00', 76, 20),
(291, '-2.00', 76, 23),
(292, '1.00', 76, 22),
(293, '12.00', 77, 33),
(294, '4.00', 77, 35),
(295, '4.00', 77, 36),
(296, '7.00', 77, 1467),
(297, '12.00', 77, 1501),
(298, '5.00', 77, 821),
(299, '-1.00', 78, 192),
(300, '-2.00', 78, 270),
(301, '1.00', 78, 44),
(302, '26.00', 78, 46),
(303, '41.00', 78, 43),
(304, '-2.00', 78, 1663),
(305, '12.00', 78, 34),
(306, '-18.00', 78, 31),
(307, '-2.00', 78, 32),
(308, '25.00', 79, 1126),
(309, '40.00', 79, 1128),
(310, '4.00', 79, 1156),
(311, '-3.00', 79, 1720),
(312, '-25.00', 79, 1605),
(313, '-6.00', 79, 1108),
(314, '-16.00', 79, 1719),
(315, '4.00', 80, 1095),
(316, '8.00', 80, 1094),
(317, '25.00', 81, 1730),
(318, '50.00', 81, 1491),
(319, '61.00', 81, 1490),
(320, '144.00', 81, 1084),
(321, '17.00', 81, 1087),
(322, '-9.00', 81, 1082),
(323, '-5.00', 81, 1567),
(324, '-17.00', 81, 1088),
(325, '-32.00', 81, 1086),
(326, '-26.00', 81, 1083),
(327, '-27.00', 82, 1090),
(328, '9.00', 82, 1568),
(329, '-8.00', 82, 1570),
(330, '-2.00', 82, 1093),
(331, '-15.00', 82, 1569),
(332, '-5.00', 82, 1091),
(333, '3.00', 83, 234),
(334, '4.00', 83, 235),
(335, '-2.00', 83, 226),
(336, '-1.00', 83, 223),
(337, '3.00', 83, 129),
(338, '4.00', 83, 259),
(339, '-1.00', 83, 60),
(340, '2.00', 83, 258),
(341, '1.00', 83, 56),
(342, '1.00', 83, 128),
(343, '-5.00', 84, 190),
(344, '1.00', 84, 168),
(345, '100.00', 85, 1129),
(346, '-2.00', 86, 1129),
(347, '168.00', 87, 107),
(348, '-379.00', 88, 107),
(349, '-30.00', 88, 1696),
(350, '2.00', 89, 142),
(351, '1.00', 89, 144),
(352, '7.00', 89, 1759),
(353, '6.00', 89, 1760),
(354, '6.00', 89, 149),
(355, '11.00', 89, 1712),
(356, '6.00', 89, 1664),
(357, '5.00', 89, 1729),
(358, '23.00', 89, 1697),
(359, '3.00', 90, 217),
(360, '1.00', 90, 219),
(361, '-1.00', 90, 220),
(362, '9999.00', 91, 1479),
(363, '-9.00', 92, 107),
(364, '-9.00', 93, 107),
(365, '-11.00', 94, 1787),
(366, '9.00', 94, 818),
(367, '14.00', 94, 813),
(368, '3.00', 94, 1791),
(369, '5.00', 94, 820),
(370, '8.00', 94, 816),
(371, '2.00', 94, 811),
(372, '1.00', 94, 1792),
(373, '4.00', 94, 1793),
(374, '8.00', 94, 1794),
(375, '-4.00', 94, 755),
(376, '-7.00', 94, 578),
(377, '6.00', 94, 822),
(378, '17.00', 94, 806),
(379, '-17.00', 94, 824),
(380, '11.00', 94, 823),
(381, '7.00', 94, 1795),
(382, '18.00', 94, 161),
(383, '30.00', 94, 808),
(384, '1294.00', 95, 64),
(385, '0.70', 96, 64),
(386, '7370.00', 97, 1479),
(387, '-14740.00', 98, 1479),
(388, '14.00', 99, 89),
(389, '9.00', 99, 94),
(390, '-2.00', 99, 95),
(391, '-4.00', 99, 91),
(392, '-18.00', 99, 88),
(393, '-2.00', 99, 93),
(394, '-16.00', 99, 90),
(395, '-2.00', 100, 91),
(396, '4.00', 101, 96),
(397, '1.00', 102, 1617),
(398, '7.00', 102, 1396),
(399, '6.00', 102, 1397),
(400, '-13.00', 103, 1396),
(401, '1.00', 103, 1397),
(402, '160.00', 104, 1576),
(403, '-26.00', 104, 1420),
(404, '-28.00', 104, 1419),
(405, '-137.00', 104, 1418),
(406, '5.00', 104, 84),
(407, '24.00', 104, 103),
(408, '15.00', 104, 85),
(409, '-26.00', 104, 86),
(410, '-10.00', 104, 87),
(411, '5.00', 104, 104),
(412, '-1.00', 105, 1419),
(413, '160.00', 105, 1575),
(414, '1.00', 106, 1367),
(415, '-1.00', 106, 1368),
(416, '-4.00', 106, 79),
(417, '-16.00', 106, 80),
(418, '-7.00', 106, 81),
(419, '1.00', 106, 1369),
(420, '8.00', 106, 1370),
(421, '5.00', 107, 85),
(422, '23.00', 108, 872),
(423, '3.00', 108, 869),
(424, '1.00', 108, 873),
(425, '-1.00', 108, 864),
(426, '1.00', 108, 875),
(427, '-1.00', 108, 866),
(428, '1.00', 108, 874),
(429, '-10.00', 109, 872),
(430, '-50.00', 110, 64),
(431, '104.00', 111, 126),
(432, '21.00', 111, 738),
(433, '39.00', 111, 732),
(434, '50.00', 111, 733),
(435, '14.00', 111, 730),
(436, '2.00', 111, 734),
(437, '34.00', 111, 729),
(438, '4.00', 112, 1736),
(439, '-4.00', 112, 738),
(440, '2.00', 112, 730),
(441, '6.00', 112, 733),
(442, '2.00', 112, 731),
(443, '40.00', 113, 747),
(444, '8.00', 113, 748),
(445, '8.00', 113, 749),
(446, '11.00', 114, 1478),
(447, '24.00', 114, 1198),
(448, '7.00', 114, 1199),
(449, '1.00', 114, 1797),
(450, '-1.00', 115, 1198),
(451, '-5.00', 116, 107),
(452, '116.00', 116, 1696),
(453, '31.00', 117, 119),
(454, '84.00', 117, 118),
(455, '30.00', 117, 740),
(456, '28.00', 117, 125),
(457, '7.00', 118, 885),
(458, '8.00', 119, 885),
(459, '32.00', 120, 1119),
(460, '26.00', 120, 1120),
(461, '34.00', 120, 1121),
(462, '29.00', 120, 1123),
(463, '39.00', 120, 1124),
(464, '24.00', 120, 1808),
(465, '24.00', 120, 1481),
(466, '27.00', 120, 1118),
(467, '11.00', 120, 1320),
(468, '10.00', 120, 1321),
(469, '-154.00', 121, 1801),
(470, '2.00', 122, 1210),
(471, '4.00', 122, 1211),
(472, '-1.00', 122, 1212),
(473, '-6.00', 122, 1219),
(474, '-1.00', 122, 1220),
(475, '1.00', 122, 1223),
(476, '-1.00', 122, 1208),
(477, '-1.00', 122, 1209),
(478, '1.00', 122, 1215),
(479, '1.00', 122, 1430),
(480, '1.00', 122, 1217),
(481, '-8.00', 123, 1211),
(482, '45.00', 124, 531),
(483, '3.00', 124, 712),
(484, '10.00', 124, 713),
(485, '16.00', 124, 598),
(486, '3.00', 124, 535),
(487, '19.00', 124, 496),
(488, '5.00', 124, 1812),
(489, '4.00', 124, 1813),
(490, '10.00', 124, 1677),
(491, '1.00', 125, 1612),
(492, '21.00', 125, 1790),
(493, '11.00', 125, 1817),
(494, '-1.00', 125, 217),
(495, '-1.00', 125, 218),
(496, '5.00', 125, 1815),
(497, '12.00', 125, 1816),
(498, '11.00', 125, 1665),
(499, '-2.00', 125, 1712),
(500, '-1.00', 125, 144),
(501, '20.00', 126, 87),
(502, '4.00', 126, 1617),
(503, '2.00', 126, 103),
(504, '3.00', 127, 484),
(505, '70.00', 127, 486),
(506, '44.00', 127, 487),
(507, '33.00', 127, 488),
(508, '13.00', 127, 481),
(509, '10.00', 127, 483),
(510, '-1.00', 127, 359),
(511, '19.00', 127, 1722),
(512, '-36.00', 127, 360),
(513, '11.00', 127, 1721),
(514, '40.00', 127, 423),
(515, '12.00', 127, 1723),
(516, '41.00', 127, 424),
(517, '12.00', 127, 1507),
(518, '3.00', 128, 1696),
(519, '4.00', 128, 104),
(520, '7.75', 129, 664),
(521, '4.00', 129, 663),
(522, '63.50', 129, 674),
(523, '62.00', 129, 673),
(524, '16.00', 129, 685),
(525, '30.50', 129, 684),
(526, '20.00', 129, 290),
(527, '11.00', 129, 291),
(528, '25.00', 129, 292),
(529, '11.00', 129, 293),
(530, '41.00', 129, 294),
(531, '33.00', 129, 295),
(532, '34.00', 129, 298),
(533, '60.00', 129, 296),
(534, '48.00', 129, 1703),
(535, '80.00', 129, 297),
(536, '10.00', 130, 679),
(537, '3.00', 130, 675),
(538, '-12.00', 130, 677),
(539, '22.00', 130, 670),
(540, '32.00', 130, 666),
(541, '31.00', 130, 668),
(542, '-20.00', 130, 667),
(543, '34.00', 130, 669),
(544, '-17.00', 130, 672),
(545, '8.00', 130, 671),
(546, '-20.00', 130, 676),
(547, '7.00', 130, 688),
(548, '-1.00', 130, 687),
(549, '2.00', 130, 686),
(550, '7.00', 130, 678),
(551, '1.00', 130, 693),
(552, '6.00', 130, 694),
(553, '6.00', 130, 696),
(554, '22.00', 130, 695),
(555, '3.00', 130, 683),
(556, '22.00', 130, 680),
(557, '6.00', 130, 691),
(558, '-13.00', 130, 681),
(559, '-5.00', 130, 692),
(560, '-5.00', 130, 663),
(561, '13.00', 131, 1851),
(562, '-9.00', 131, 697),
(563, '-4.00', 131, 682),
(564, '1.00', 132, 290),
(565, '3.00', 132, 294),
(566, '-6.00', 132, 484),
(567, '1.00', 132, 485),
(568, '2.00', 132, 486),
(569, '-19.00', 132, 360),
(570, '14.00', 132, 1721),
(571, '13.00', 133, 1533),
(572, '107.00', 133, 1590),
(573, '22.00', 134, 1421),
(574, '-10.00', 135, 328),
(575, '-100.00', 135, 425),
(576, '-48.00', 135, 432),
(577, '43.00', 135, 327),
(578, '-75.00', 135, 426),
(579, '-78.00', 135, 427),
(580, '-62.00', 135, 430),
(581, '-115.00', 135, 431),
(582, '-9.00', 135, 490),
(583, '-12.00', 135, 489),
(584, '6.00', 136, 1852),
(585, '20.00', 136, 1853),
(586, '23.00', 136, 1582),
(587, '-2.00', 137, 1009),
(588, '-2.00', 137, 1014),
(589, '1.00', 137, 1008),
(590, '1.00', 137, 1013),
(591, '-7.00', 137, 1011),
(592, '-3.00', 137, 1012),
(593, '-4.00', 137, 1010),
(594, '40.00', 138, 843),
(595, '2.00', 139, 1855),
(596, '10.00', 139, 1854),
(597, '7.00', 140, 131),
(598, '9.00', 140, 133),
(599, '9.00', 140, 140),
(600, '18.00', 140, 139),
(601, '6.00', 140, 134),
(602, '2.00', 140, 138),
(603, '8.00', 141, 1856),
(604, '7.00', 142, 1858),
(605, '2.00', 142, 1857),
(606, '3.00', 142, 1859),
(607, '8.00', 142, 1184),
(608, '2.00', 142, 1860),
(609, '3.00', 142, 1185),
(610, '2.00', 142, 1814),
(611, '5.00', 142, 1186),
(612, '5.00', 143, 1194),
(613, '9.00', 143, 1196),
(614, '12.00', 143, 1193),
(615, '24.00', 143, 1197),
(616, '21.25', 144, 1365);

-- --------------------------------------------------------

--
-- Table structure for table `categories`
--

CREATE TABLE IF NOT EXISTS `categories` (
  `c_id` int(11) NOT NULL AUTO_INCREMENT,
  `c_name` varchar(100) DEFAULT NULL,
  `c_description` text,
  `is_deleted` tinyint(1) DEFAULT '0',
  PRIMARY KEY (`c_id`)
) ENGINE=InnoDB  DEFAULT CHARSET=latin1 AUTO_INCREMENT=223 ;

--
-- Dumping data for table `categories`
--

INSERT INTO `categories` (`c_id`, `c_name`, `c_description`, `is_deleted`) VALUES
(1, 'Paints', '', 1),
(2, 'Colored Paints', '', 1),
(3, 'Plywood', '', 0),
(4, 'Hardiplex', '', 0),
(5, 'Deform Bars', '', 0),
(6, 'Gi, Corrugated', '', 1),
(7, 'Plain Sheet', '', 1),
(8, 'Superlume', '', 1),
(9, 'Angle Bar', '', 0),
(10, 'Square Bar', '', 1),
(11, 'Bars', '', 0),
(12, 'Round Bar', '', 1),
(13, 'Square Tube', '', 1),
(14, 'Rectangular Tube', '', 1),
(15, 'Zbar', '', 0),
(16, 'GI Pipe', '', 0),
(17, 'C-Purlin', '', 0),
(18, 'PVC Pipe Blue 1/2', '', 1),
(19, 'Common Nails', '', 1),
(20, 'Umbrella Nails', '', 1),
(21, 'Nails', '', 1),
(22, 'PVC Pipe No 2', '', 1),
(23, 'PVC Pipe No 3', '', 1),
(24, 'GI Pipe/Fittings', '', 1),
(25, 'SDR II Hose (Black)', '', 0),
(26, 'Tie Wire', '', 1),
(27, 'Twine', '', 0),
(28, 'PVC Pipe No 4', '', 1),
(29, 'Electrical  Plumbing', '', 1),
(30, 'Auto-Motor Parts', '', 1),
(31, 'Tires', '', 0),
(32, 'Fuji', '', 1),
(33, 'Sapphire', '', 1),
(34, 'Interiors', '', 0),
(35, 'CST', '', 1),
(36, 'KSR', '', 1),
(37, 'LEAO CT', '', 1),
(38, 'Boysen 1G', '', 1),
(39, 'Boysen', '', 1),
(40, 'Triton 1G', '', 1),
(41, 'Triton 1L', '', 1),
(42, 'Triton QDE (L)', '', 1),
(43, 'Triton Latex (L)', '', 1),
(44, 'Boysen Colored', '', 1),
(45, 'Boysen Epoxy Primer', '', 1),
(46, 'Furniture', '', 0),
(47, 'Furniture (bottle)', '', 1),
(48, 'Crushed Gravel', '', 0),
(49, 'Fine Sand', '', 0),
(50, 'Concrete Products', '', 0),
(51, 'tiles', 'tenzen 30x30', 0),
(52, 'Rain Or Shine 1G', 'Paint', 0),
(53, 'Spray Paint', '', 0),
(54, 'Wood', '', 1),
(55, 'Paint', '', 1),
(56, 'GI  Corrugated', '', 0),
(57, 'Cement', '', 0),
(58, 'Pipes', '', 0),
(59, 'Colored  Paints', '', 1),
(60, 'QDE Paints', 'Quick Drying Enamel', 0),
(61, 'Latex Paints', 'Latex Masonry', 0),
(62, 'Flatwall Enamel Paints', 'Paints', 0),
(63, 'Flat Latex Paints', '', 0),
(64, 'Gloss Latex Paints', '', 0),
(65, 'Glazing Putty', '', 0),
(66, 'Semi-Gloss Latex Paints', '', 0),
(67, 'Roofgard', '', 0),
(68, 'Semi-Gloss Enamel Paints', '', 0),
(69, 'Red Lead Paints', '', 0),
(70, 'Metal  Primer Paints', '', 0),
(71, 'Black Board Slating', '', 0),
(72, 'Lotus  Paints', '', 0),
(73, 'Tinting Color Latex  Paint', '', 0),
(74, 'Paint  Thinner', '', 1),
(75, 'Tinting Color in Oil Paints', '', 0),
(76, 'Rain Or Shine', 'Paints', 0),
(77, 'Body Filler', '', 0),
(78, 'Tile Grout', '', 1),
(79, 'Epoxy Primer', '', 0),
(80, 'Rust Converter', '', 0),
(81, 'Rust Protector', '', 0),
(82, 'Epoxy Reducer', '', 0),
(83, 'Primer  Red Oxide', '', 0),
(84, 'Paint  Roller', '', 0),
(85, 'Paint Brush', '', 1),
(86, 'Sand  Paper', '', 1),
(87, 'Water Materials', '', 0),
(88, 'Drillbit', '', 1),
(89, 'Wall  Putty', '', 0),
(90, 'Plastic Varnish', '', 1),
(91, 'Tools', 'tools', 0),
(92, 'Sanitary pipes', '', 0),
(93, 'fertilizer', 'fer', 0),
(94, 'Plywood', '', 1),
(95, 'Deform Bars', '', 1),
(96, 'Gi, Corrugated', '', 0),
(97, 'Plain Sheet', '', 0),
(98, 'Superlume', '', 0),
(99, 'Angle Bar', '', 1),
(100, 'Square Bar', '', 0),
(101, 'Flat Bar', '', 0),
(102, 'Round Bar', '', 0),
(103, 'Square Tube', '', 0),
(104, 'Rectangular Tube', '', 0),
(105, 'Engine Oil', '', 0),
(106, 'GI Pipe Eagle', '', 0),
(107, 'C-Purlin', '', 1),
(108, 'Common Nails', '', 0),
(109, 'Umbrella Nails', '', 0),
(110, 'Finishing Nails', '', 0),
(111, 'PVC Pipe No 2', '', 0),
(112, 'PVC Pipe No 3', '', 0),
(113, 'GI Pipe/Fittings', '', 0),
(114, 'Tie Wire', '', 0),
(115, 'Motor Parts', '', 0),
(116, 'PVC Pipe No 4', '', 0),
(117, 'Electrical', '', 0),
(118, 'Triton 1G', '', 0),
(119, 'Triton 1L', '', 0),
(120, 'Triton QDE (L)', '', 0),
(121, 'Triton Latex (L)', '', 0),
(122, 'Furniture', '', 1),
(123, 'Furniture (bottle)', '', 0),
(124, 'Aggregates', '', 0),
(125, 'Fine Sand', '', 1),
(126, 'Concrete Products', '', 1),
(127, 'Lightings', '', 0),
(128, 'Wood', '', 0),
(129, 'Carpentry', '', 0),
(130, 'Plumbing', '', 0),
(131, 'Tires', '', 1),
(132, 'welding rod', '', 0),
(133, 'superlum', '', 1),
(134, 'Steel bars', '', 0),
(135, 'Triton', '', 0),
(136, 'Sealant', '', 0),
(137, 'multicab', '', 0),
(138, 'Oil', '', 0),
(139, 'Painting', '', 0),
(140, 'Automobile', '', 0),
(141, 'CST Tire', '', 0),
(142, 'Hinges', '', 0),
(143, 'Varnish', '', 0),
(144, 'Battery', '', 0),
(145, 'Hose Level', '', 0),
(146, 'Pisi', '', 0),
(147, 'Sink', '', 0),
(148, 'Trapal', '', 0),
(149, 'Wooden Door', '', 0),
(150, 'PVC Door', '', 0),
(151, 'solignum / timberguard', '', 0),
(152, 'Marine epoxy / El kapitan', '', 0),
(153, 'Solvent', '', 0),
(154, 'Focus', '', 0),
(155, 'Omni', '', 0),
(156, 'Firefly', '', 0),
(157, 'Philips', '', 0),
(158, 'Masking tapes', '', 0),
(159, 'Cutting Disc', '', 0),
(160, 'Vulcazel', '', 0),
(161, 'Texscrew', '', 0),
(162, 'Revits', '', 0),
(163, 'Thinner', '', 0),
(164, 'Grout', '', 0),
(165, 'Adhesive cement', '', 0),
(166, 'Cup brush', '', 0),
(167, 'Nylon', '', 0),
(168, 'Compression fitting, SDR 11', '', 0),
(169, 'Garden hose', '', 0),
(170, 'Plastic screen - Green', '', 0),
(171, 'Welded wire', '', 0),
(172, 'Ordinary Plywood', '', 0),
(173, 'Marine plywood', '', 0),
(174, 'Plyboard', '', 0),
(175, 'Lawanit', '', 0),
(176, 'Hardiflex/ smartboard', '', 0),
(177, 'Domino', '', 0),
(178, 'Flatcord', '', 0),
(179, 'TW Wire', '', 0),
(180, 'THHN Wire', '', 0),
(181, 'PDX wire', '', 0),
(182, 'Aluminum wire', '', 0),
(183, 'Solid wire', '', 0),
(184, 'Auto wire', '', 0),
(185, 'Speaker wire', '', 0),
(186, 'Antenna wire', '', 0),
(187, 'Admix', '', 0),
(188, 'Neutralizer', '', 0),
(189, 'Door handle', '', 0),
(190, 'Ball Valve 1/2 / Gate valve', '', 0),
(191, 'Grease', '', 0),
(192, 'Tinting color', '', 0),
(193, 'Drill bit', '', 0),
(194, 'Gi fittings', '', 0),
(195, 'Pvc Fittings 1/2', '', 0),
(196, 'Wealcoat', '', 0),
(197, 'Wax', '', 0),
(198, 'Barb Wire', '', 0),
(199, 'Cyclone Wire', '', 0),
(200, 'Steel Matting', '', 0),
(201, 'Paint tray', '', 0),
(202, 'Concrete pail', '', 0),
(203, 'Key chain', '', 0),
(204, 'Rugby', '', 0),
(205, 'Laquer flo', '', 0),
(206, 'Hudson topcoat', '', 0),
(207, 'Panel box', '', 0),
(208, 'Lubricant oil', '', 0),
(209, 'lavatory faucet', '', 0),
(210, 'Strainer', '', 0),
(211, 'Padlock', '', 0),
(212, 'Gloves', '', 0),
(213, 'Pile / Limbas', '', 0),
(214, 'Secondary rack', '', 0),
(215, 'Steel tape', '', 0),
(216, 'hacksaw', '', 0),
(217, 'Wooden saw', '', 0),
(218, 'Extension bar', '', 0),
(219, 'angle valve', '', 0),
(220, 'Sand and gravel', '', 0),
(221, 'Solane', '', 0),
(222, 'card', '', 0);

-- --------------------------------------------------------

--
-- Table structure for table `change_orders`
--

CREATE TABLE IF NOT EXISTS `change_orders` (
  `co_id` int(11) NOT NULL AUTO_INCREMENT,
  `co_amount_total` decimal(15,2) DEFAULT NULL,
  `co_amount_tendered` decimal(15,2) DEFAULT NULL,
  `co_date` datetime DEFAULT NULL,
  `co_attended_by` int(11) DEFAULT NULL,
  `o_id` int(11) DEFAULT NULL,
  PRIMARY KEY (`co_id`)
) ENGINE=InnoDB  DEFAULT CHARSET=latin1 AUTO_INCREMENT=6 ;

--
-- Dumping data for table `change_orders`
--

INSERT INTO `change_orders` (`co_id`, `co_amount_total`, `co_amount_tendered`, `co_date`, `co_attended_by`, `o_id`) VALUES
(1, '80.00', '100.00', '2013-11-15 10:01:46', 3, 78),
(2, '-609.00', '3.00', '2013-12-21 17:03:48', 6, 700),
(3, '193.00', '500.00', '2014-01-13 09:51:15', 3, 957),
(4, '480.00', '500.00', '2014-01-17 15:51:41', 2, 1030),
(5, '-32.00', '0.00', '2014-01-17 15:52:54', 2, 1029);

-- --------------------------------------------------------

--
-- Table structure for table `change_order_details`
--

CREATE TABLE IF NOT EXISTS `change_order_details` (
  `cod_id` int(11) NOT NULL AUTO_INCREMENT,
  `cod_selling_price` decimal(15,2) DEFAULT NULL,
  `cod_purchase_price` decimal(15,2) DEFAULT NULL,
  `cod_discount` decimal(15,2) DEFAULT NULL,
  `cod_qty` decimal(15,2) DEFAULT NULL,
  `cod_vat` tinyint(1) DEFAULT NULL,
  `cod_type` varchar(1) DEFAULT NULL,
  `co_id` int(11) DEFAULT NULL,
  `i_id` int(11) DEFAULT NULL,
  PRIMARY KEY (`cod_id`)
) ENGINE=InnoDB  DEFAULT CHARSET=latin1 AUTO_INCREMENT=13 ;

--
-- Dumping data for table `change_order_details`
--

INSERT INTO `change_order_details` (`cod_id`, `cod_selling_price`, `cod_purchase_price`, `cod_discount`, `cod_qty`, `cod_vat`, `cod_type`, `co_id`, `i_id`) VALUES
(1, '42.00', '32.00', '2.00', '4.00', 0, 'O', 1, 1359),
(2, '62.50', '47.50', '2.50', '4.00', 0, 'N', 1, 1354),
(3, '218.00', '210.00', '1.00', '2.00', 0, 'O', 2, 107),
(4, '7.00', '5.00', '0.00', '100.00', 0, 'O', 2, 64),
(5, '7.00', '5.00', '0.00', '44.00', 0, 'N', 2, 64),
(6, '218.00', '210.00', '1.00', '1.00', 0, 'N', 2, 107),
(7, '282.00', '267.00', '0.00', '1.00', 0, 'O', 3, 90),
(8, '475.00', '440.00', '0.00', '1.00', 0, 'N', 3, 91),
(9, '62.50', '47.50', '2.50', '5.00', 0, 'O', 4, 1354),
(10, '78.00', '21.20', '0.00', '10.00', 0, 'N', 4, 599),
(11, '60.00', '38.00', '5.00', '2.00', 0, 'O', 5, 1393),
(12, '78.00', '21.20', '0.00', '1.00', 0, 'N', 5, 599);

-- --------------------------------------------------------

--
-- Table structure for table `credits`
--

CREATE TABLE IF NOT EXISTS `credits` (
  `cr_id` int(11) NOT NULL AUTO_INCREMENT,
  `cr_amount` decimal(15,2) DEFAULT NULL,
  `o_id` int(11) DEFAULT NULL,
  PRIMARY KEY (`cr_id`)
) ENGINE=InnoDB  DEFAULT CHARSET=latin1 AUTO_INCREMENT=173 ;

--
-- Dumping data for table `credits`
--

INSERT INTO `credits` (`cr_id`, `cr_amount`, `o_id`) VALUES
(1, '610.00', 167),
(2, '20.00', 170),
(3, '54.00', 171),
(4, '96.00', 180),
(5, '2170.00', 186),
(6, '1286.00', 205),
(7, '29050.00', 223),
(8, '2938.00', 233),
(9, '674.00', 234),
(10, '400.00', 241),
(11, '1602.00', 242),
(12, '382.00', 245),
(13, '770.00', 247),
(14, '192.00', 264),
(15, '868.00', 265),
(16, '3676.00', 266),
(17, '136.00', 267),
(18, '6460.00', 269),
(19, '5923.00', 272),
(20, '190.00', 276),
(21, '962.00', 277),
(22, '1650.00', 278),
(23, '17096.00', 290),
(24, '178.00', 295),
(25, '14648.00', 297),
(26, '7416.00', 299),
(27, '135.00', 301),
(28, '7941.00', 302),
(29, '157.50', 303),
(30, '590.00', 316),
(31, '1069.00', 322),
(32, '9880.00', 324),
(33, '1640.00', 325),
(34, '4750.00', 326),
(35, '1090.00', 330),
(36, '5262.00', 331),
(37, '636.00', 332),
(38, '9956.00', 337),
(39, '2242.00', 345),
(40, '2113.00', 346),
(41, '5386.50', 349),
(42, '250.00', 351),
(43, '4500.00', 352),
(44, '1356.00', 359),
(45, '1510.00', 361),
(46, '2050.00', 362),
(47, '3604.50', 363),
(48, '2117.00', 367),
(49, '4289.00', 370),
(50, '1400.00', 371),
(51, '367.00', 380),
(52, '1561.00', 391),
(53, '822.00', 397),
(54, '9850.00', 403),
(55, '29866.00', 413),
(56, '46216.00', 415),
(57, '17440.00', 417),
(58, '3320.00', 430),
(59, '6000.00', 432),
(60, '3231.00', 434),
(61, '17440.00', 435),
(62, '1956.00', 444),
(63, '135.00', 449),
(64, '308.00', 450),
(65, '6540.00', 451),
(66, '5668.00', 452),
(67, '3215.00', 457),
(68, '479.00', 465),
(69, '1250.00', 468),
(70, '9160.00', 469),
(71, '2180.00', 477),
(72, '2635.00', 479),
(73, '5528.00', 492),
(74, '420.00', 494),
(75, '7630.00', 508),
(76, '60200.00', 511),
(77, '1465.00', 514),
(78, '796.00', 522),
(79, '90.00', 523),
(80, '360.00', 531),
(81, '2516.00', 533),
(82, '99.00', 534),
(83, '27100.00', 535),
(84, '2180.00', 536),
(85, '758.00', 545),
(86, '699.00', 550),
(87, '4160.00', 552),
(88, '221.00', 553),
(89, '75.00', 558),
(90, '1800.00', 568),
(91, '687.00', 571),
(92, '2180.00', 572),
(93, '1560.00', 581),
(94, '789.00', 582),
(95, '744.00', 583),
(96, '882.00', 593),
(97, '1368.00', 614),
(98, '2186.00', 621),
(99, '1011.00', 622),
(100, '3773.00', 630),
(101, '5646.80', 631),
(102, '436.00', 634),
(103, '1220.00', 643),
(104, '14760.00', 644),
(105, '1580.00', 649),
(106, '3252.00', 653),
(107, '5154.00', 654),
(108, '27.00', 667),
(109, '1407.00', 671),
(110, '122.00', 677),
(111, '111.00', 678),
(112, '1656.00', 683),
(113, '60.00', 684),
(114, '144.00', 687),
(115, '1284.00', 688),
(116, '2584.00', 714),
(117, '6418.00', 715),
(118, '2180.00', 739),
(119, '7525.00', 755),
(120, '1040.00', 756),
(121, '3052.00', 757),
(122, '1526.00', 764),
(123, '8283.95', 770),
(124, '503.00', 775),
(125, '3086.00', 776),
(126, '2250.00', 779),
(127, '4520.00', 781),
(128, '300.00', 794),
(129, '1160.00', 796),
(130, '2250.00', 799),
(131, '4300.00', 821),
(132, '4300.00', 822),
(133, '3500.00', 824),
(134, '7420.00', 826),
(135, '16831.00', 828),
(136, '519.00', 831),
(137, '163.25', 832),
(138, '9388.00', 834),
(139, '3270.00', 836),
(140, '206.00', 841),
(141, '2480.00', 842),
(142, '3500.00', 852),
(143, '2030.00', 853),
(144, '9500.00', 855),
(145, '2180.00', 863),
(146, '350.00', 873),
(147, '23275.00', 874),
(148, '2279.00', 883),
(149, '1300.00', 884),
(150, '5380.00', 903),
(151, '3488.00', 906),
(152, '5982.00', 907),
(153, '7121.00', 913),
(154, '9100.00', 915),
(155, '4140.00', 916),
(156, '612.00', 918),
(157, '13173.00', 923),
(158, '3800.00', 927),
(159, '62.75', 931),
(160, '3492.00', 943),
(161, '5450.00', 954),
(162, '70.00', 959),
(163, '5063.00', 960),
(164, '407.00', 977),
(165, '528.00', 981),
(166, '75.00', 987),
(167, '1105.00', 992),
(168, '8600.00', 998),
(169, '1308.00', 999),
(170, '2180.00', 1001),
(171, '1690.00', 1021),
(172, '1879.00', 1022);

-- --------------------------------------------------------

--
-- Table structure for table `credit_payments`
--

CREATE TABLE IF NOT EXISTS `credit_payments` (
  `crp_id` int(11) NOT NULL AUTO_INCREMENT,
  `crp_amount_payed` decimal(15,2) DEFAULT NULL,
  `crp_amount_tendered` decimal(15,2) DEFAULT NULL,
  `crp_date` datetime DEFAULT NULL,
  `crp_attended_by` int(11) DEFAULT NULL,
  `cr_id` int(11) DEFAULT NULL,
  PRIMARY KEY (`crp_id`)
) ENGINE=InnoDB  DEFAULT CHARSET=latin1 AUTO_INCREMENT=80 ;

--
-- Dumping data for table `credit_payments`
--

INSERT INTO `credit_payments` (`crp_id`, `crp_amount_payed`, `crp_amount_tendered`, `crp_date`, `crp_attended_by`, `cr_id`) VALUES
(8, '54.00', '60.00', '2013-11-19 18:16:34', 2, 3),
(9, '1286.00', '1286.00', '2013-11-21 15:44:09', 3, 6),
(10, '868.00', '868.00', '2013-11-25 09:52:54', 2, 15),
(11, '7416.00', '7416.00', '2013-11-26 12:00:17', 3, 26),
(12, '157.50', '157.50', '2013-11-26 12:17:49', 2, 29),
(13, '7941.00', '7941.00', '2013-11-26 12:18:15', 2, 28),
(14, '14648.00', '14648.00', '2013-11-26 12:18:38', 2, 25),
(15, '60.00', '60.00', '2013-11-27 11:09:32', 2, 24),
(16, '60.00', '60.00', '2013-11-27 15:15:13', 2, 24),
(17, '5262.00', '5300.00', '2013-11-27 17:14:57', 2, 36),
(18, '58.00', '58.00', '2013-11-28 16:21:20', 2, 24),
(19, '4289.00', '4289.00', '2013-12-02 17:03:35', 3, 49),
(20, '250.00', '250.00', '2013-12-02 17:06:03', 3, 42),
(21, '2242.00', '2242.00', '2013-12-02 17:07:00', 3, 39),
(22, '822.00', '1000.00', '2013-12-03 16:40:40', 6, 53),
(23, '1956.00', '1956.00', '2013-12-04 17:36:48', 6, 62),
(24, '1356.00', '1356.00', '2013-12-04 17:39:12', 6, 44),
(25, '10000.00', '10000.00', '2013-12-09 16:33:03', 6, 83),
(26, '5923.00', '5923.00', '2013-12-09 16:57:27', 2, 19),
(27, '758.00', '758.00', '2013-12-13 16:46:38', 6, 85),
(28, '17100.00', '17100.00', '2013-12-14 07:53:11', 2, 83),
(29, '2635.00', '2635.00', '2013-12-14 07:53:40', 2, 72),
(30, '136.00', '136.00', '2013-12-14 07:54:16', 2, 17),
(31, '96.00', '96.00', '2013-12-14 08:42:43', 2, 4),
(32, '1700.00', '1700.00', '2013-12-14 09:31:10', 2, 87),
(33, '90.00', '90.00', '2013-12-14 13:50:28', 2, 79),
(34, '1465.00', '1465.00', '2013-12-14 13:50:49', 2, 77),
(35, '3215.00', '3215.00', '2013-12-14 13:51:59', 2, 67),
(36, '9850.00', '9850.00', '2013-12-14 13:52:17', 2, 54),
(37, '6000.00', '6000.00', '2013-12-14 13:52:48', 2, 59),
(38, '744.00', '1000.00', '2013-12-18 08:51:59', 2, 95),
(39, '882.00', '882.00', '2013-12-19 15:15:06', 2, 96),
(40, '4000.00', '4000.00', '2013-12-19 16:25:25', 2, 107),
(41, '122.00', '122.00', '2013-12-20 08:34:06', 6, 110),
(42, '1284.00', '1284.00', '2013-12-20 17:19:47', 6, 115),
(43, '2186.00', '2186.00', '2013-12-20 17:20:04', 6, 98),
(44, '1011.00', '1011.00', '2013-12-20 18:04:23', 2, 99),
(45, '2516.00', '2516.00', '2013-12-20 18:05:05', 2, 81),
(46, '2050.00', '2050.00', '2013-12-20 18:05:36', 2, 46),
(47, '3773.00', '3773.00', '2013-12-21 17:05:15', 6, 100),
(48, '6418.00', '6418.00', '2013-12-26 13:10:09', 2, 117),
(49, '420.00', '420.00', '2013-12-26 16:48:10', 2, 74),
(50, '590.00', '590.00', '2013-12-26 16:52:30', 2, 30),
(51, '1580.00', '1580.00', '2013-12-30 08:53:56', 2, 105),
(52, '1220.00', '1220.00', '2013-12-30 17:16:04', 2, 103),
(53, '2000.00', '2000.00', '2014-01-02 10:46:57', 2, 125),
(54, '1800.00', '1800.00', '2014-01-02 13:15:43', NULL, 90),
(55, '3604.50', '3604.50', '2014-01-03 17:55:50', 3, 47),
(56, '500.00', '500.00', '2014-01-06 09:03:44', 2, 129),
(57, '1086.00', '1086.00', '2014-01-06 09:04:08', 2, 125),
(58, '111.00', '111.00', '2014-01-06 09:24:49', 2, 111),
(59, '400.00', '400.00', '2014-01-06 15:59:10', 2, 10),
(60, '1602.00', '1602.00', '2014-01-06 15:59:23', 2, 11),
(61, '2170.00', '2170.00', '2014-01-06 15:59:36', 2, 5),
(62, '1650.00', '1650.00', '2014-01-06 15:59:51', 2, 22),
(63, '4750.00', '4750.00', '2014-01-06 16:00:13', 2, 34),
(64, '5386.50', '5386.50', '2014-01-06 16:01:10', 2, 41),
(65, '770.00', '770.00', '2014-01-08 11:25:35', 2, 13),
(66, '192.00', '192.00', '2014-01-08 11:25:50', 2, 14),
(67, '60.00', '60.00', '2014-01-08 11:27:57', 2, 113),
(68, '99.00', '99.00', '2014-01-08 11:28:25', 2, 82),
(69, '221.00', '221.00', '2014-01-08 11:28:36', 2, 88),
(70, '1510.00', '1510.00', '2014-01-08 11:28:56', 2, 45),
(71, '206.00', '206.00', '2014-01-11 10:25:38', 2, 140),
(72, '62.75', '62.75', '2014-01-11 11:30:10', 2, 159),
(73, '2000.00', '2000.00', '2014-01-13 09:06:47', 2, 148),
(74, '2938.00', '2938.00', '2014-01-16 15:22:16', 2, 8),
(75, '674.00', '674.00', '2014-01-16 15:22:35', 2, 9),
(76, '6460.00', '6460.00', '2014-01-16 15:23:13', 2, 18),
(77, '2117.00', '2117.00', '2014-01-16 15:23:42', 2, 48),
(78, '1400.00', '1400.00', '2014-01-16 15:24:28', 2, 50),
(79, '1690.00', '1690.00', '2014-01-17 08:07:03', 2, 171);

-- --------------------------------------------------------

--
-- Table structure for table `employees`
--

CREATE TABLE IF NOT EXISTS `employees` (
  `e_id` int(11) NOT NULL AUTO_INCREMENT,
  `e_fname` varchar(50) DEFAULT NULL,
  `e_lname` varchar(50) DEFAULT NULL,
  `e_mname` varchar(50) DEFAULT NULL,
  `e_username` varchar(20) DEFAULT NULL,
  `e_password` varchar(32) DEFAULT NULL,
  `mug_id` int(11) DEFAULT NULL,
  `is_deleted` tinyint(1) DEFAULT '0',
  PRIMARY KEY (`e_id`)
) ENGINE=InnoDB  DEFAULT CHARSET=latin1 AUTO_INCREMENT=8 ;

--
-- Dumping data for table `employees`
--

INSERT INTO `employees` (`e_id`, `e_fname`, `e_lname`, `e_mname`, `e_username`, `e_password`, `mug_id`, `is_deleted`) VALUES
(1, 'Super', 'Admin', '', 'leolox69', '33211b33126f960217628212b51d9b13', 1, 0),
(2, 'Mario', 'Lantaca', 'C', 'admin', 'b3873a25e318ea9d3e523b4fd3969874', 2, 0),
(3, 'Roy', 'Lantaca', 'Ligan', 'royblue4', 'fc6e8a8b3ca9c7b884812fc385336aa0', 2, 0),
(4, 'Weszel', 'Ellevera', 'Saclote', 'trickeszel', '6ce6004178bcc359916573458a1a13d2', 4, 1),
(5, 'Danilyn', 'Garzo', 'Batucan', 'Inday', '21232f297a57a5a743894a0e4a801fc3', 4, 0),
(6, 'Rishel Mae', 'Pantallano', 'Besinga', 'Maymay', 'e10adc3949ba59abbe56e057f20f883e', 4, 1),
(7, 'Maymay', 'Pantallano', 'Besinga', 'Rishel', 'cdb63e6a1a08307c6c44354aa37972b7', 4, 0);

-- --------------------------------------------------------

--
-- Table structure for table `items`
--

CREATE TABLE IF NOT EXISTS `items` (
  `i_id` int(11) NOT NULL AUTO_INCREMENT,
  `i_name` varchar(100) DEFAULT NULL,
  `i_attribute` varchar(20) DEFAULT NULL,
  `i_description` text,
  `i_selling_price` decimal(15,2) DEFAULT NULL,
  `i_purchase_price` decimal(15,2) DEFAULT NULL,
  `i_vat` tinyint(1) DEFAULT '0',
  `i_reorder_level` decimal(15,2) DEFAULT NULL,
  `c_id` int(11) DEFAULT NULL,
  `u_id` int(11) DEFAULT NULL,
  `s_id` int(11) DEFAULT NULL,
  `is_deleted` tinyint(1) DEFAULT '0',
  PRIMARY KEY (`i_id`)
) ENGINE=InnoDB  DEFAULT CHARSET=latin1 AUTO_INCREMENT=1868 ;

--
-- Dumping data for table `items`
--

INSERT INTO `items` (`i_id`, `i_name`, `i_attribute`, `i_description`, `i_selling_price`, `i_purchase_price`, `i_vat`, `i_reorder_level`, `c_id`, `u_id`, `s_id`, `is_deleted`) VALUES
(1, 'Boysen 1G-C', 'Flatwall Enamel', '', '580.00', '10.00', 0, '10.00', 38, 6, 2, 1),
(2, 'Boysen 1G-C', 'Flat Latex', '', '513.00', '10.00', 0, '10.00', 38, 6, 2, 1),
(3, 'Boysen 1G-C', 'Gloss Latex', '', '596.00', '10.00', 0, '10.00', 38, 6, 2, 1),
(4, 'Boysen 1G-C', 'QDE', '', '634.00', '10.00', 0, '10.00', 38, 6, 2, 1),
(5, 'Boysen 1G-C', 'Glazing Putty', '', '595.00', '10.00', 0, '10.00', 38, 6, 2, 1),
(6, 'Boysen 1G-C', 'Semi-Gloss Latex', '', '618.00', '10.00', 0, '10.00', 38, 6, 2, 1),
(7, 'Boysen 1G-C', 'Roofgard', '', '566.00', '10.00', 0, '10.00', 38, 6, 2, 1),
(8, 'Boysen Flatwall Enamel (G)', 'White', '', '580.00', '530.00', 0, '10.00', 62, 6, 1, 0),
(9, 'Boysen Flat Latex (G)', 'White', '', '513.00', '473.00', 0, '10.00', 63, 6, 1, 0),
(10, 'Boysen Gloss Latex (G)', 'White', '', '596.00', '556.00', 0, '10.00', 64, 6, 1, 0),
(11, 'Boysen QDE (G)', 'White', '', '634.00', '584.00', 0, '10.00', 60, 6, 1, 0),
(12, 'Boysen Glazing Putty (G)', 'White', '', '595.00', '595.00', 0, '10.00', 65, 6, 1, 0),
(13, 'Boysen Semi-Gloss Latex (G)', 'White', '', '618.00', '556.00', 0, '10.00', 66, 6, 1, 0),
(14, 'Boysen Roofgard (G)', 'Roofgard', '', '566.00', '566.00', 0, '10.00', 67, 6, 1, 0),
(15, 'Boysen 1L-C', 'Flatwall Enamel', '', '171.00', '10.00', 0, '10.00', 39, 7, 2, 1),
(16, 'Boysen 1L-C', 'Flatwall Latex', '', '150.00', '10.00', 0, '10.00', 39, 7, 2, 1),
(17, 'Boysen 1L-C', 'Gloss Latex', '', '171.00', '10.00', 0, '10.00', 39, 7, 2, 1),
(18, 'Boysen 1L-C', 'QDE', '', '177.00', '10.00', 0, '10.00', 39, 7, 2, 1),
(19, 'Boysen 1L-C', 'Semi-Gloss Latex', '', '171.00', '10.00', 0, '10.00', 39, 7, 2, 1),
(20, 'Boysen Flatwall Enamel (L)', 'White', '', '171.00', '171.00', 0, '10.00', 62, 7, 1, 0),
(21, 'Boysen Flat Latex (L)', 'White', '', '150.00', '130.00', 0, '10.00', 63, 7, 1, 0),
(22, 'Boysen Gloss Latex (L)', 'White', '', '171.00', '151.00', 0, '10.00', 64, 7, 1, 0),
(23, 'Boysen QDE (L)', 'White', '', '177.00', '157.00', 0, '10.00', 60, 7, 1, 0),
(24, 'Boysen Semi-Gloss Latex (L)', 'White', '', '171.00', '171.00', 0, '10.00', 66, 7, 1, 0),
(25, 'Triton 1G-C', 'Flatwall Enamel', '', '506.00', '10.00', 0, '10.00', 40, 6, 2, 1),
(26, 'Triton 1G-C', 'Flat Latex', '', '460.00', '10.00', 0, '10.00', 40, 6, 2, 1),
(27, 'Triton 1G-C', 'Gloss Latex', '', '565.00', '10.00', 0, '10.00', 40, 6, 2, 1),
(28, 'Triton 1G-C', 'QDE', '', '551.00', '10.00', 0, '10.00', 40, 6, 2, 1),
(29, 'Triton 1G-C', 'Red Lead', '', '541.00', '10.00', 0, '10.00', 40, 6, 2, 1),
(30, 'Triton 1G-C', 'Metal Primer', '', '407.00', '10.00', 0, '10.00', 40, 6, 2, 1),
(31, 'Triton Flatwall Enamel (G) - White', 'White', '', '506.00', '451.00', 0, '10.00', 62, 6, 1, 0),
(32, 'Triton Flat Latex (G) - White', 'White', '', '400.00', '366.00', 0, '10.00', 63, 6, 2, 0),
(33, 'Triton Gloss Latex (G) - White', 'White', '', '565.00', '515.00', 0, '10.00', 64, 6, 3, 0),
(34, 'Triton QDE (G) - White', '', '', '551.00', '501.00', 0, '10.00', 60, 6, 1, 0),
(35, 'Triton Red Lead (G)', '', '', '541.00', '491.00', 0, '10.00', 69, 6, 2, 0),
(36, 'Triton Metal Primer (G) - Red Oxide', 'Red Oxide', '', '407.00', '357.00', 0, '10.00', 70, 6, 1, 0),
(37, 'Triton 1L-C', 'Flatwall Enamel', '', '148.00', '10.00', 0, '10.00', 39, 7, 2, 1),
(38, 'Triton 1L-C', 'Flat Latex', '', '128.00', '10.00', 0, '10.00', 41, 7, 2, 1),
(39, 'Triton 1L-C', 'Gloss Latex', '', '167.00', '10.00', 0, '10.00', 41, 7, 2, 1),
(40, 'Triton 1L-C', 'QDE White', '', '161.00', '10.00', 0, '10.00', 41, 7, 2, 1),
(41, 'Triton 1L-C', 'Red Lead', '', '161.00', '10.00', 0, '10.00', 41, 7, 2, 1),
(42, 'Triton 1L-C', 'Metal Primer', '', '124.00', '10.00', 0, '10.00', 41, 7, 2, 1),
(43, 'Triton Flatwall Enamel (L) - White', 'White', NULL, '148.00', '123.00', 0, '10.00', 62, 7, 2, 0),
(44, 'Triton Flat Latex (L) - White', 'White', NULL, '125.00', '103.00', 0, '10.00', 63, 7, 10, 0),
(45, 'Triton Gloss Latex (L) - White', 'White', NULL, '167.00', '167.00', 0, '10.00', 64, 7, 2, 0),
(46, 'Triton QDE (L) - White', 'White', NULL, '161.00', '136.00', 0, '10.00', 60, 7, 1, 0),
(47, 'Triton Red Lead (L) - Red Lead', 'Red Lead', NULL, '161.00', '136.00', 0, '10.00', 69, 7, 2, 0),
(48, 'Triton Metal Primer (L) - Metal Primer', 'Metal Primer', NULL, '124.00', '99.00', 0, '10.00', 70, 7, 2, 0),
(49, 'Triton QDE (L)-C', 'California Orange', NULL, '123.50', '10.00', 0, '10.00', 42, 7, 2, 1),
(50, 'Triton QDE (L)-C', 'Sun Yellow', NULL, '166.00', '10.00', 0, '10.00', 42, 7, 2, 1),
(51, 'Triton QDE (L)-C', 'Pink', NULL, '166.00', '10.00', 0, '10.00', 42, 7, 2, 1),
(52, 'Triton QDE (L)-C', 'Mahogany', NULL, '160.00', '10.00', 0, '10.00', 42, 7, 2, 1),
(53, 'Triton QDE (L)-C', 'Beige', NULL, '166.00', '10.00', 0, '10.00', 42, 7, 2, 1),
(54, 'Triton QDE (L)-C', 'Choco Brown', NULL, '148.00', '10.00', 0, '10.00', 42, 7, 2, 1),
(55, 'Triton QDE (L) - California Orange', 'California Orange', NULL, '123.50', '110.00', 0, '10.00', 60, 7, 3, 0),
(56, 'Triton QDE (L) - Sun Yellow', 'Sun Yellow', NULL, '166.00', '10.00', 0, '10.00', 60, 7, 10, 0),
(57, 'Triton QDE (L) - Pink', 'Pink', NULL, '166.00', '10.00', 0, '10.00', 60, 7, 10, 0),
(58, 'Triton QDE (L) - Mahogany', 'Mahogany', NULL, '160.00', '10.00', 0, '10.00', 60, 7, 2, 0),
(59, 'Triton QDE (L) - Beige', 'Beige', NULL, '166.00', '143.50', 0, '10.00', 60, 7, 10, 0),
(60, 'Triton QDE (L) - Choco Brown', 'Choco Brown', NULL, '148.00', '118.00', 0, '10.00', 60, 7, 10, 0),
(61, 'PDX #14', '', NULL, '1980.00', '10.00', 0, '10.00', 29, 4, 4, 0),
(62, 'PDX #14', 'per meter', NULL, '32.00', '10.00', 0, '10.00', 117, 4, 3, 0),
(63, 'Sand and Gravel', '', NULL, '1300.00', '500.00', 0, '3.00', 48, 8, 3, 0),
(64, 'CHB #4', '1', NULL, '7.00', '5.00', 0, '1500.00', 50, 2, 5, 0),
(65, 'tenzen tiles', '', NULL, '32.00', '28.00', 0, '50.00', 51, 2, 7, 0),
(66, 'tenzen', 'white', NULL, '32.00', '28.00', 0, '50.00', 51, 2, 8, 0),
(67, 'Sherlux all  Purpose Medium Blue', 'Medium Blue', NULL, '100.00', '78.00', 0, '6.00', 53, 5, 4, 0),
(68, 'Sherlux All Purpose Red', 'Red', NULL, '100.00', '78.00', 0, '6.00', 53, 5, 4, 0),
(69, 'Sherlux All Purpose Black', 'Black', NULL, '100.00', '78.00', 0, '6.00', 53, 5, 4, 0),
(70, 'Sherlux All Purpose White', 'White', NULL, '100.00', '78.00', 0, '6.00', 53, 5, 4, 0),
(71, 'Sherlux All Purpose Leaf  Green', 'Leaf  Green', NULL, '100.00', '78.00', 0, '5.00', 53, 5, 4, 0),
(72, 'Sherlux All Purpose Light Green', 'Light Green', NULL, '100.00', '78.00', 0, '5.00', 53, 5, 4, 0),
(73, 'Sherlux All Purpose Silver', '', NULL, '100.00', '78.00', 0, '5.00', 53, 5, 4, 0),
(74, 'Sherlux', 'Art Yellow', NULL, '100.00', '78.00', 0, '5.00', 53, 2, 4, 1),
(75, 'Sherlux All Purpose Art Yellow', 'Art Yellow', NULL, '100.00', '78.00', 0, '5.00', 53, 5, 4, 0),
(76, 'Sherlux  Gold Effect Bright Green', 'Bright Green', NULL, '100.00', '78.00', 0, '5.00', 53, 5, 4, 0),
(77, 'Base Board', '1x4x8', NULL, '145.00', '120.00', 0, '10.00', 128, 2, 55, 0),
(78, 'Superlume .4X8', '', NULL, '240.00', '224.00', 0, '20.00', 98, 2, 63, 0),
(79, 'Superlume .4X10', '', NULL, '300.00', '280.00', 0, '20.00', 98, 2, 7, 0),
(80, 'Superlume .4X12', '', NULL, '372.00', '336.00', 0, '20.00', 98, 2, 63, 0),
(81, 'Superlume 26x10', '', NULL, '199.00', '185.00', 1, '20.00', 98, 2, 63, 0),
(82, 'Galvamet 31x8', '31x8', NULL, '138.00', '124.00', 0, '20.00', 56, 2, 2, 0),
(83, 'Galvamet 31x10', '31x10', NULL, '170.00', '155.00', 0, '20.00', 56, 2, 2, 0),
(84, 'Galvamet 31x12', '31x12', NULL, '203.00', '186.00', 0, '20.00', 56, 2, 2, 0),
(85, 'Tamaraw 26x8', '26x8', NULL, '156.00', '140.00', 0, '20.00', 56, 2, 1, 0),
(86, 'Tamaraw 26x10', '26x10', NULL, '195.00', '175.00', 0, '20.00', 56, 2, 1, 0),
(87, 'Tamaraw 26x12', '26x12', NULL, '232.00', '210.00', 0, '20.00', 56, 2, 1, 0),
(88, 'Ordinary Plywood 1/8', '1/8x4x8', NULL, '180.00', '160.00', 0, '20.00', 3, 2, 20, 0),
(89, 'Ordinary Plywood 3/16', '3/16x4x8', NULL, '254.00', '230.00', 0, '15.00', 3, 2, 2, 0),
(90, 'Ordinary Plywood 1/4', '1/4x4x8', NULL, '282.00', '260.00', 0, '15.00', 3, 2, 20, 0),
(91, 'Ordinary Plywood 1/2', '1/2x4x8', NULL, '475.00', '440.00', 0, '10.00', 3, 2, 2, 0),
(92, 'Ordinary Plywood 3/4', '3/4x4x8', NULL, '815.00', '765.00', 0, '10.00', 3, 2, 2, 0),
(93, 'Marine Plywood 1/4', '1/4x4x8', NULL, '310.00', '290.00', 0, '20.00', 3, 2, 20, 0),
(94, 'Marine Plywood 1/2', '1/2x4x8', NULL, '600.00', '540.00', 0, '5.00', 3, 2, 20, 0),
(95, 'Marine Plywood 3/4', '3/4x4x8', NULL, '950.00', '920.00', 0, '10.00', 3, 2, 1, 0),
(96, 'Plyboard 3/4', '3/4x4x8', NULL, '790.00', '750.00', 0, '5.00', 3, 2, 7, 0),
(97, 'Lawanit', '3/16x4x8', NULL, '230.00', '215.00', 0, '10.00', 46, 2, 2, 0),
(98, 'Smart Board 3/16', '4.5mm 4x8ft', NULL, '355.00', '320.00', 0, '10.00', 46, 2, 9, 0),
(99, 'Smart Board 1/4', '3.5mm 4x8ft.', NULL, '410.00', '380.00', 0, '10.00', 46, 2, 9, 0),
(100, 'Mayon Portland', 'Cement', NULL, '216.00', '210.00', 0, '50.00', 57, 3, 10, 0),
(101, 'Lafarge Portland Cement', '', NULL, '226.00', '218.00', 0, '50.00', 57, 3, 8, 0),
(102, 'Lafarge Pozzolan Cement', '', NULL, '218.00', '213.00', 0, '50.00', 57, 3, 10, 0),
(103, 'Tamaraw Plain Sheet 26x8', '26x8', NULL, '156.00', '144.00', 0, '10.00', 56, 2, 2, 0),
(104, 'Tamaraw Plain Sheet 31x8', '31x8', NULL, '145.00', '124.00', 0, '10.00', 96, 2, 2, 0),
(105, 'Plain Sheet 0.30mmx8ft', '0.30mmx8', NULL, '155.00', '138.00', 0, '10.00', 56, 2, 3, 0),
(106, 'Plain Sheet Superlume .4x8', '', NULL, '267.00', '252.00', 0, '10.00', 98, 2, 7, 0),
(107, 'Grand Portland Cement', '', NULL, '218.00', '210.00', 0, '50.00', 57, 3, 8, 0),
(108, 'Common Wire Nails #4', '', NULL, '51.00', '34.00', 0, '48.00', 108, 1, 7, 0),
(109, 'Common Wire Nails #2', '', NULL, '56.00', '37.60', 0, '48.00', 108, 1, 7, 0),
(110, 'Common  Wire Nails #1 1/2', '', NULL, '58.00', '40.00', 0, '48.00', 108, 1, 7, 0),
(111, 'Common Wire Nails #1', '#1', NULL, '60.00', '42.40', 0, '48.00', 108, 1, 7, 0),
(112, 'Common Wire Nails #2 1/2', '#2 1/2', NULL, '56.00', '37.60', 0, '48.00', 108, 1, 7, 0),
(113, 'Common Wire Nails #3', '#3', NULL, '53.00', '35.50', 0, '48.00', 108, 1, 9, 0),
(114, 'Hardie Nails #1 1/4x25', '#1 1/4x25', NULL, '105.00', '81.25', 0, '48.00', 108, 1, 1, 0),
(115, 'Umbrella Nails #2', '#2', NULL, '75.00', '58.00', 0, '48.00', 46, 1, 7, 0),
(116, 'Umbrella Nails # 2 1/2', '#2 1/2', NULL, '75.00', '58.00', 0, '48.00', 46, 1, 7, 0),
(117, 'Square Bar 12mm (W)', '3kg', NULL, '160.00', '107.00', 0, '5.00', 11, 9, 1, 0),
(118, 'Deform Bar 12mm', '12mmx6m', NULL, '185.00', '170.00', 0, '100.00', 11, 9, 20, 0),
(119, 'Deform Bar 10mm', '10mmx6m', NULL, '130.00', '118.00', 0, '100.00', 11, 9, 20, 0),
(120, 'Square Bar 10mm (Y)', '', NULL, '175.00', '152.35', 0, '5.00', 11, 9, 1, 0),
(121, 'Concrete Nails #4', '#4', NULL, '100.00', '69.00', 0, '48.00', 108, 1, 3, 0),
(122, 'Fashener', '', NULL, '120.00', '109.00', 0, '48.00', 46, 1, 2, 0),
(123, 'Deform Bar 16mm', '16mmx6m', NULL, '332.00', '315.00', 0, '100.00', 11, 9, 20, 0),
(124, 'Deform Bar 7mm', '1.2kg', NULL, '48.00', '40.00', 0, '100.00', 11, 9, 20, 0),
(125, 'Deform Bar 8mm', '', NULL, '48.00', '35.00', 1, '100.00', 11, 9, 20, 0),
(126, 'Angle Bar 1/8x1 (Red)', '3.5 kg (red)', NULL, '162.00', '128.70', 0, '100.00', 9, 9, 20, 0),
(127, 'Triton QDE (L) - Mandarine Red', 'Mandarine Red', NULL, '154.00', '138.00', 0, '5.00', 60, 7, 10, 0),
(128, 'Triton QDE (L) - Pal Orange', 'Pal Orange', NULL, '165.00', '154.00', 0, '5.00', 60, 7, 10, 0),
(129, 'Triton  Latex (L) - Nassau Green', 'Nassau Green', NULL, '124.00', '99.00', 0, '5.00', 61, 7, 12, 0),
(130, 'Triton Latex (L) - Sun Shine Yellow', 'Sun Shine Yellow', NULL, '133.00', '111.00', 0, '5.00', 61, 7, 10, 0),
(131, 'Lotus Black', '', NULL, '17.00', '7.00', 0, '5.00', 72, 10, 10, 0),
(132, 'Lotus White', '', NULL, '17.00', '7.00', 0, '5.00', 72, 10, 10, 0),
(133, 'Lotus Green', '', NULL, '17.00', '7.00', 0, '5.00', 72, 10, 10, 0),
(134, 'Lotus Yellow', '', NULL, '17.00', '7.00', 0, '5.00', 72, 10, 10, 0),
(135, 'Lotus Red', '', NULL, '17.00', '7.00', 0, '5.00', 72, 10, 10, 0),
(136, 'Lotus Blue', '', NULL, '17.00', '7.00', 0, '5.00', 72, 10, 10, 0),
(137, 'Lotus Peach', '', NULL, '17.00', '7.00', 0, '5.00', 72, 10, 10, 0),
(138, 'Lotus Orange', '', NULL, '17.00', '7.00', 0, '5.00', 72, 10, 10, 0),
(139, 'Lotus Pink', '', NULL, '17.00', '7.00', 0, '5.00', 72, 10, 10, 0),
(140, 'Lotus Brown', '', NULL, '17.00', '7.00', 0, '5.00', 72, 10, 10, 0),
(141, 'Triton T/C Oil  (1/4L) - Pthalo Green', 'Pthalo Green', NULL, '100.00', '82.00', 0, '5.00', 75, 11, 10, 0),
(142, 'Triton T/C Oil  (1/4L) - Pthalo Blue', 'Pthalo Blue', NULL, '100.00', '88.00', 0, '5.00', 75, 11, 10, 0),
(143, 'Triton T/C Oil (1/4L) - Bulletin Red', 'Bulletin Red', NULL, '110.00', '82.00', 0, '5.00', 75, 11, 10, 0),
(144, 'Triton T/C Oil (1/4L) - Orange', 'Orange', NULL, '130.00', '117.00', 0, '5.00', 75, 11, 10, 0),
(145, 'Triton T/C Oil (1/4L) - Venetian Red', 'Venetian Red', NULL, '70.00', '59.00', 0, '5.00', 75, 11, 10, 0),
(146, 'Triton T/C Oil (1/4L) - Raw Siennia', 'Raw Siennia', NULL, '70.00', '59.00', 0, '5.00', 75, 11, 10, 0),
(147, 'Triton T/C Oil (1/4L) - Lamp Black', 'Lamp Black', NULL, '70.00', '59.00', 0, '5.00', 75, 11, 10, 0),
(148, 'Triton T/C Oil (1/4L) - Hansa Yellow', 'Hansa Yellow', NULL, '100.00', '97.00', 0, '5.00', 75, 11, 10, 0),
(149, 'Triton T/C Latex - Taluodine Red', 'Taluodine Red', NULL, '50.00', '39.00', 0, '5.00', 73, 11, 12, 1),
(150, 'Triton  Metal Primer - Red Oxide', 'Red Oxide', NULL, '60.00', '37.00', 0, '10.00', 70, 11, 1, 0),
(151, 'Triton Red  Lead 1/4L - Red Lead', 'Red Lead', NULL, '70.00', '50.00', 0, '10.00', 69, 11, 12, 0),
(152, 'CES Lacquer Thinner (G)', 'Lacquer Thinner', NULL, '265.00', '235.00', 0, '6.00', 46, 6, 12, 0),
(153, 'CES Paint Thinner (G)', 'Paint  Thinner', NULL, '260.00', '210.00', 0, '10.00', 46, 6, 12, 0),
(154, 'Mayon Lacquer Thinner (G)', '', NULL, '410.00', '360.00', 0, '10.00', 46, 6, 2, 0),
(155, 'Apollo - Sanding Sealer (G)', '', NULL, '560.00', '505.00', 0, '10.00', 46, 6, 1, 0),
(156, 'Lacquer Flo (G)', '', NULL, '539.00', '519.00', 0, '10.00', 46, 6, 2, 0),
(157, 'Timberguard (G)', '', NULL, '856.00', '806.00', 0, '10.00', 46, 6, 2, 0),
(158, 'Solignum (G)', '', NULL, '1172.00', '1022.00', 0, '2.00', 46, 6, 10, 0),
(159, 'Valspar', '', NULL, '795.00', '362.00', 0, '10.00', 46, 6, 10, 0),
(160, 'Vulca Seal (L)', '', NULL, '443.00', '341.00', 0, '12.00', 46, 7, 10, 0),
(161, 'Rugby 20ml', '', NULL, '15.00', '10.00', 0, '10.00', 46, 5, 12, 0),
(162, 'CES Paint Thinner (B)', '', NULL, '37.00', '30.00', 0, '10.00', 46, 5, 1, 0),
(163, 'GI Clear Gloss (B)', '', NULL, '43.00', '37.50', 0, '10.00', 46, 5, 10, 0),
(164, 'Mayon Lacquer Thinner (B)', '', NULL, '48.00', '26.25', 0, '10.00', 46, 5, 10, 0),
(165, 'Apollo - Sanding Sealer (B)', '', NULL, '61.00', '45.00', 0, '10.00', 46, 5, 1, 0),
(166, 'GI Lacquer Flo (b)', '', NULL, '61.00', '45.00', 0, '10.00', 46, 5, 10, 0),
(167, 'Rain  Or Shine - Nicole Pink (G)', 'Nicole Pink', NULL, '555.00', '515.00', 0, '1.00', 76, 6, 3, 0),
(168, 'Rain  Or Shine - Pistacio (G)', 'Pistacio', NULL, '555.00', '515.00', 0, '1.00', 76, 6, 3, 0),
(169, 'Rain  Or Shine - Tile Red (G)', 'Tile Red', NULL, '535.00', '495.00', 0, '1.00', 76, 6, 3, 0),
(170, 'Rain  Or Shine - Happy Days (G)', 'Happy Days', NULL, '555.00', '515.00', 0, '1.00', 76, 6, 3, 0),
(171, 'Rain  Or Shine - Safari Brown (G)', 'Safari Brown', NULL, '545.00', '505.00', 0, '1.00', 76, 6, 3, 0),
(172, 'Rain  Or Shine - Asian Green (G)', 'Asian Green', NULL, '545.00', '505.00', 0, '1.00', 76, 6, 34, 0),
(173, 'Rain  Or Shine - Terra Cotta (G)', 'Terra Cotta', NULL, '555.00', '515.00', 0, '1.00', 76, 6, 3, 0),
(174, 'Rain  Or Shine - Violet (G)', 'Violet', NULL, '555.00', '515.00', 0, '1.00', 76, 6, 3, 0),
(175, 'Rain  Or Shine - Ivory (G)', 'Ivory', NULL, '555.00', '515.00', 0, '1.00', 76, 6, 3, 0),
(176, 'Rain  Or Shine - Victoria (G)', 'Victoria', NULL, '545.00', '505.00', 0, '1.00', 76, 6, 3, 0),
(177, 'Rain  Or Shine - Lucky  Orange (G)', 'Lucky Orange', NULL, '1160.00', '1120.00', 0, '1.00', 76, 6, 3, 0),
(178, 'Rain  Or Shine - French  Vanilla (G)', 'French Vanilla', NULL, '545.00', '505.00', 0, '1.00', 76, 6, 3, 0),
(179, 'Rain  Or Shine - My  Way (G)', 'My Way', NULL, '555.00', '515.00', 0, '1.00', 76, 6, 3, 0),
(180, 'Rain  Or Shine - Foxy (G)', 'Foxy', NULL, '590.00', '550.00', 0, '1.00', 76, 6, 34, 0),
(181, 'Rain  Or Shine - Angellina (G)', 'Angellina', NULL, '555.00', '515.00', 0, '1.00', 76, 6, 34, 0),
(182, 'Rain  Or Shine - Bitter Sweet (G)', 'Bitter Sweet', NULL, '555.00', '515.00', 0, '1.00', 76, 6, 3, 0),
(183, 'Rain  Or Shine - Candy Tuft (G)', 'Candy Tuft', NULL, '545.00', '505.00', 0, '1.00', 76, 6, 3, 0),
(184, 'Rain  Or Shine - Sweet Corn (G)', 'Sweet Corn', NULL, '590.00', '550.00', 0, '1.00', 76, 6, 3, 0),
(185, 'Rain  Or Shine - Faraway  Blue (G)', 'Faraway Blue', NULL, '545.00', '505.00', 0, '1.00', 76, 6, 3, 0),
(186, 'Rain  Or Shine - Cool Water (G)', 'Cool Water', NULL, '545.00', '505.00', 0, '1.00', 76, 6, 3, 0),
(187, 'Rain  Or Shine - Choco Brown (G)', 'Choco Brown', NULL, '545.00', '505.00', 0, '1.00', 76, 6, 3, 0),
(188, 'Rain  Or Shine - Princess (G)', 'Princess', NULL, '555.00', '515.00', 0, '1.00', 76, 6, 3, 0),
(189, 'Rain  Or Shine - Snow (G)', 'Snow', NULL, '555.00', '515.00', 0, '1.00', 76, 6, 3, 0),
(190, 'Rain  Or Shine - Oh  So red (G)', 'Oh So Red', NULL, '525.00', '485.00', 0, '1.00', 76, 6, 3, 0),
(191, 'Rain  Or Shine - Temptation (G)', 'Temptation', NULL, '625.00', '575.00', 0, '1.00', 76, 6, 3, 0),
(192, 'Rain  Or Shine - Cool Water (L)', 'Cool Water', NULL, '157.00', '137.00', 0, '2.00', 76, 7, 3, 0),
(193, 'Rain  Or Shine - Sun  Kiss (L)', 'Sun  Kiss', NULL, '160.00', '140.00', 0, '2.00', 76, 7, 3, 0),
(194, 'Rain Or Shine - Oh So Red (L)', '', NULL, '185.00', '165.00', 0, '2.00', 76, 7, 3, 0),
(195, 'Rain  Or Shine - Princess (L)', 'Princess', NULL, '155.00', '135.00', 0, '2.00', 76, 7, 3, 0),
(196, 'Rain  Or Shine - Ivory (L)', 'Ivory', NULL, '155.00', '135.00', 0, '2.00', 76, 7, 3, 0),
(197, 'Rain  Or Shine - Nicole Pink (L)', 'Nicole  Pink', NULL, '157.00', '137.00', 0, '2.00', 76, 7, 3, 0),
(198, 'Rain  Or Shine - Sunshine Yellow (L)', 'Sunshine Yellow', NULL, '157.00', '137.00', 0, '2.00', 76, 7, 3, 0),
(199, 'Rain  Or Shine - Sweet Corn (L)', 'Sweet Corn', NULL, '169.00', '149.00', 0, '2.00', 76, 7, 3, 0),
(200, 'Rain  Or Shine - Pistacio (L)', 'Pistacio', NULL, '175.00', '155.00', 0, '2.00', 76, 7, 3, 0),
(201, 'Rain  Or Shine - Happy Days (L)', 'Happy Days', NULL, '155.00', '135.00', 0, '2.00', 76, 7, 3, 0),
(202, 'Rain  Or Shine - My  Way (L)', 'My Way', NULL, '155.00', '137.00', 0, '2.00', 76, 7, 3, 0),
(203, 'Rain  Or Shine - Violet (L)', 'Violet', NULL, '155.00', '135.00', 0, '2.00', 76, 7, 3, 0),
(204, 'Rain  Or Shine - Choco Brown (L)', 'Choco Brown', NULL, '157.00', '137.00', 0, '2.00', 76, 7, 3, 0),
(205, 'Rain  Or Shine - Foxy (L)', 'Foxy', NULL, '169.00', '149.00', 0, '2.00', 76, 7, 3, 0),
(206, 'Rain  Or Shine - Cool Mint (L)', 'Cool Mint', NULL, '155.00', '135.00', 0, '2.00', 76, 7, 3, 0),
(207, 'Trito QDE (L) - Uni-Apple Green', 'Uni-Apple Green', NULL, '151.00', '134.50', 0, '10.00', 60, 7, 12, 0),
(208, 'Triton QDE - Red (G)', 'Red', NULL, '595.00', '555.00', 0, '2.00', 60, 6, 10, 0),
(209, 'Triton QDE - California Orange (G)', 'California Orange', NULL, '573.00', '533.00', 0, '2.00', 60, 6, 12, 0),
(210, 'Triton QDE - Maple (G)', 'Maple', NULL, '507.00', '367.00', 0, '2.00', 60, 6, 10, 0),
(211, 'Triton QDE - Crystal Blue (G)', 'Crystal Blue', NULL, '533.00', '493.00', 0, '2.00', 60, 6, 10, 0),
(212, 'Triton QDE - Mahogany (G)', 'Mahogany', NULL, '510.00', '470.00', 0, '2.00', 60, 6, 10, 0),
(213, 'Triton QDE - Triton Green (G)', 'Triton  Green', NULL, '510.00', '469.50', 0, '2.00', 60, 6, 10, 0),
(214, 'Triton QDE - Pal  Orange (G)', 'Pal  Orange', NULL, '627.50', '587.50', 0, '2.00', 60, 6, 10, 0),
(215, 'Triton QDE - Aquamarine Green  (G)', 'Aquamarine Green', NULL, '564.50', '523.50', 0, '2.00', 60, 6, 10, 0),
(216, 'Triton QDE - Black (G)', 'Black', NULL, '573.00', '428.00', 0, '2.00', 60, 6, 10, 0),
(217, 'Triton QDE - White (1/4L)', 'White', NULL, '65.00', '44.00', 0, '5.00', 60, 11, 10, 0),
(218, 'Triton QDE - Yellow (1/4L)', 'Yellow', NULL, '71.00', '51.00', 0, '5.00', 60, 11, 10, 0),
(219, 'Triton QDE - Red (1/4L)', 'Red', NULL, '70.00', '50.00', 0, '5.00', 60, 11, 10, 0),
(220, 'Triton QDE - Aqua Blue (1/4L)', 'Aqua Blue', NULL, '65.00', '45.00', 0, '5.00', 60, 11, 10, 0),
(221, 'Domino QDE (G)  - White', '', NULL, '450.00', '430.00', 0, '10.00', 60, 6, 9, 0),
(222, 'Domino Flatwall  Enamel (G)', '', NULL, '450.00', '400.00', 0, '10.00', 62, 6, 9, 0),
(223, 'Domino QDE (L) White', '', NULL, '150.00', '125.00', 0, '10.00', 60, 7, 9, 0),
(224, 'Domino Flatwall Enamel (L)', '', NULL, '165.00', '140.00', 0, '10.00', 62, 7, 9, 0),
(225, 'Domino Flat Latex (G)', '', NULL, '340.00', '290.00', 0, '10.00', 63, 6, 9, 0),
(226, 'Domino QDE (L) - Choco Brown', '', NULL, '150.00', '125.00', 0, '10.00', 60, 7, 9, 0),
(227, 'Domino QDE (G) - Choco Brown', '', NULL, '480.00', '430.00', 0, '10.00', 60, 6, 9, 0),
(228, 'Domino Gloss Latex (G) - White', '', NULL, '480.00', '450.00', 0, '10.00', 64, 6, 9, 0),
(229, 'Domino  Gloss Latex (L) - White', '', NULL, '150.00', '125.00', 0, '10.00', 64, 7, 9, 0),
(230, 'Weber Epoxy Primer - White w/ Catalyst (L)', '', NULL, '195.00', '165.75', 0, '5.00', 79, 7, 12, 0),
(231, 'Weber Epoxy  Primer Black W/ Catalyst (L)', '', NULL, '195.00', '165.00', 0, '5.00', 79, 7, 12, 0),
(232, 'Weber Epoxy  Primer Gray W/ Catalyst (L)', '', NULL, '195.00', '165.00', 0, '5.00', 79, 7, 12, 0),
(233, 'Weber Primer Red  Oxide W/ Catalyst (L)', '', NULL, '195.00', '165.00', 0, '5.00', 79, 7, 12, 0),
(234, 'Weber Epoxy  Primer Black W/ Catalyst (G)', '', NULL, '659.00', '604.00', 0, '5.00', 79, 6, 12, 0),
(235, 'Weber Epoxy  Primer White W/ Catalyst (G)', '', NULL, '659.00', '604.00', 0, '5.00', 79, 6, 12, 0),
(236, 'Weber Epoxy  Primer Gray W/ Catalyst (G)', 'Gray', NULL, '625.00', '568.00', 0, '5.00', 79, 6, 10, 0),
(237, 'Weber Primer Red Oxide W/ Catalyst (G)', 'Red  Oxide', NULL, '659.00', '604.00', 0, '5.00', 79, 6, 10, 0),
(238, 'Triton Latex (G) - Temple Red', 'Temple  Red', NULL, '458.00', '458.00', 0, '5.00', 61, 6, 10, 0),
(239, 'Triton Latex (G) - Choco Brown', '', NULL, '400.00', '400.00', 0, '5.00', 61, 6, 12, 0),
(240, 'Triton Latex (G) - Nassau  Green', 'Nassau Green', NULL, '400.00', '400.00', 0, '5.00', 61, 6, 10, 0),
(241, 'Triton Latex (G) - Pink Frost', 'Pink  Frost', NULL, '400.00', '400.00', 0, '5.00', 61, 6, 10, 0),
(242, 'Triton Latex (G) - Royal Blue', 'Royal Blue', NULL, '400.00', '400.00', 0, '5.00', 61, 6, 10, 0),
(243, 'Triton Latex (G) - Tile Green', 'Tile Green', NULL, '400.00', '400.00', 0, '5.00', 61, 6, 10, 0),
(244, 'Triton Latex (G) - Sky Blue', 'Sky Blue', NULL, '400.00', '400.00', 0, '5.00', 61, 6, 12, 0),
(245, 'Triton Latex (G) - Fiesta Yellow', '', NULL, '400.00', '400.00', 0, '5.00', 61, 6, 12, 0),
(246, 'Rugby (G)', '', NULL, '580.00', '580.00', 0, '2.00', 46, 6, 10, 0),
(247, 'USA  Epoxy Reducer (G)', '', NULL, '455.00', '455.00', 0, '2.00', 82, 6, 12, 0),
(248, 'TimberGuard (L)', '', NULL, '372.00', '273.70', 0, '5.00', 46, 7, 12, 0),
(249, 'Metal  Guard - Rust Converter (G)', 'Rust Converter', NULL, '525.00', '495.00', 0, '2.00', 46, 6, 12, 0),
(250, 'Sherco - Rust Converter', '', NULL, '515.00', '425.00', 0, '2.00', 80, 6, 12, 0),
(251, 'Metal Guard- Rust  Protector (G)', '', NULL, '395.00', '365.00', 0, '2.00', 83, 6, 12, 0),
(252, 'Metal Guard- Rust  Protector (L)', '', NULL, '125.00', '105.00', 0, '5.00', 83, 7, 10, 0),
(253, 'Wood Glue (L)', '', NULL, '120.00', '100.00', 0, '5.00', 46, 7, 12, 0),
(254, 'Vulca Seal (1/2 L)', '', NULL, '250.00', '183.00', 0, '5.00', 46, 13, 10, 0),
(255, 'Vulca Seal (1/4L)', '', NULL, '125.00', '100.00', 0, '5.00', 136, 11, 10, 0),
(256, 'Vulca Seal Sachet', '', NULL, '47.00', '36.00', 0, '24.00', 46, 14, 10, 0),
(257, 'Triton QDE  (L) - BlackBoard Slating', 'Black Board Slating', NULL, '170.00', '150.00', 0, '5.00', 60, 7, 10, 0),
(258, 'Triton  QDE (L) - Ivory', 'Ivory', NULL, '151.00', '145.00', 0, '5.00', 60, 7, 10, 0),
(259, 'Triton Latex (L) - Sunshine Yellow', '', NULL, '133.00', '100.00', 0, '5.00', 61, 7, 12, 0),
(260, 'Triton Latex (L) -  Nassau Green', '', NULL, '124.00', '100.00', 0, '5.00', 61, 7, 10, 0),
(261, 'Triton Latex (L) - Royal Green', '', NULL, '135.50', '100.00', 0, '5.00', 61, 7, 12, 0),
(262, 'Triton Latex (L) - Ivory', '', NULL, '123.50', '100.00', 0, '5.00', 61, 7, 10, 0),
(263, 'Triton Latex (L) - Tile Red', '', NULL, '123.50', '100.00', 0, '5.00', 61, 7, 12, 0),
(264, 'Triton Latex (L) - Tile Green', '', NULL, '123.50', '100.00', 0, '5.00', 61, 7, 10, 0),
(265, 'Triton Latex (L) - Pink Frost', '', NULL, '123.50', '100.00', 0, '5.00', 61, 7, 10, 0),
(266, 'Triton Latex (L) - Spanish Green', '', NULL, '140.50', '100.00', 0, '5.00', 61, 7, 10, 0),
(267, 'Time  Out (G) - Body Filler', '', NULL, '505.00', '500.00', 0, '2.00', 77, 6, 12, 0),
(268, 'Time Out (L) - Body Filler', '', NULL, '165.00', '130.00', 0, '5.00', 77, 7, 12, 0),
(269, 'Easy  Tite  (G) - Body Filler', '', NULL, '550.00', '500.00', 0, '2.00', 77, 6, 10, 0),
(270, 'Easy Tite (L) - Body Filler', '', NULL, '161.00', '135.00', 0, '5.00', 77, 7, 10, 0),
(271, 'Grip Tite (G) - Body Filler', '', NULL, '476.00', '446.00', 0, '2.00', 77, 6, 12, 0),
(272, 'Grip  Tite (L) - Body Filler', '', NULL, '161.00', '131.00', 0, '5.00', 77, 7, 12, 0),
(273, 'Sphero Epoxy Primer (G)', '', NULL, '400.00', '370.00', 0, '2.00', 79, 6, 12, 0),
(274, 'WelCoat Latex (L) - Flat White', '', NULL, '125.00', '100.00', 0, '5.00', 61, 7, 12, 0),
(275, 'WelCoaT (G) - Red  Lead Primer', '', NULL, '482.00', '450.00', 0, '2.00', 69, 6, 12, 0),
(276, 'WelCoat (G) - Metal  Primer / Red  Oxide', '', NULL, '482.00', '452.00', 0, '2.00', 70, 6, 12, 0),
(277, 'Triton (G) - DuraCoat', '', NULL, '587.50', '557.00', 0, '2.00', 61, 6, 10, 0),
(278, 'Croco - Paint Brush 1', '1', NULL, '15.00', '10.50', 0, '12.00', 139, 2, 12, 0),
(279, 'Croco - Roller Brush w/  Handle 7', '7', NULL, '65.00', '32.50', 0, '5.00', 139, 2, 12, 0),
(280, 'Croco - Paint Brush 21/2', '21/2', NULL, '40.00', '26.00', 0, '6.00', 139, 2, 12, 0),
(281, 'Croco - Paint Brush 2', '2', NULL, '35.00', '22.75', 0, '5.00', 139, 2, 12, 0),
(282, 'Sand Paper #1000  Eagle', '#1000', NULL, '18.00', '11.00', 0, '15.00', 46, 2, 33, 0),
(283, 'Sand  Paper # 120 Eagle', '#120', NULL, '18.00', '11.00', 0, '15.00', 46, 2, 12, 1),
(284, 'Sand Paper #150  Eagle', '#150', NULL, '18.00', '11.00', 0, '15.00', 46, 2, 33, 0),
(285, 'Sand Paper #240 Eagle', '#240', NULL, '18.00', '11.00', 0, '15.00', 46, 2, 10, 0),
(286, 'Omega Acrylon Paint Roller Refill 7\\''', '', NULL, '47.00', '38.00', 0, '10.00', 46, 2, 12, 0),
(287, 'Omega  Acrylon Paint  Roller W/H 7\\''', '', NULL, '70.00', '48.75', 0, '20.00', 46, 2, 12, 0),
(288, 'Sand  Paper #120 Eagle', '#120', NULL, '18.00', '11.00', 0, '20.00', 46, 2, 12, 1),
(289, 'Sand Paper  #120 Eagle', '#120', NULL, '18.00', '11.00', 0, '20.00', 46, 2, 10, 0),
(290, 'P.E. Coupling 1 /2', '1/2', NULL, '64.00', '43.20', 0, '10.00', 87, 2, 10, 0),
(291, 'P.E. Equal  Elbow 1/2', '1/2', NULL, '65.00', '50.40', 0, '5.00', 87, 2, 10, 0),
(292, 'P.E. Equal  Tee 1/2', '', NULL, '70.00', '55.20', 0, '5.00', 87, 2, 10, 0),
(293, 'P.E. Female Adaptor 1/2', '1/2', NULL, '46.00', '31.20', 0, '5.00', 87, 2, 10, 0),
(294, 'P.E. Female Elbow 1/2', '', NULL, '56.00', '38.40', 0, '5.00', 87, 2, 10, 0),
(295, 'P.E. Female Tee 1/2', '', NULL, '84.50', '59.60', 0, '5.00', 87, 2, 10, 0),
(296, 'P.E. Male Adaptor 1/2', '', NULL, '36.00', '24.00', 0, '5.00', 87, 2, 10, 0),
(297, 'P.E. Male Elbow 1/2', '', NULL, '56.00', '38.40', 0, '5.00', 87, 2, 10, 0),
(298, 'P.E. Male  Tee 1/2', '', NULL, '84.50', '57.60', 0, '5.00', 87, 2, 10, 0),
(299, 'Croco - Paint  Brush 1/2', '1/2', NULL, '10.00', '6.00', 0, '12.00', 139, 2, 12, 0),
(300, 'Croco - Paint Brush 4', '4', NULL, '72.00', '66.50', 0, '12.00', 139, 2, 12, 0),
(301, 'Croco - Paint Brush 3', '', NULL, '55.00', '42.25', 0, '12.00', 139, 2, 10, 0),
(302, 'Globe - Paint Brush #1/2', '#1/2', NULL, '10.00', '5.00', 0, '5.00', 46, 2, 10, 0),
(303, 'Globe - Paint Brush #1', '#1', NULL, '15.00', '5.73', 0, '5.00', 46, 2, 10, 0),
(304, 'Globe - Paint Brush #3/4', '#3/4', NULL, '10.00', '6.00', 0, '5.00', 46, 2, 10, 0),
(305, 'Globe - Paint Brush #1 1/2', '#1 1/2', NULL, '24.00', '8.40', 0, '5.00', 46, 2, 10, 0),
(306, 'Globe - Paint Brush #2', '#2', NULL, '34.00', '11.00', 0, '5.00', 46, 2, 10, 0),
(307, 'Globe - Paint Brush #2  1/2', '#2 1/2', NULL, '21.00', '15.75', 0, '5.00', 46, 2, 10, 0),
(308, 'Globe - Paint Brush #3', '#3', NULL, '40.00', '30.00', 0, '5.00', 46, 2, 10, 0),
(309, 'Globe - Paint Brush #4', '#4', NULL, '52.00', '33.00', 0, '5.00', 46, 2, 10, 0),
(310, 'Baby  Roller 4', '', NULL, '48.00', '36.00', 0, '10.00', 139, 2, 11, 0),
(311, 'Angle  Bar 1/8 x 1 1/2', '', NULL, '270.00', '235.00', 0, '50.00', 9, 9, 20, 0),
(312, 'Bosny Spray  Paint - Black', 'Black', NULL, '100.00', '78.00', 0, '5.00', 53, 5, 11, 0),
(313, 'Bosny Spray Paint - Grass Green', 'Grass  Green', NULL, '100.00', '78.00', 0, '5.00', 53, 5, 11, 0),
(314, 'Bosny Spray Paint - Primer Grey', 'Primer Grey', NULL, '110.00', '88.00', 0, '5.00', 53, 5, 11, 0),
(315, 'Bosny Spray   Paint - Silver  Red', 'Silver  Red', NULL, '100.00', '78.00', 0, '5.00', 53, 5, 11, 0),
(316, 'Hippo - Paint Brush 2 1/2', '2 1/2', NULL, '25.00', '42.00', 0, '12.00', 46, 2, 11, 0),
(317, 'Hippo - Paint Brush  3/4', '3/4', NULL, '14.00', '7.60', 0, '12.00', 46, 2, 9, 0),
(318, 'Hippo - Paint Brush 1 1/2', '1 1/2', NULL, '25.00', '15.30', 0, '12.00', 46, 2, 9, 0),
(319, 'Wall  Putty (G)', '', NULL, '550.00', '300.00', 0, '2.00', 89, 6, 12, 0),
(320, 'Plastic  Varnish - Mahogany', 'Mahogany', NULL, '52.50', '42.50', 0, '5.00', 46, 5, 1, 0),
(321, 'Plastic Varnish - Red', 'Red', NULL, '45.00', '35.00', 0, '5.00', 46, 5, 1, 0),
(322, 'Plastic Varnish - Maple', 'Maple', NULL, '47.50', '37.50', 0, '5.00', 46, 5, 1, 0),
(323, 'Plastic Varnish - Walnut', 'Walnut', NULL, '55.00', '44.00', 0, '5.00', 46, 5, 1, 0),
(324, 'Plastic Varnish - Natural', 'Natural', NULL, '45.00', '35.00', 0, '5.00', 46, 5, 1, 0),
(325, 'Teflon Tape 1/2 (12mm)', '', NULL, '14.00', '9.00', 0, '20.00', 87, 17, 10, 0),
(326, 'JOPEX -Full Turn Series (BC01W)', 'Jopex', NULL, '100.00', '60.00', 0, '5.00', 87, 2, 12, 0),
(327, 'PVC Elbow Plain 1/2 (Blue)', 'Blue', NULL, '14.00', '5.50', 0, '10.00', 87, 2, 9, 0),
(328, 'PVC  Elbow Threaded 1/2', '', NULL, '16.00', '9.60', 0, '10.00', 87, 2, 9, 0),
(329, 'PVC Male Adaptor 1/2 (Blue)', 'Blue', NULL, '12.00', '7.10', 0, '10.00', 87, 2, 12, 1),
(330, 'Anton - Measuring Tape 3M', 'Steal Tape', NULL, '63.00', '41.00', 0, '2.00', 215, 2, 10, 0),
(331, 'Teflon Tape 1 (25MM)', '', NULL, '30.00', '22.00', 0, '10.00', 87, 17, 10, 0),
(332, 'Teflon Tape 3/4 (19MM)', '', NULL, '24.00', '14.00', 0, '10.00', 87, 17, 10, 0),
(333, 'Shark - Floor Strainer 4x4', '', NULL, '95.00', '56.97', 0, '5.00', 87, 2, 10, 0),
(334, 'Electrical Tape - Small Armak (Black)', 'Black', NULL, '13.00', '8.00', 0, '5.00', 117, 2, 10, 0),
(335, 'Roller Brush Tray Only', '', NULL, '50.00', '29.00', 0, '2.00', 84, 2, 12, 0),
(336, 'Brass-Hose Coupling 1/2', '', NULL, '35.00', '22.00', 0, '10.00', 87, 2, 10, 0),
(337, 'Ohayo - PVC Faucet t-handle', 'OY81', NULL, '50.00', '24.00', 0, '5.00', 87, 2, 10, 0),
(338, 'Bianco - Concealed Hinges HD C2', '', NULL, '45.00', '32.00', 0, '5.00', 46, 2, 12, 0),
(339, 'Pedro - Shovel Round Point', '', NULL, '230.00', '180.00', 0, '2.00', 46, 2, 12, 0),
(340, 'TOKA - Shovel Round Point', '', NULL, '200.00', '160.00', 0, '2.00', 46, 2, 10, 0),
(341, 'PVC Faucet H.D Blue', 'Blue', NULL, '55.00', '39.00', 0, '5.00', 87, 2, 10, 0),
(342, 'PVC Faucet H.D White', '', NULL, '55.00', '39.00', 0, '5.00', 87, 2, 10, 0),
(343, 'Shark - (2215) GooseNeck k/f v/Tap', '', NULL, '450.00', '350.97', 0, '2.00', 87, 2, 10, 0),
(344, 'Shark - Gooseneck (2222) k/f w/mntd', '', NULL, '450.00', '350.97', 0, '1.00', 87, 2, 12, 0),
(345, 'Omega PVC Blue Pipe 3/4', '', NULL, '85.00', '76.00', 0, '5.00', 87, 9, 12, 0),
(346, 'Omega PVC Blue  Pipe 1/2', '', NULL, '60.00', '53.00', 0, '5.00', 87, 9, 12, 0),
(347, 'Hose  Rainbow 1/2 x 90  Mtrs.', '', NULL, '18.00', '14.70', 0, '5.00', 87, 4, 12, 0),
(348, 'Hose Rainbow 3/4 x 60 mtrs.', '', NULL, '32.00', '29.00', 0, '5.00', 87, 4, 12, 0),
(349, 'P.E. Pipe 1/2 x 300m SDR11 (Black)', '', NULL, '14.00', '10.50', 0, '5.00', 87, 4, 10, 0),
(350, 'G183 S. Kitchen Sink 16\\"x24\\"x25\\" SIN', '', NULL, '550.00', '360.00', 1, '3.00', 147, 2, 10, 0),
(351, 'G184 S. Kitchen Sink 14\\"x20\\"x5\\" SIN', '', NULL, '450.00', '330.00', 1, '1.00', 147, 2, 10, 0),
(352, 'Sakoline - Orange/Blue 40kg. 8ft.', '', NULL, '65.00', '45.00', 0, '1.00', 46, 4, 12, 0),
(353, 'Ohayo - PVC Faucet T-Handle', 'OY71', NULL, '50.00', '24.00', 0, '5.00', 87, 2, 10, 0),
(354, 'Power  Mix (G)', '', NULL, '550.00', '520.00', 0, '2.00', 87, 6, 12, 0),
(355, 'UltraFind Skimcoat 20kg.', '', NULL, '500.00', '425.00', 0, '2.00', 57, 3, 10, 0),
(356, 'Rugby Excel 45ml', '', NULL, '23.50', '26.00', 0, '5.00', 46, 5, 10, 0),
(357, 'Rugby Excel 300ml', '', NULL, '50.00', '43.50', 0, '2.00', 46, 5, 10, 0),
(358, 'PVC-Elbow #2x90', '', NULL, '15.00', '12.35', 0, '10.00', 92, 2, 9, 0),
(359, 'G.I Union 1/2', '', NULL, '32.00', '25.65', 0, '2.00', 87, 2, 8, 0),
(360, 'G.I Elbow 1/2x90', '', NULL, '13.00', '7.25', 0, '5.00', 87, 2, 10, 0),
(361, 'Yale - 30mm Brass  Padlock', '', NULL, '96.00', '80.00', 0, '5.00', 46, 2, 11, 0),
(362, 'Yale - 25mm Brass  Padlock', '', NULL, '91.00', '76.00', 0, '5.00', 46, 2, 11, 0),
(363, 'Yale - 40mm Brass  Padlock', '', NULL, '124.00', '104.00', 0, '5.00', 46, 2, 11, 0),
(364, 'Yale  - 50mm Brass  Padlock', '', NULL, '187.00', '156.00', 0, '5.00', 46, 2, 11, 0),
(365, 'Henry - 40mm Brass  Padlock', '', NULL, '120.00', '100.00', 0, '5.00', 46, 2, 10, 0),
(366, 'Henry - 50mm Metallic  Padlock', '', NULL, '140.00', '130.00', 0, '5.00', 46, 2, 10, 0),
(367, 'Henry - 38mm Metallic PAdlock', '', NULL, '100.00', '80.00', 0, '5.00', 46, 2, 10, 0),
(368, 'Henry - 63mm Metallic Padlock', '', NULL, '200.00', '190.00', 0, '5.00', 46, 2, 10, 0),
(369, 'Henry - 60mm Brass  Padlock', '', NULL, '220.00', '200.00', 0, '5.00', 46, 2, 10, 0),
(370, 'Henry - 30mm Brass Padlock', '', NULL, '80.00', '60.00', 0, '5.00', 46, 2, 10, 0),
(371, 'Ako - 50mm Padlock', '', NULL, '63.00', '49.00', 0, '5.00', 211, 2, 6, 0),
(372, 'Ako - 60mm  Padlock', '', NULL, '77.00', '66.00', 0, '5.00', 211, 2, 10, 0),
(373, 'Standard Super - 40mm padlock', '', NULL, '50.00', '40.00', 0, '5.00', 46, 2, 12, 0),
(374, 'Standard Super - 60mm Padlock', '', NULL, '81.00', '80.00', 0, '5.00', 46, 2, 12, 0),
(375, 'Sherlock - 30mm  Padlock', '', NULL, '96.00', '90.00', 0, '5.00', 46, 2, 12, 0),
(376, 'Vosch  Teck - 2mm Solid Brass padlock', '', NULL, '48.00', '40.00', 0, '5.00', 46, 2, 12, 0),
(377, 'Yale Handy  Locks', '', NULL, '95.00', '90.00', 0, '5.00', 46, 2, 12, 0),
(378, 'Ako - Top Security Lock 40mm', '', NULL, '54.00', '50.00', 0, '5.00', 211, 2, 10, 0),
(379, 'Anton - Electrical Iron', '', NULL, '166.00', '160.00', 0, '5.00', 117, 2, 10, 0),
(380, 'Hand Cripping  Tools', '', NULL, '180.00', '170.00', 0, '5.00', 46, 2, 12, 0),
(381, 'GreenField - Long Nose Pliers 6/150mm', '', NULL, '160.00', '150.00', 0, '5.00', 91, 2, 9, 0),
(382, 'GreenField - Long Nose Pliers 5/125mm', '', NULL, '145.00', '140.00', 0, '5.00', 91, 2, 9, 0),
(383, 'GreenField - Long Nose  Pliers 8/200mm', '', NULL, '185.00', '180.00', 0, '5.00', 91, 2, 9, 0),
(384, 'Eagle Combination Pliers  7', '', NULL, '200.00', '150.00', 0, '5.00', 91, 2, 12, 0),
(385, 'Cannon - Long Nose  Pliers 6', '', NULL, '150.00', '120.00', 0, '5.00', 91, 2, 12, 0),
(386, 'Standard - Wood  Working Chisel 1/2', '', NULL, '93.00', '90.00', 0, '5.00', 46, 2, 12, 0),
(387, 'Standard - 3pcs 1/2 drive Extension bar set', '', NULL, '470.00', '450.00', 0, '5.00', 46, 2, 12, 0),
(388, 'Nicholson - Cooper Hand Tools 8/200mm', '', NULL, '355.00', '350.00', 0, '5.00', 46, 2, 12, 0),
(389, 'Apollo - Electrode Holder', '', NULL, '370.00', '360.00', 0, '5.00', 117, 2, 10, 0),
(390, 'Bianco - Drawer  Lock', '', NULL, '78.00', '70.00', 0, '5.00', 46, 2, 12, 0),
(391, 'Anton - Measuring Tape 5m', '', NULL, '72.00', '55.00', 0, '5.00', 215, 2, 10, 0),
(392, 'Anton - Measuring  Tape 7.5m', '', NULL, '125.00', '97.00', 0, '5.00', 215, 2, 10, 0),
(393, 'Cannon - Tape  Measure 3.0m', '', NULL, '80.00', '70.00', 0, '5.00', 46, 2, 12, 0),
(394, 'Nicholson - Tape Measure 26/8m', '', NULL, '364.00', '360.00', 0, '5.00', 46, 2, 12, 0),
(395, 'Cannon - Tape Measure 50m', '', NULL, '100.00', '100.00', 0, '5.00', 46, 2, 12, 0),
(396, 'Sherlock - Tape Measure 3m', '', NULL, '75.00', '70.00', 0, '5.00', 46, 2, 12, 0),
(397, 'Nicholson - Drillbit 3/8', '', NULL, '170.00', '160.00', 0, '12.00', 46, 2, 12, 0),
(398, 'NIcholson - Drillbit 1/4', '', NULL, '95.00', '90.00', 0, '12.00', 46, 2, 12, 0),
(399, 'NIcholson - Drillbit 3/16', '', NULL, '70.00', '60.00', 0, '12.00', 46, 2, 12, 0),
(400, 'NIcholson - Drillbit 1/8', '', NULL, '45.00', '40.00', 0, '12.00', 46, 2, 12, 0),
(401, 'Dormer - Drillbit 1/4', '', NULL, '90.00', '80.00', 0, '12.00', 46, 2, 12, 0),
(402, 'Dormer - Drillbit 3/16', '', NULL, '20.00', '10.00', 0, '12.00', 46, 2, 12, 0),
(403, 'Dormer - Drillbit 1/8', '', NULL, '65.00', '60.00', 0, '12.00', 46, 2, 12, 0),
(404, 'Dormer - Drillbit 9/16', '', NULL, '68.00', '60.00', 0, '12.00', 46, 2, 12, 0),
(405, 'Rosco - Drillbit 1/8', '', NULL, '20.00', '15.00', 0, '12.00', 46, 2, 12, 0),
(406, 'Rosco - Drillbit 5/32', '', NULL, '15.00', '10.00', 0, '12.00', 46, 2, 12, 0),
(407, 'Rosco - Drillbit 5/16', '', NULL, '22.00', '20.00', 0, '12.00', 46, 2, 12, 0),
(408, 'Rosco - Drillbit 3/8 | 5', '', NULL, '35.00', '30.00', 0, '12.00', 46, 2, 12, 0),
(409, 'Rosco - Drillbit 3/8', '', NULL, '29.00', '20.00', 0, '12.00', 46, 2, 12, 0),
(410, 'Euro - Drillbit 3/16 | 5', '', NULL, '18.00', '10.00', 0, '12.00', 46, 2, 12, 0),
(411, 'Masaaki - Drillbit 1/4', '', NULL, '22.00', '20.00', 0, '12.00', 46, 2, 12, 0),
(412, 'Tatara - Drillbit 8 x 120mm', '', NULL, '85.00', '80.00', 0, '12.00', 46, 2, 12, 0),
(413, 'Tatara - Drillbit 4 x 80mm', '', NULL, '55.00', '50.00', 0, '12.00', 46, 2, 12, 0),
(414, 'Tatara - Drillbit 6.5 x 105mm', '', NULL, '57.00', '50.00', 0, '12.00', 46, 2, 12, 0),
(415, 'Tatara - Drillbit 3 x 70', '', NULL, '50.00', '40.00', 0, '12.00', 46, 2, 12, 0),
(416, 'Tatara - Drillbit 9.5 x 135mm', '', NULL, '102.00', '100.00', 0, '12.00', 46, 2, 12, 0),
(417, 'Battery Clamp', '', NULL, '40.00', '13.30', 0, '5.00', 140, 2, 10, 0),
(418, 'Stainless Drawer Handle (Big)', '', NULL, '20.00', '15.00', 0, '12.00', 46, 2, 12, 0),
(419, 'Stainless Drawer Handle (Small)', '', NULL, '18.00', '13.00', 0, '12.00', 46, 2, 12, 0),
(420, 'Cup Brush', '', NULL, '90.00', '70.00', 0, '5.00', 46, 2, 12, 0),
(421, 'G.I Elbow', '', NULL, '10.00', '8.00', 0, '12.00', 87, 2, 2, 1),
(422, 'G.I. Coupling 1/2', '', NULL, '12.00', '10.00', 0, '12.00', 87, 2, 2, 0),
(423, 'G.I Tee 1/2', '', NULL, '15.00', '10.00', 0, '12.00', 87, 2, 10, 0),
(424, 'G.I Bell Reducer 3/4x1/2', '', NULL, '20.00', '15.00', 0, '12.00', 87, 2, 2, 0),
(425, 'PVC Coupling 1/2 (Blue fitting)', '', NULL, '9.00', '5.00', 0, '12.00', 87, 2, 9, 0),
(426, 'PVC Female Adaptor 1/2 (Blue fitting)', '', NULL, '12.00', '10.00', 0, '12.00', 87, 2, 9, 0),
(427, 'PVC Male Adaptor 1/2 (Blue fitting)', '', NULL, '12.00', '10.00', 0, '12.00', 87, 2, 9, 0),
(428, 'PVC Elbow w/ thread 1/2 (Blue fitting)', '', NULL, '15.00', '12.00', 0, '12.00', 87, 2, 9, 0),
(429, 'PVC Elbow  Plain 1/2 (Blue fitting)', '', NULL, '14.00', '10.00', 0, '12.00', 87, 2, 8, 1),
(430, 'PVC Tee W/ Thread 1/2 (Blue fitting)', '', NULL, '16.00', '15.00', 0, '12.00', 87, 2, 8, 0),
(431, 'PVC Tee Plain 1/2 (Blue fitting)', '', NULL, '14.00', '11.00', 0, '12.00', 87, 2, 9, 0),
(432, 'PVC Cup 1/2 (Blue fitting)', '', NULL, '5.00', '3.00', 0, '12.00', 87, 2, 9, 0),
(433, 'Jopex - Quarter tur Series', '', NULL, '110.00', '80.00', 0, '5.00', 87, 2, 12, 0),
(434, 'Jopex - Faucet BCHC01', '', NULL, '105.00', '90.00', 0, '5.00', 87, 2, 10, 0),
(435, 'Jopex -PVC Faucet 1/2 (BC01W)', '', NULL, '78.00', '60.00', 0, '5.00', 87, 2, 10, 0),
(436, 'Jopex - (LBC 01W)', '', NULL, '110.00', '90.00', 0, '5.00', 87, 2, 10, 0),
(437, 'Jopex - MTF 05CW', '', NULL, '150.00', '120.00', 0, '5.00', 87, 2, 12, 0),
(438, 'Jopex - MT01W', '', NULL, '70.00', '50.00', 0, '5.00', 87, 2, 10, 0),
(439, 'Jopex - SC 01W', '', NULL, '93.50', '80.00', 0, '5.00', 87, 2, 12, 0),
(440, 'Jopex - JSRC 01W Shower', '', NULL, '144.00', '133.00', 0, '5.00', 87, 2, 10, 0),
(441, 'Jopex - 2WY05CW', '', NULL, '380.00', '360.00', 0, '5.00', 87, 2, 12, 0),
(442, 'Shark - Faucet Sanitary1/2x6 (2302)', '', NULL, '220.00', '200.00', 0, '5.00', 87, 2, 10, 0),
(443, 'Shark - Sink Faucet 1/2 x 4 (2301)', '', NULL, '200.00', '190.00', 0, '5.00', 87, 2, 10, 0),
(444, 'Shark - Sink Faucet 1/2 x 2 (2300)', '', NULL, '180.00', '170.00', 0, '5.00', 87, 2, 12, 0),
(445, 'Shark - Sink Faucet (2303)', '', NULL, '315.00', '300.00', 0, '5.00', 87, 2, 10, 0),
(446, 'Lavotary Faucet Cross  Handle (2400)', '', NULL, '360.00', '335.00', 0, '5.00', 87, 2, 10, 0),
(447, 'Regina-Shower Head (RG-0051)', '', NULL, '470.00', '460.00', 0, '5.00', 87, 2, 10, 0),
(448, 'Goose Neck kitchen Faucet (2215)', '', NULL, '450.00', '430.00', 0, '2.00', 87, 2, 12, 0),
(449, 'Shark - Shower  Head (2520)', '', NULL, '350.00', '340.00', 0, '2.00', 87, 2, 10, 0),
(450, 'Fortech - Universal Angle Valve (7733)', '', NULL, '175.00', '165.00', 0, '5.00', 87, 2, 10, 0),
(451, 'Fortech - Universal Angle Valve (7731)', '', NULL, '169.50', '159.00', 0, '2.00', 87, 2, 10, 0),
(452, 'Shark - Angle Valve 1/2 x 1/2(SF 2590)', '', NULL, '135.00', '130.00', 0, '5.00', 87, 2, 10, 0),
(453, 'Shark - Angle Valve 1/2 x 1/8(SF 2593)', '', NULL, '175.00', '170.00', 0, '5.00', 87, 2, 10, 0),
(454, 'Shark - Gooseneck Kitchen Faucet Wall Mounted (2221)', '', NULL, '450.00', '350.97', 0, '2.00', 87, 2, 10, 0),
(455, 'Shark - Gooseneck Kitchen  Faucet Vertical  Tap (2213)', '', NULL, '500.00', '450.00', 0, '2.00', 87, 2, 10, 0),
(456, 'Jopex - Hand Pidet', '', NULL, '200.00', '180.00', 0, '2.00', 87, 2, 12, 0),
(457, 'Eudisigns - Shower Telephone', '', NULL, '250.00', '230.00', 0, '2.00', 87, 2, 12, 0),
(458, 'Bent  Trip Tank  Level', '', NULL, '95.00', '90.00', 0, '2.00', 130, 2, 12, 0),
(459, 'Crane-Male End(hose coupling)', '', NULL, '28.00', '25.00', 0, '5.00', 87, 2, 10, 0),
(460, 'Hose Clip', '', NULL, '35.00', '30.00', 0, '5.00', 87, 2, 12, 0),
(461, 'denisse Hose Nossles', '', NULL, '52.00', '50.00', 0, '5.00', 87, 2, 12, 0),
(462, 'Hose Connector', '', NULL, '60.00', '50.00', 0, '2.00', 87, 2, 12, 0),
(463, 'Shark - Stainless Floor Strainers (4x4)', '', NULL, '95.00', '90.00', 0, '2.00', 87, 2, 12, 0),
(464, 'Shark - strainer', '', NULL, '60.00', '50.00', 0, '2.00', 87, 2, 10, 0),
(465, 'Plastering  Trowel / Plantsa', '', NULL, '65.00', '50.00', 0, '5.00', 46, 2, 12, 0),
(466, 'Eudesigns - Strainer', '', NULL, '120.00', '100.00', 0, '2.00', 87, 2, 12, 0),
(467, 'PMR - Strainer w/ Tailpiece 1/2', '', NULL, '110.00', '100.00', 0, '2.00', 87, 2, 12, 0),
(468, 'ARMAK - Rubber  Tape', '', NULL, '83.00', '80.00', 0, '5.00', 117, 2, 12, 0),
(469, 'Pig Drinker', '', NULL, '42.00', '40.00', 0, '5.00', 87, 2, 12, 0),
(470, 'Eskwala / L-Ruler', '', NULL, '51.00', '45.00', 0, '2.00', 46, 2, 12, 0),
(471, 'Screw Driver', '', NULL, '35.00', '30.00', 0, '20.00', 46, 2, 12, 0),
(472, 'Standard Screw Driver (Orange)', '', NULL, '45.00', '40.00', 0, '12.00', 46, 2, 12, 0),
(473, 'Standard Screw Driver (Black)', '', NULL, '50.00', '40.00', 0, '12.00', 46, 2, 12, 0),
(474, 'Dark  Glass - for Weld', '', NULL, '50.00', '40.00', 0, '2.00', 46, 2, 12, 0),
(475, 'Agoha', '', NULL, '15.00', '10.00', 0, '2.00', 46, 2, 9, 0),
(476, 'Expansion Bolt', '', NULL, '22.00', '20.00', 0, '2.00', 46, 2, 12, 0),
(477, 'Hose Coupling', '', NULL, '24.00', '20.00', 0, '2.00', 87, 2, 10, 0),
(478, 'Hacksaw Blade 18in.', '', NULL, '60.00', '50.00', 0, '12.00', 46, 2, 12, 0),
(479, 'Hacksaw  Blade 24in.', '', NULL, '60.00', '50.00', 0, '12.00', 46, 2, 12, 0),
(480, 'Radela/Palita', '', NULL, '35.00', '30.00', 0, '5.00', 46, 2, 10, 0),
(481, 'G.I Nipple 1/2 x 8', '', NULL, '29.00', '24.00', 0, '5.00', 87, 2, 10, 0),
(482, 'G.I Nipple 1/2 x 10', '', NULL, '55.00', '30.00', 0, '5.00', 87, 2, 10, 0),
(483, 'G.I Nipple 1/2 x 12', '', NULL, '41.00', '36.00', 0, '5.00', 87, 2, 10, 0),
(484, 'G.I Nipple 1/2 x 2', '', NULL, '15.00', '7.00', 0, '5.00', 87, 2, 10, 0),
(485, 'G.I Nipple 1/2 x 3', '', NULL, '15.00', '10.60', 0, '5.00', 87, 2, 10, 0),
(486, 'G.I Nipple 1/2 x 4', '', NULL, '19.00', '12.00', 0, '5.00', 87, 2, 10, 0),
(487, 'G.I Nipple 1/2 x 5', '', NULL, '21.00', '16.00', 0, '5.00', 87, 2, 10, 0),
(488, 'G.I Nipple 1/2 x 6', '', NULL, '25.00', '20.00', 0, '5.00', 87, 2, 10, 0),
(489, 'PVC Elbow Plain 3/4', '', NULL, '16.00', '9.00', 0, '5.00', 87, 2, 9, 0),
(490, 'PVC Tee 3/4', '', NULL, '17.00', '10.00', 0, '5.00', 87, 2, 9, 0),
(491, 'EMT Connector 3/4', '', NULL, '20.00', '15.00', 0, '5.00', 29, 2, 12, 1),
(492, 'Stanley - Blade #1-3/4', '', NULL, '103.00', '86.00', 0, '1.00', 46, 2, 13, 0),
(493, 'Nikun Fiber Glass Handle   Hammer 27mm', '', NULL, '250.00', '160.00', 0, '1.00', 46, 2, 13, 0),
(494, 'Wynn,s gloves for welding 14 (W0646)', '', NULL, '182.00', '152.00', 0, '2.00', 46, 2, 13, 0),
(495, 'Drawer Lock Ordinary 808', '', NULL, '23.00', '40.00', 0, '5.00', 46, 2, 13, 0),
(496, 'Yale -Doorknob Lock Chrome PC', '', NULL, '185.00', '100.00', 0, '4.00', 46, 2, 13, 0),
(497, 'Door Chain Guard Bolt s.s', '', NULL, '50.00', '25.00', 0, '1.00', 46, 2, 13, 0),
(498, 'HYSJ Hasp Lock 2.5', '', NULL, '83.00', '68.00', 0, '5.00', 46, 2, 13, 0),
(499, 'HYSJ hasp lock 3', '', NULL, '87.00', '70.00', 0, '5.00', 46, 2, 13, 0),
(500, 'HYSJ hasp lock 4', '', NULL, '90.00', '75.00', 0, '5.00', 46, 2, 13, 0),
(501, 'Rubber Cup hook #1', '', NULL, '5.00', '2.00', 0, '5.00', 46, 2, 13, 0),
(502, 'Rubber Cup Hook # 1 1/2', '', NULL, '8.00', '2.00', 0, '5.00', 46, 2, 13, 0),
(503, 'Rubber Cup Hook #2', '', NULL, '15.00', '3.00', 0, '5.00', 46, 2, 13, 0),
(504, 'Eltoro Plastering Trowel pvc ord.', '', NULL, '60.00', '40.00', 0, '1.00', 46, 2, 6, 0),
(505, 'Eltoro Plastering Trowel - Wood Handle', '', NULL, '30.00', '65.00', 0, '1.00', 46, 2, 13, 0),
(506, 'Fiber - Measuring Tape 20mm', '', NULL, '140.00', '95.00', 0, '1.00', 46, 2, 13, 0),
(507, 'Gun Tacker ord.', '', NULL, '185.00', '130.00', 0, '0.00', 46, 2, 13, 0),
(508, 'Irwin - Diamond disc 4', '', NULL, '120.00', '88.00', 0, '1.00', 46, 2, 13, 0),
(509, 'LPG Hose', '', NULL, '95.00', '68.00', 0, '1.00', 46, 2, 13, 0),
(510, 'LPG Hose Clamp 1/2', '', NULL, '10.00', '5.00', 0, '1.00', 46, 2, 13, 0),
(511, 'Silicon Gun (Blue)', '', NULL, '70.00', '42.00', 0, '2.00', 46, 2, 13, 0),
(512, 'T.V Matching', '', NULL, '15.00', '7.00', 0, '5.00', 46, 2, 13, 0),
(513, 'T.V Connector', '', NULL, '12.00', '5.00', 0, '5.00', 46, 2, 13, 0),
(514, 'T.V. Female twist RG-59/RG-6', '', NULL, '12.00', '5.00', 0, '5.00', 46, 2, 13, 0),
(515, 'F Double Female', '', NULL, '12.00', '7.00', 0, '5.00', 46, 2, 13, 0),
(516, 'Hose Clamp[ 1/2', '', NULL, '10.00', '3.00', 0, '5.00', 87, 2, 13, 0),
(517, 'Hose Clamp 1', '', NULL, '20.00', '4.00', 0, '5.00', 87, 2, 13, 0),
(518, 'PVC Blue Cap 1/2', '', NULL, '5.00', '2.50', 0, '5.00', 87, 2, 13, 0),
(519, 'G.I Reducer 1/2x3/4', '', NULL, '20.00', '12.00', 0, '2.00', 87, 2, 13, 0),
(520, 'G.I Brushing 1/2x3/4', '', NULL, '15.00', '8.70', 0, '5.00', 87, 2, 10, 0),
(521, 'G.I Coupling', '', NULL, '12.00', '7.00', 0, '5.00', 87, 2, 10, 0),
(522, 'Sand Paper #280', '#280', NULL, '18.00', '11.00', 0, '5.00', 46, 2, 33, 0),
(523, 'Sand  Paper #100', '#100', NULL, '18.00', '11.00', 0, '5.00', 46, 2, 12, 0),
(524, 'Sand Paper - Merka/Jupulex Plus #40', '#40', NULL, '72.00', '47.00', 0, '5.00', 46, 2, 10, 0),
(525, 'Sand Paper - Merka/Jupulex Plus #60', '#60', NULL, '53.00', '41.00', 0, '5.00', 46, 2, 10, 0),
(526, 'Sand Paper - Merka/Jupulex Plus #80', '#80', NULL, '60.00', '35.00', 0, '5.00', 46, 2, 10, 0),
(527, 'Sand  Paper - Merka/jJupulex  Plus #100', '#100', NULL, '58.00', '33.00', 0, '5.00', 46, 2, 12, 0),
(528, 'Bianco - Lockset 588 (AB)', '', NULL, '185.00', '132.00', 0, '2.00', 46, 2, 12, 0),
(529, 'Bianco - Lockset 588 (SS)', '', NULL, '185.00', '132.00', 0, '2.00', 46, 2, 12, 0),
(530, 'Bianco - Lockset 588 (PB)', '', NULL, '185.00', '132.00', 0, '2.00', 46, 2, 12, 0),
(531, 'Bianco - Lockset 587 (SS)', '', NULL, '235.00', '202.00', 0, '2.00', 46, 2, 12, 0),
(532, 'Bianco - Lockset 587 (PB)', '', NULL, '235.00', '202.00', 0, '2.00', 46, 2, 12, 0),
(533, 'Bianco - Lockset 587 (AB)', '', NULL, '235.00', '202.00', 0, '2.00', 46, 2, 12, 0),
(534, 'Drawer Lock', '', NULL, '78.00', '60.00', 0, '5.00', 46, 2, 12, 0),
(535, 'Bianco - Deadbolt 101 (SS)', '', NULL, '290.00', '230.00', 0, '2.00', 46, 2, 12, 0),
(536, 'Bianco - Deadbolt 102 (SS)', '', NULL, '320.00', '260.00', 0, '2.00', 46, 2, 12, 0),
(537, 'Nikko - Spray Paint (Red)', '', NULL, '100.00', '78.00', 0, '2.00', 53, 5, 9, 0),
(538, 'Nikko - Spray Paint (Black)', '', NULL, '100.00', '78.00', 0, '2.00', 53, 5, 9, 0),
(539, 'Nikko - Spray Paint (River Blue)', '', NULL, '100.00', '78.00', 0, '2.00', 53, 5, 9, 0),
(540, 'Nikko - Spray Paint (Yellow)', '', NULL, '100.00', '78.00', 0, '2.00', 53, 5, 9, 0),
(541, 'Advance - Zinc Barrel Bolt 3', '', NULL, '17.00', '9.00', 0, '5.00', 46, 2, 6, 0),
(542, 'Advance - Zinc Barrel Bolt 4', '', NULL, '28.00', '12.00', 0, '5.00', 46, 2, 6, 0),
(543, 'Ever - Water Meter', 'Bronze', NULL, '1140.00', '830.00', 0, '2.00', 87, 2, 10, 0),
(544, 'Safari - Electrical Sub Meter', '', NULL, '800.00', '550.00', 0, '2.00', 117, 2, 9, 0),
(545, 'Lucky - Shovel Scoop', '', NULL, '220.00', '180.00', 0, '2.00', 46, 2, 11, 0),
(546, 'Shanghai - Shovel Pointed/Spade', '', NULL, '184.00', '144.00', 0, '2.00', 46, 2, 11, 0),
(547, 'Tatara Sharpening Stone', '', NULL, '110.00', '85.00', 0, '2.00', 46, 2, 11, 0),
(548, 'Door Spring #3', '#3', NULL, '18.00', '3.00', 0, '5.00', 46, 2, 11, 0),
(549, 'Door Spring #4', '#4', NULL, '18.00', '4.00', 0, '5.00', 46, 2, 11, 0),
(550, 'China - Narrow Butt hinges 2', '', NULL, '8.50', '5.58', 0, '5.00', 46, 2, 11, 0),
(551, 'China - Narrow Butt hinges 505-B 2 1/2', '', NULL, '10.50', '6.58', 0, '5.00', 46, 2, 11, 0),
(552, 'China - Loose Pin 4x4', '', NULL, '52.00', '32.00', 0, '5.00', 46, 2, 11, 0),
(553, 'Plastic Twine Cobra', '', NULL, '65.00', '45.00', 0, '2.00', 46, 2, 11, 0),
(554, 'Hammer Wood  Handle', '', NULL, '220.00', '120.00', 0, '3.00', 46, 2, 11, 0);
INSERT INTO `items` (`i_id`, `i_name`, `i_attribute`, `i_description`, `i_selling_price`, `i_purchase_price`, `i_vat`, `i_reorder_level`, `c_id`, `u_id`, `s_id`, `is_deleted`) VALUES
(555, 'Tyrolet Metal Cutting Disc 4', '', NULL, '85.00', '65.00', 0, '5.00', 46, 2, 11, 0),
(556, 'Stanley - Brass  Hinges #3', '#3', NULL, '60.00', '35.00', 0, '2.00', 46, 2, 6, 0),
(557, 'Stanley - Brass Hinges #4', '#4', NULL, '72.00', '45.50', 0, '2.00', 46, 2, 8, 0),
(558, 'Golden Cup - Brass Loose Pin Hinges #3', '#3', NULL, '21.00', '15.50', 0, '2.00', 46, 2, 9, 0),
(559, 'Golden Cup - Brass Loose Pin Hinges #3.5', '#3.5', NULL, '35.00', '24.00', 0, '2.00', 46, 2, 8, 0),
(560, 'Golden Cup - Brass Loose Pin Hinges #4', '#4', NULL, '45.00', '28.00', 0, '2.00', 46, 2, 8, 0),
(561, 'Rabbit - Shovel Pointed Handle', '', NULL, '220.00', '155.00', 0, '2.00', 46, 2, 8, 0),
(562, 'Stanley - Hammer Wood Handle', '', NULL, '150.00', '99.00', 0, '2.00', 46, 2, 8, 0),
(563, 'Welding Handle', '', NULL, '250.00', '159.00', 0, '2.00', 46, 2, 8, 0),
(564, 'Narrow Butt Hinges 505B 2 1/2', '', NULL, '10.00', '7.00', 0, '5.00', 46, 2, 8, 0),
(565, 'Egret - Brass Padlock #40mm', '', NULL, '75.00', '58.00', 0, '5.00', 46, 2, 8, 0),
(566, 'Egret - Brass Padlock #30mm', '', NULL, '53.00', '41.00', 0, '5.00', 46, 2, 8, 0),
(567, 'Putty Knife', '', NULL, '58.00', '45.00', 0, '5.00', 46, 2, 8, 0),
(568, 'PVC Clamp 1/2', '', NULL, '3.00', '1.10', 0, '5.00', 87, 2, 9, 0),
(569, 'PVC Moulding White (14x9)', '', NULL, '60.00', '42.75', 0, '5.00', 46, 2, 10, 0),
(570, 'PVC Moulding White (21x11)', '', NULL, '50.00', '35.00', 0, '5.00', 46, 2, 10, 0),
(571, 'Nippon Star Calsomine Powder', '', NULL, '18.00', '10.00', 0, '5.00', 46, 1, 8, 0),
(572, 'St. Adj. Wrench #10 W/ Rubber', '', NULL, '268.75', '215.00', 0, '2.00', 46, 2, 8, 0),
(573, 'Flexco PVC Faucet', '', NULL, '50.00', '16.10', 0, '2.00', 87, 2, 10, 0),
(574, 'St. Adj. Wrench #12 W/ Rubber', '', NULL, '350.00', '293.00', 0, '2.00', 46, 2, 8, 0),
(575, 'Dust Mask', '', NULL, '24.00', '16.00', 0, '1.00', 46, 2, 8, 0),
(576, 'Floor Drain 4', '', NULL, '50.00', '35.00', 0, '1.00', 87, 2, 8, 0),
(577, 'China - Gate Valve Brass H.D 1/2', '1/2', NULL, '150.00', '97.00', 0, '5.00', 130, 2, 12, 0),
(578, 'Devcon - Epoxy Small 20Grams', '', NULL, '60.00', '51.00', 0, '2.00', 46, 2, 12, 0),
(579, 'Stanley - Loose Pin 3x3', '3x3', NULL, '60.00', '50.00', 0, '2.00', 46, 15, 9, 0),
(580, 'Stanley - Loose Pin 4x4', '4x4', NULL, '72.00', '65.00', 0, '2.00', 46, 15, 12, 0),
(581, 'Narrow Butt Hinges 505-B 3in', '3in', NULL, '35.00', '12.00', 0, '5.00', 46, 2, 12, 0),
(582, 'KW 400 Tylo Polish Crome', '', NULL, '750.00', '673.36', 0, '1.00', 46, 2, 12, 0),
(583, 'P.E. Pipe 3/4 150mtrs. SDR11 (Black)', '', NULL, '23.00', '17.25', 0, '1.00', 87, 4, 10, 0),
(584, 'Anton - Soldering  Iron 30W (6530A)', '', NULL, '166.00', '115.50', 0, '1.00', 117, 2, 10, 0),
(585, 'Anton - Soldering  Iron 40W (6541A)', '', NULL, '166.00', '155.50', 0, '1.00', 117, 2, 10, 0),
(586, 'Anton - Soldering  Iron 60W (6661A)', '', NULL, '195.00', '136.50', 0, '1.00', 117, 2, 10, 0),
(587, 'Panclub Masking Tape 3/4', '', NULL, '28.00', '15.75', 0, '5.00', 46, 2, 12, 0),
(588, 'Armak - Electrical Tape 16m', 'Black', NULL, '32.00', '19.00', 0, '5.00', 117, 2, 10, 0),
(589, 'Armak - Electrical Tape 6m', 'Black', NULL, '18.00', '8.00', 0, '5.00', 117, 2, 10, 0),
(590, 'Armak - Self-fushing Rubber Tape', '', NULL, '83.00', '67.00', 0, '1.00', 117, 2, 12, 0),
(591, 'Rubicon - Soldering Lead Wire', '', NULL, '10.00', '1.60', 0, '10.00', 46, 4, 1, 0),
(592, 'Calidad - Porcelain Bowl (Light Blue)', '', NULL, '700.00', '550.00', 0, '1.00', 51, 2, 12, 0),
(593, 'Calidad - Porcelain Bowl (Light Green)', '', NULL, '700.00', '550.00', 0, '1.00', 51, 2, 12, 0),
(594, 'Calidad - Porcelain Bowl (White) #19', '', NULL, '600.00', '450.00', 0, '1.00', 51, 2, 10, 0),
(595, 'Hardware Cloth 1/8x3', '', NULL, '25.00', '14.00', 0, '5.00', 46, 4, 12, 0),
(596, 'Nicholson - Cutting Disc 4x1.2mm', '', NULL, '50.00', '31.00', 0, '5.00', 46, 2, 10, 0),
(597, 'Faultless Lockset Satin Stain (TS600)', '', NULL, '400.00', '300.00', 0, '1.00', 46, 2, 12, 0),
(598, 'Faultless knobset Antique Brass (TS800)', '', NULL, '460.00', '367.50', 0, '1.00', 46, 2, 12, 0),
(599, 'AddMix Protect 1kg.', '', NULL, '78.00', '21.20', 0, '1.00', 57, 12, 10, 0),
(600, 'Ultrafind Skincoat 20kg.', '', NULL, '550.00', '500.00', 0, '1.00', 57, 3, 12, 1),
(601, 'Bostik fixall- Tile Adhesive 25 kgs.', '', NULL, '265.00', '240.00', 0, '1.00', 51, 3, 12, 0),
(602, 'PVC Screen - 1/4x4x30M Mason Thailand', '', NULL, '90.00', '78.50', 0, '5.00', 46, 4, 12, 0),
(603, 'PVC Screen - 1/8x4x30M Mason Thailand', '', NULL, '90.00', '78.50', 0, '5.00', 46, 4, 12, 0),
(604, 'PVC Screen - 3/16x4x30M Mason Thailand', '', NULL, '90.00', '78.50', 0, '5.00', 46, 4, 12, 0),
(605, 'Shelf Bracket 10x12', '', NULL, '29.00', '44.00', 0, '5.00', 46, 15, 12, 0),
(606, 'Shelf Bracket 12x14', '', NULL, '51.00', '36.00', 0, '5.00', 46, 15, 12, 0),
(607, 'Shelf Bracket 4x5', '', NULL, '21.00', '7.00', 0, '5.00', 46, 15, 12, 0),
(608, 'Shelf Bracket 5x6', '', NULL, '25.00', '10.00', 0, '5.00', 46, 15, 12, 0),
(609, 'Shelf Bracket 6x8', '', NULL, '25.00', '16.00', 0, '5.00', 46, 15, 12, 0),
(610, 'Shelf Bracket 8x10', '', NULL, '30.00', '21.00', 0, '5.00', 46, 15, 12, 0),
(611, 'Shelf Bracket 8x9', '', NULL, '30.00', '15.00', 0, '5.00', 46, 15, 12, 0),
(612, 'Shelf Bracket 10x11', '', NULL, '35.00', '20.00', 0, '5.00', 46, 15, 12, 0),
(613, 'Cannon - Plier Combination 6', '', NULL, '150.00', '120.00', 0, '1.00', 91, 2, 12, 0),
(614, 'Shark - Brss Sink Faucet (SF2304)', '', NULL, '450.00', '251.95', 0, '1.00', 87, 2, 12, 0),
(615, 'Shark - Hd Chrome Faucet (SF2620)', '', NULL, '150.00', '105.00', 0, '2.00', 87, 2, 12, 0),
(616, 'Shark - HD Crome Faucet (2621)', '', NULL, '175.00', '110.00', 0, '2.00', 87, 2, 12, 0),
(617, 'Shark - Brass Gate Valve 1/2 (SF2906)', '', NULL, '200.00', '189.00', 0, '5.00', 87, 2, 10, 0),
(618, 'Shark - Brass Gate Valve 3/4 (SF2907)', '', NULL, '280.00', '263.97', 0, '5.00', 87, 2, 12, 0),
(619, 'G.I Kitchen Sink Medium', '', NULL, '200.00', '189.00', 0, '1.00', 87, 2, 10, 0),
(620, 'China - Ball Valve 1/2', '', NULL, '95.00', '85.00', 0, '2.00', 130, 2, 9, 0),
(621, 'Bianco - H.L.P 4x4 Stainless', '', NULL, '315.00', '237.40', 0, '1.00', 46, 2, 12, 0),
(622, 'Narita - Electrical Angle Grinder N-AG100', '', NULL, '3000.00', '2515.00', 0, '0.00', 46, 2, 12, 0),
(623, 'Narita - Electrical Impact Drill N-IDO013', '', NULL, '3000.00', '2510.00', 0, '0.00', 46, 2, 12, 0),
(624, 'Tyrolit - Cut Off Wheel Steel 4', '', NULL, '84.00', '40.00', 0, '5.00', 46, 2, 12, 0),
(625, 'Makita - Diamond Tile Cutter 4', '', NULL, '158.00', '90.00', 0, '2.00', 46, 2, 12, 0),
(626, 'Jopex - Plain Bibb 1/2 (QBC-01-W)', '', NULL, '85.00', '65.00', 0, '5.00', 87, 2, 12, 0),
(627, 'Jopex - Hose Bibb (QBCH-01-W)', '', NULL, '100.00', '85.00', 0, '5.00', 87, 2, 10, 0),
(628, 'Kitchen Sink 17x31x8 (G338)', '', NULL, '1700.00', '1500.00', 0, '0.00', 87, 2, 12, 0),
(629, 'Cannon - Plier Combination 7', '', NULL, '156.00', '126.00', 0, '1.00', 91, 2, 12, 0),
(630, 'Cannon - Plier Ins. Diagonal Cutter 6', '', NULL, '156.00', '126.00', 0, '1.00', 91, 2, 12, 0),
(631, 'Cannon - Plier Ins. Diagonal Cutter 7', '', NULL, '163.00', '133.00', 0, '1.00', 91, 2, 12, 0),
(632, 'Cannon - Long Nose Plier 7', '', NULL, '156.00', '126.00', 0, '1.00', 91, 2, 12, 0),
(633, 'Putty Knife W/O Handle', '', NULL, '12.00', '7.50', 0, '5.00', 46, 2, 10, 0),
(634, 'Jopex - Shower V. C/W Flance 1/2 (SCF05W)', '', NULL, '156.50', '125.00', 0, '1.00', 87, 2, 10, 0),
(635, 'Advance - Barrel Bolt 2 1/2', '', NULL, '12.00', '6.30', 0, '12.00', 46, 2, 6, 0),
(636, 'Maxim - Ball Caster Plate', '', NULL, '320.00', '150.00', 0, '2.00', 46, 16, 12, 0),
(637, 'Magnetic Catches Small', '', NULL, '10.00', '5.00', 0, '5.00', 46, 2, 12, 0),
(638, 'Baby Roller Brush Cotton 4 W/H', '', NULL, '40.00', '24.00', 0, '5.00', 139, 2, 12, 0),
(639, 'Baby Roller Brush Cotton 4', '', NULL, '35.00', '20.00', 0, '5.00', 139, 2, 12, 0),
(640, 'Welded Wire BWG16x1/2x3x100', '', NULL, '131.00', '38.90', 0, '5.00', 46, 4, 10, 0),
(641, 'Welded Wire BWG16x1x4x100', '', NULL, '103.00', '29.80', 0, '5.00', 46, 4, 10, 0),
(642, 'Eltoro - Hand Saw 18', '', NULL, '105.00', '70.00', 0, '0.00', 46, 2, 12, 0),
(643, 'Eltoro - HandSaw 20', '', NULL, '120.00', '85.00', 0, '0.00', 46, 2, 12, 0),
(644, 'Egret - Brass Padlock 35mm', '', NULL, '63.00', '46.25', 0, '5.00', 46, 2, 12, 0),
(645, 'Egret - Brass Padlock 25mm', '', NULL, '40.00', '29.00', 0, '5.00', 46, 2, 12, 0),
(646, 'Egret - Brass  Padllock 20mm', '', NULL, '37.00', '26.00', 0, '5.00', 46, 2, 12, 0),
(647, 'Advance - Barrel Bolt 2', '', NULL, '11.50', '8.00', 0, '5.00', 46, 2, 6, 0),
(648, 'Advance - Barrel Bolt 11/2', '', NULL, '8.50', '5.00', 0, '5.00', 46, 2, 6, 0),
(649, 'Diamond Brand - Safety Hasps 3', '', NULL, '15.00', '10.00', 0, '5.00', 46, 2, 12, 0),
(650, 'Diamond  Brand - Safety Hasps 21/2', '', NULL, '13.00', '9.00', 0, '5.00', 46, 2, 12, 0),
(651, 'Diamond  Brand - Safety Hasps 2', '', NULL, '10.00', '5.00', 0, '5.00', 46, 2, 12, 0),
(652, 'Diamond  Brand - Safety Hasps 4', '', NULL, '13.50', '9.00', 0, '5.00', 46, 2, 12, 0),
(653, 'Diamond  Brand - Safety Hasps 5', '', NULL, '17.50', '12.00', 0, '5.00', 46, 2, 12, 0),
(654, 'Advance - Safety Hasps 11/2', '', NULL, '7.00', '5.00', 0, '5.00', 46, 2, 6, 0),
(655, 'Panasonic Battery - AAA Black', '', NULL, '23.00', '20.00', 0, '5.00', 46, 2, 3, 0),
(656, 'Panasonic Battery - AA Black', '', NULL, '15.00', '10.00', 0, '5.00', 46, 2, 3, 0),
(657, 'Panasonic Battery - AA Red', '', NULL, '13.00', '8.00', 0, '5.00', 46, 2, 3, 0),
(658, 'Panasonic Battery - AA Blue', '', NULL, '11.50', '10.00', 0, '5.00', 46, 2, 3, 0),
(659, 'Panasonic Battery - Big Black Heavy duty', '', NULL, '24.50', '20.00', 0, '5.00', 46, 2, 3, 0),
(660, 'Panasonic Battery - Big Blue (Heavy Duty)', '', NULL, '16.00', '10.00', 0, '5.00', 46, 2, 3, 0),
(661, 'Panasonic Battery - Big Red (Heavy Duty)', '', NULL, '19.50', '10.00', 0, '5.00', 46, 2, 3, 0),
(662, '9 Volt Black', '', NULL, '60.00', '50.00', 0, '5.00', 46, 2, 12, 0),
(663, 'PVC Pipe #2- S-900', '', NULL, '108.00', '85.00', 0, '12.00', 92, 9, 9, 0),
(664, 'PVC Pipe #2 - S-500', '', NULL, '87.00', '65.00', 0, '12.00', 92, 9, 9, 0),
(665, 'Secondary Rock', '', NULL, '290.00', '200.00', 0, '2.00', 29, 2, 12, 0),
(666, 'PVC #2 - Coupling', '', NULL, '8.00', '5.00', 0, '12.00', 92, 2, 9, 0),
(667, 'PVC #2 - Elbow 90', '', NULL, '15.00', '11.00', 0, '12.00', 92, 2, 9, 0),
(668, 'PVC #2 - Elbow 45', '', NULL, '11.00', '5.00', 0, '12.00', 92, 2, 9, 0),
(669, 'PVC #2 - Equal Tee', '', NULL, '16.00', '10.00', 0, '12.00', 92, 2, 9, 0),
(670, 'PVC #2 - Clean-Out', '', NULL, '13.00', '10.00', 0, '12.00', 92, 2, 9, 0),
(671, 'PVC #2 - Wye', '', NULL, '28.00', '20.00', 0, '12.00', 92, 2, 9, 0),
(672, 'PVC #2 - P-Trap', '', NULL, '45.00', '40.00', 0, '12.00', 92, 2, 9, 0),
(673, 'PVC Pipe #3 - S-900', '', NULL, '202.00', '180.00', 0, '12.00', 92, 9, 9, 0),
(674, 'PVC Pipe #3 - S-500', '', NULL, '133.00', '114.00', 0, '12.00', 92, 9, 9, 0),
(675, 'PVC  #3 - Coupling', '', NULL, '14.00', '10.00', 0, '12.00', 92, 2, 9, 0),
(676, 'PVC #3 - Elbow 90', '', NULL, '21.00', '18.00', 0, '12.00', 92, 2, 9, 0),
(677, 'PVC  #3 - Elbow 45', '', NULL, '16.00', '10.00', 0, '5.00', 92, 2, 9, 0),
(678, 'PVC #3 - Equal Tee', '', NULL, '39.00', '30.00', 0, '12.00', 92, 2, 9, 0),
(679, 'PVC  #3 - Clean-Out', '', NULL, '18.00', '10.00', 0, '12.00', 92, 2, 9, 0),
(680, 'PVC #3 - Wye', '', NULL, '35.00', '30.00', 0, '12.00', 92, 2, 9, 0),
(681, 'PVC #3 - P-Trap', '', NULL, '85.00', '80.00', 0, '12.00', 92, 2, 9, 0),
(682, 'PVC #3 - Tee 3x2', '', NULL, '32.00', '30.00', 0, '12.00', 92, 2, 9, 0),
(683, 'PVC #3 - Reducer 3x2', '', NULL, '17.00', '10.00', 0, '12.00', 92, 2, 9, 0),
(684, 'PVC Pipe #4 - S-900', '', NULL, '269.00', '240.00', 0, '12.00', 92, 9, 9, 0),
(685, 'PVC Pipe #4 - S-500', '', NULL, '179.00', '152.00', 0, '12.00', 92, 9, 9, 0),
(686, 'PVC #4 - Coupling', '', NULL, '24.00', '20.00', 0, '12.00', 92, 2, 9, 0),
(687, 'PVC #4 - Elbow 90', '', NULL, '43.50', '25.50', 0, '12.00', 92, 2, 1, 0),
(688, 'PVC #4 - Elbow 45', '', NULL, '29.00', '20.00', 0, '12.00', 92, 2, 12, 0),
(689, 'PVC  #4 - Equal Tee', '', NULL, '67.50', '50.00', 0, '12.00', 92, 2, 9, 0),
(690, 'PVC #4 - Clean-Out', '', NULL, '31.00', '20.00', 0, '12.00', 92, 2, 9, 0),
(691, 'PVC #4 - Wye', '', NULL, '60.00', '40.00', 0, '12.00', 92, 2, 9, 0),
(692, 'PVC #4 - P-Trap', '', NULL, '107.50', '80.00', 0, '12.00', 92, 2, 9, 0),
(693, 'PVC #4 - Tee 4x2', '', NULL, '52.50', '40.00', 0, '12.00', 92, 2, 9, 0),
(694, 'PVC #4 - Tee 4x3', '', NULL, '57.50', '30.00', 0, '12.00', 92, 2, 9, 0),
(695, 'PVC #4 - Reducer 4x3', '', NULL, '25.00', '10.00', 0, '12.00', 92, 2, 9, 0),
(696, 'PVC #4 - Reducer 4x2', '', NULL, '23.00', '10.00', 0, '12.00', 92, 2, 9, 0),
(697, 'PVC  #4 - Wye 4x3', '', NULL, '55.00', '40.00', 0, '12.00', 92, 2, 9, 0),
(698, 'PVC  #4 - Wye 4x2', '', NULL, '52.50', '40.00', 0, '12.00', 92, 2, 9, 0),
(699, 'GWIW 1/2x3x100', '', NULL, '158.00', '140.00', 0, '20.00', 46, 4, 12, 0),
(700, 'GWIW - 1x3x100', '', NULL, '100.00', '80.00', 0, '20.00', 46, 4, 12, 0),
(701, 'GWIW - 1x4x100', '', NULL, '131.00', '120.00', 0, '20.00', 46, 4, 12, 0),
(702, 'GWIW - 1/2x4x100', '', NULL, '130.00', '120.00', 0, '20.00', 46, 4, 12, 0),
(703, 'PVC Screen - 1/2x4x100', '', NULL, '130.00', '100.00', 0, '20.00', 46, 4, 12, 0),
(704, 'PVC Screen - Diamond Type 3', '', NULL, '120.00', '100.00', 0, '20.00', 46, 4, 12, 0),
(705, 'PVC Screen - Diamond Type 4', '', NULL, '90.00', '70.00', 0, '20.00', 46, 4, 12, 0),
(706, 'PVC Screen - Square Type 4', '', NULL, '138.00', '120.00', 0, '20.00', 46, 4, 12, 0),
(707, 'PVC Screen - Circle Type 4', '', NULL, '108.00', '90.00', 0, '20.00', 46, 4, 12, 0),
(708, 'Screen - Aluminun Wire 3', '', NULL, '95.00', '80.00', 0, '20.00', 46, 4, 12, 0),
(709, 'Screen - Aluminun Wire 4', '', NULL, '120.00', '100.00', 0, '20.00', 46, 4, 12, 0),
(710, 'Screen - Ayagan', '', NULL, '75.00', '51.40', 0, '20.00', 46, 4, 9, 0),
(711, 'Screen - Iron Screen', '', NULL, '76.00', '60.00', 0, '20.00', 46, 4, 12, 0),
(712, 'Kwikset Lockset', '', NULL, '875.00', '673.00', 0, '2.00', 46, 2, 10, 0),
(713, 'Sherlock - Entrance Lockset', '', NULL, '320.00', '250.00', 0, '2.00', 46, 2, 12, 0),
(714, 'Henry Lockset', '', NULL, '200.00', '150.00', 0, '2.00', 46, 2, 10, 0),
(715, 'Cup Brush Knotted 10mm', '', NULL, '230.00', '200.00', 0, '2.00', 46, 2, 12, 0),
(716, 'Sheridan - Air Freshener Plural Fresh 330ml', '', NULL, '90.00', '60.00', 0, '2.00', 46, 5, 12, 0),
(717, 'Sheridan - Air Freshener Orange Fresh', '', NULL, '90.00', '60.00', 0, '2.00', 46, 5, 12, 0),
(718, 'Air Freshener', '', NULL, '45.00', '35.00', 0, '2.00', 140, 2, 3, 0),
(719, 'Ever Herd Faucet', '', NULL, '135.00', '120.00', 0, '5.00', 87, 2, 10, 0),
(720, 'Eudesign Model #1102', '', NULL, '205.00', '190.00', 0, '2.00', 87, 2, 12, 0),
(721, 'Eudesign Model #1104', '', NULL, '210.00', '190.00', 0, '2.00', 87, 2, 12, 0),
(722, 'Shark - Ball Valve 3/4', '', NULL, '240.00', '200.00', 0, '5.00', 87, 2, 12, 0),
(723, 'Shark - Ball Valve 1/2', '', NULL, '160.00', '130.00', 0, '5.00', 87, 2, 12, 0),
(724, 'PVC BAll Valve', '', NULL, '65.00', '50.00', 0, '5.00', 87, 2, 12, 0),
(725, 'Shark - Check Valve 3/4', '', NULL, '280.00', '250.00', 0, '5.00', 87, 2, 12, 0),
(726, 'Shark - Check Valve 1/2', '', NULL, '190.00', '180.00', 0, '5.00', 87, 2, 12, 0),
(727, 'Formek Faucet 1/2', '', NULL, '50.00', '25.00', 0, '5.00', 87, 2, 12, 0),
(728, 'Angle Bar 1/8x1 (Blue)', '3.3 kg', NULL, '156.00', '122.00', 0, '50.00', 9, 9, 20, 0),
(729, 'Angle Bar 3/16x1 (W)', '5.2kg', NULL, '232.00', '200.00', 0, '50.00', 9, 9, 20, 0),
(730, 'Angle Bar 3/16x1 (R)', '5.5 kg', NULL, '255.00', '230.00', 0, '50.00', 9, 9, 20, 0),
(731, 'Angle Bar 3/16x1(V)', '5.0 kg', NULL, '222.00', '190.00', 0, '50.00', 9, 9, 20, 0),
(732, 'Angle Bar 1/4x1 (V)', '7.4 kg', NULL, '342.00', '310.00', 0, '50.00', 9, 9, 20, 0),
(733, 'Angle Bar 3/16x11/2 (B)', '10.2 kg', NULL, '443.00', '408.00', 0, '50.00', 9, 9, 20, 0),
(734, 'Angle Bar 3/16 x 11/2 (O)', '10.4 kg.', NULL, '481.00', '450.00', 0, '50.00', 9, 9, 20, 0),
(735, 'Angle Bar 1/4 x 1 1/2 (R)', '12kg.', NULL, '555.00', '520.00', 0, '50.00', 9, 9, 20, 0),
(736, 'Angle Bar 1/4 x 1 1/2 (Y)', '12.6 Kg.', NULL, '583.00', '550.00', 0, '50.00', 9, 9, 20, 0),
(737, 'Angle Bar 3/16 x 2 (R)', '15  Kg.', NULL, '735.00', '700.00', 0, '50.00', 9, 9, 20, 0),
(738, 'Angle Bar 1/4 x 2 (G)', '15.5 Kg.', NULL, '850.00', '820.00', 0, '50.00', 9, 9, 20, 0),
(739, 'Deform Bar 2.2 Kg.', '', NULL, '89.00', '73.00', 0, '50.00', 11, 9, 20, 0),
(740, 'Deform Bar 2.0  Kg.', '', NULL, '76.00', '56.00', 0, '50.00', 11, 9, 20, 0),
(741, 'Deform Bar 1.0  Kg.', '', NULL, '40.00', '20.00', 0, '50.00', 11, 9, 22, 0),
(742, 'Deform Bar 1.10 Kg', '', NULL, '45.00', '20.00', 0, '50.00', 11, 9, 20, 0),
(743, 'Square Bar 16mm(R)', '', NULL, '259.00', '220.00', 0, '5.00', 11, 9, 1, 0),
(744, 'Square Bar 9mm (G)', '', NULL, '105.00', '90.00', 0, '5.00', 11, 9, 1, 0),
(745, 'Flat Bar 5mmx1 (W)', '', NULL, '265.00', '230.00', 0, '50.00', 11, 9, 22, 0),
(746, 'Flat Bar 5mmx1/4 (G)', '', NULL, '295.00', '260.00', 0, '50.00', 11, 9, 22, 0),
(747, 'Flat Bar 3/16x1(R)', '', NULL, '175.00', '140.00', 0, '50.00', 11, 9, 20, 0),
(748, 'Flat Bar 1/8x1 (Y)', '', NULL, '130.00', '100.00', 0, '50.00', 11, 9, 22, 0),
(749, 'Flat Bar1/4X1 (R)', '', NULL, '207.00', '172.00', 0, '50.00', 11, 9, 20, 0),
(750, 'Round Bar 6mm (W)', '', NULL, '53.00', '30.00', 0, '50.00', 11, 9, 22, 0),
(751, 'Round Bar 8mm (r)', '', NULL, '89.00', '69.00', 0, '50.00', 11, 9, 22, 0),
(752, 'Round Bar 10mm (B)', '', NULL, '125.00', '105.00', 0, '50.00', 11, 9, 22, 0),
(753, 'Round Bar 12mm (G)', '', NULL, '158.00', '128.00', 0, '50.00', 11, 9, 22, 0),
(754, 'Hanking Rubber Gloves', '', NULL, '45.00', '30.00', 0, '5.00', 46, 2, 12, 0),
(755, 'Devcon - Epoxy 56.8 grams', '', NULL, '100.00', '86.00', 0, '5.00', 46, 2, 12, 0),
(756, 'G.I Kitchen Sink Small', '', NULL, '160.00', '140.00', 0, '2.00', 87, 2, 10, 0),
(757, 'Hose Clamp 1/2', '', NULL, '10.00', '3.00', 0, '5.00', 87, 2, 9, 0),
(758, 'Hose Clamp 1 1/2', '', NULL, '15.00', '8.40', 0, '5.00', 87, 2, 25, 0),
(759, 'Hasplock 2 1/2B', '', NULL, '125.00', '93.75', 0, '5.00', 46, 2, 25, 0),
(760, 'Night Latch 605', '', NULL, '250.00', '50.00', 0, '2.00', 46, 2, 25, 0),
(761, 'Ordinary Faucet', '', NULL, '110.00', '80.00', 0, '5.00', 87, 2, 12, 0),
(762, 'Shower Valve', '', NULL, '275.00', '250.00', 0, '2.00', 87, 2, 12, 0),
(763, 'Angle Valve', '', NULL, '60.00', '30.00', 0, '5.00', 130, 2, 6, 0),
(764, 'Stainless Steel Floor Drainage', '', NULL, '200.00', '150.00', 0, '5.00', 87, 2, 12, 0),
(765, 'American Standard - Tank Fittings', '', NULL, '310.00', '250.00', 0, '1.00', 130, 2, 10, 0),
(766, 'C-Clamp 3/4 & 1/2', '', NULL, '2.00', '1.00', 0, '12.00', 117, 2, 12, 0),
(767, 'Chalk Stone', '', NULL, '15.00', '5.00', 0, '5.00', 46, 2, 10, 0),
(768, 'Shark SF2770 Brass B.V 12', '', NULL, '160.00', '110.00', 0, '5.00', 87, 2, 12, 0),
(769, 'Shark SF2773 Brass W/Lockhole 1', '', NULL, '200.00', '149.97', 0, '5.00', 87, 2, 12, 0),
(770, 'Washer 8mm', '', NULL, '1.50', '0.75', 0, '12.00', 46, 2, 9, 0),
(771, 'Washer 6mm', '', NULL, '1.50', '0.75', 0, '12.00', 46, 2, 9, 0),
(772, 'Washer 5/8', '', NULL, '3.00', '1.00', 0, '12.00', 46, 2, 12, 0),
(773, 'Washer 1/4', '', NULL, '4.00', '1.00', 0, '12.00', 46, 2, 9, 0),
(774, 'Washer 3/8', '', NULL, '7.00', '1.00', 0, '12.00', 46, 2, 9, 0),
(775, 'Shark - SF2590 Angle valve 1/2x3/8', '', NULL, '150.00', '101.22', 0, '1.00', 87, 2, 12, 0),
(776, 'Shark - SF2593 Univ. Brass A/Valve', '', NULL, '175.00', '127.47', 0, '1.00', 87, 2, 12, 0),
(777, 'Shark - SF2802 HD Steel F/Drain 4x4', '', NULL, '60.00', '44.97', 0, '1.00', 87, 2, 12, 0),
(778, 'Bolts 7/16x2', '', NULL, '18.00', '10.00', 0, '5.00', 46, 2, 11, 0),
(779, 'Bolts 5/16 x 3/4', '', NULL, '5.00', '1.00', 0, '5.00', 46, 2, 11, 0),
(780, 'Bolts 8x30', '', NULL, '6.00', '1.00', 0, '5.00', 46, 2, 11, 0),
(781, 'Bolts 1/4 x 1/2', '', NULL, '4.00', '1.00', 0, '5.00', 140, 2, 9, 0),
(782, 'Bolts 1/4 x 21/2', '', NULL, '9.00', '2.00', 0, '5.00', 140, 2, 9, 0),
(783, 'Bolts 10 x 76', '', NULL, '21.00', '10.00', 0, '5.00', 140, 2, 9, 0),
(784, 'Bolts 1/2 x 1', '', NULL, '13.00', '9.00', 0, '5.00', 140, 2, 9, 0),
(785, 'Bolts 3/8 x 3', '', NULL, '11.50', '5.00', 0, '5.00', 46, 2, 11, 0),
(786, 'Bolts 1/2 x 3', '', NULL, '20.00', '10.00', 0, '5.00', 140, 2, 9, 0),
(787, 'Bolts 7/16 x 1', '', NULL, '9.00', '5.00', 0, '5.00', 46, 2, 11, 0),
(788, 'Bolts 7/16 x 3', '', NULL, '16.00', '10.00', 0, '5.00', 46, 2, 11, 0),
(789, 'Bolts  3/8 x 1', '', NULL, '8.00', '3.00', 0, '5.00', 140, 2, 9, 0),
(790, 'Bolts 1/4 x 1 1/4', '', NULL, '18.00', '10.00', 0, '5.00', 140, 2, 9, 0),
(791, 'Bolts 7/16 x 2 1/2', '', NULL, '18.00', '10.00', 0, '5.00', 46, 2, 11, 0),
(792, 'Bolts 1/4 x 2', '', NULL, '8.50', '3.00', 0, '5.00', 140, 2, 9, 0),
(793, 'Bolts 3/8 x 3/4', '', NULL, '8.00', '2.00', 0, '5.00', 46, 2, 11, 0),
(794, 'Bolts 1/2 x 2', '', NULL, '19.00', '10.00', 0, '5.00', 140, 2, 9, 0),
(795, 'Bolts 5/6 x 3', '', NULL, '12.00', '5.00', 0, '5.00', 46, 2, 11, 0),
(796, 'Bolts  1/2 x 11/2', '', NULL, '15.00', '10.00', 0, '5.00', 140, 2, 9, 0),
(797, 'Bolts  5/16 x 11/2', '', NULL, '7.00', '2.00', 0, '5.00', 140, 2, 9, 0),
(798, 'Bolts 10x25', '', NULL, '8.00', '3.00', 0, '5.00', 46, 2, 11, 0),
(799, 'Bolts 1/4x3', '', NULL, '10.00', '5.00', 0, '5.00', 140, 2, 9, 0),
(800, 'Bolts 7/16 x 11/4', '', NULL, '12.00', '7.00', 0, '5.00', 46, 2, 11, 0),
(801, 'Bolts 7/16x3/4', '', NULL, '10.00', '5.00', 0, '5.00', 46, 2, 11, 0),
(802, 'Bolts 3/8x21/2', '', NULL, '10.00', '5.00', 0, '5.00', 46, 2, 11, 0),
(803, 'Bolts 5/16x1/2', '', NULL, '5.00', '1.00', 0, '5.00', 46, 2, 11, 0),
(804, 'Bolts 1/2x1/4', '', NULL, '4.50', '1.00', 0, '5.00', 140, 2, 9, 0),
(805, 'Expantion Bolt', '', NULL, '22.00', '15.00', 0, '5.00', 46, 2, 12, 0),
(806, 'Sure Tite-Superglue (3g)', '', NULL, '30.00', '20.00', 0, '5.00', 46, 2, 12, 0),
(807, 'Mighty Bond 3g', '', NULL, '48.00', '30.00', 0, '5.00', 46, 2, 12, 0),
(808, 'Shell - Retinax Grease', '', NULL, '15.00', '5.00', 0, '5.00', 31, 2, 12, 0),
(809, 'Mighty Bond', '', NULL, '48.00', '20.00', 0, '5.00', 46, 2, 12, 1),
(810, 'Pioneer - Plus Five Epoxy', '', NULL, '40.00', '20.00', 0, '5.00', 46, 2, 12, 0),
(811, 'Pioneer - Durasteel Epoxy', '', NULL, '50.00', '30.00', 0, '5.00', 46, 2, 12, 0),
(812, 'Max Bond - Super Glue 0.5g', '', NULL, '20.00', '10.00', 0, '5.00', 46, 2, 12, 0),
(813, 'Max Bond - Super Glue 3g', '', NULL, '38.00', '15.00', 0, '5.00', 46, 2, 12, 0),
(814, 'Tire Black 30ml', '', NULL, '23.00', '15.00', 0, '5.00', 31, 2, 12, 0),
(815, 'Fed Seal 82.5ml', '', NULL, '45.00', '30.00', 0, '5.00', 46, 2, 12, 0),
(816, 'Pioneer - Elastocel Pisilito 85g', '', NULL, '45.00', '34.00', 0, '5.00', 46, 2, 11, 0),
(817, 'Bull Dog 3g', '', NULL, '55.00', '30.00', 0, '5.00', 46, 2, 12, 1),
(818, 'Max Bond - Aqua Stop', '', NULL, '62.50', '45.00', 0, '5.00', 87, 2, 12, 0),
(819, 'Pioneer - Mighty Gasket 85g (Black RTV Silicon)', '', NULL, '100.00', '50.00', 0, '5.00', 31, 2, 12, 0),
(820, 'Pioneer - Mighty Gasket 85g (Red High Temp Silicon)', '', NULL, '105.00', '90.00', 0, '5.00', 31, 2, 12, 0),
(821, 'Shure-Tite Plastic Wood', '', NULL, '208.00', '180.00', 0, '5.00', 46, 7, 10, 0),
(822, 'Sure Tite - Red RTV Silicon 45g', 'Gasket Maker', NULL, '48.00', '35.00', 0, '5.00', 46, 2, 12, 0),
(823, 'Sher - Car Shampoo W/ Wax 30ml', '', NULL, '10.00', '3.00', 0, '5.00', 31, 2, 12, 0),
(824, 'Bostik - No More Nails 100g', '', NULL, '58.00', '40.00', 0, '5.00', 129, 2, 12, 0),
(825, 'Tungho - PVC Sprayer HD-Green', '', NULL, '1000.00', '900.00', 0, '0.00', 87, 2, 12, 0),
(826, 'Faultless Chain & bolt', '', NULL, '300.00', '225.00', 0, '1.00', 46, 2, 12, 0),
(827, 'Kawaguchi Staple Nail 1', '', NULL, '50.00', '38.00', 0, '1.00', 117, 18, 10, 0),
(828, 'Weber - Spray Paint (White)', '', NULL, '100.00', '70.00', 0, '2.00', 53, 5, 10, 0),
(829, 'Weber - Spray Paint (Medium Yellow)', '', NULL, '100.00', '80.00', 0, '2.00', 53, 5, 10, 0),
(830, 'Weber - Spray Paint (Black)', '', NULL, '100.00', '70.00', 0, '2.00', 53, 5, 10, 0),
(831, 'Weber - Spray Paint (Flourescent  Green)', '', NULL, '120.00', '100.00', 0, '2.00', 53, 5, 10, 0),
(832, 'Weber - Spray Paint (Flourescent Yellow)', '', NULL, '120.00', '100.00', 0, '2.00', 53, 5, 10, 0),
(833, 'Z Spray - Spray Paint (Leaf Green)', '', NULL, '130.00', '100.00', 0, '2.00', 53, 5, 10, 0),
(834, 'Z Spray - Spray Paint (Honda Blue)', '', NULL, '130.00', '100.00', 0, '2.00', 53, 5, 10, 0),
(835, 'Z Spray - Spray Paint (Yamaha Red)', '', NULL, '130.00', '100.00', 0, '2.00', 53, 5, 10, 0),
(836, 'Cotton Gloves', '', NULL, '20.00', '13.00', 0, '5.00', 129, 15, 9, 0),
(837, 'Makita - Carbon Brush CB-408', '', NULL, '42.00', '40.00', 0, '5.00', 46, 2, 12, 0),
(838, 'Screen Polyethene - Hanvit Korea', '', NULL, '56.00', '40.00', 0, '5.00', 46, 4, 12, 0),
(839, 'Faultless S.S Key  Deactivation D267', '', NULL, '800.00', '705.00', 0, '1.00', 46, 2, 10, 0),
(840, 'Faultless Satin Stainless Ent. TW600', '', NULL, '400.00', '307.50', 0, '1.00', 46, 2, 12, 0),
(841, 'Fuji - Welding Rod 1/8 #6011', '20kls.', NULL, '145.00', '121.00', 0, '5.00', 129, 1, 29, 0),
(842, 'Eagle - Plastic Twine 1kg.', '', NULL, '65.00', '49.00', 0, '5.00', 46, 2, 12, 0),
(843, 'Sahara - Cement WaterProofing', '', NULL, '42.00', '25.00', 0, '5.00', 57, 12, 1, 0),
(844, 'Bianco - H.L.P 3 1/2x3 Stainless', '', NULL, '260.00', '200.00', 0, '1.00', 46, 2, 12, 0),
(845, 'Bianco - H.L.P 3x3 Stainless', '', NULL, '208.00', '160.00', 0, '1.00', 46, 2, 12, 0),
(846, 'Welding Glass 10', '', NULL, '15.00', '7.50', 0, '2.00', 46, 2, 12, 0),
(847, 'Welding Glass 12', '', NULL, '15.00', '7.50', 0, '2.00', 46, 2, 12, 0),
(848, 'Z bar', '', NULL, '255.00', '200.00', 0, '50.00', 11, 9, 22, 0),
(849, 'Cable Tie #10', '4.8 x 250mm', NULL, '3.00', '1.00', 0, '5.00', 46, 2, 10, 0),
(850, 'Cable Tie #12', '4.8 x 350mm', NULL, '3.00', '1.00', 0, '5.00', 46, 2, 10, 0),
(851, 'Cable Tie #14', '7.6 x 350mm', NULL, '3.00', '1.00', 0, '5.00', 46, 2, 10, 0),
(852, 'Cable Tie #15', '7.6 x 380mm', NULL, '3.00', '1.00', 0, '5.00', 46, 2, 10, 0),
(853, 'Cable Tie #18', '8 x 450mm', NULL, '3.00', '1.00', 0, '5.00', 46, 2, 10, 0),
(854, 'Cable Tie #3', '2.5 x 80mm', NULL, '2.00', '1.00', 0, '5.00', 46, 2, 10, 0),
(855, 'Cable Tie #5', '3.6 x 140mm', NULL, '2.50', '1.00', 0, '5.00', 46, 2, 10, 0),
(856, 'Cable Tie #7', '4.8 x 180mm', NULL, '2.00', '1.00', 0, '5.00', 46, 2, 10, 0),
(857, 'Cable Tie  # 8', '4.8 x 200mm', NULL, '2.00', '1.00', 0, '5.00', 46, 2, 10, 0),
(858, 'Armak - Duct Tape 3 (Silver)', '', NULL, '130.00', '100.00', 0, '1.00', 117, 2, 10, 0),
(859, 'Armak - Duct Tape 4 (Silver)', '', NULL, '240.00', '200.00', 0, '1.00', 117, 2, 10, 0),
(860, 'Narrow Butt Hinges 505-B 3', '', NULL, '15.00', '8.50', 0, '12.00', 46, 2, 9, 0),
(861, 'Narrow Butt Hinges 505-B 4', '', NULL, '29.00', '15.50', 0, '10.00', 46, 2, 9, 0),
(862, 'G.I Pipe - Eagle 1/2', '', NULL, '370.00', '300.00', 0, '5.00', 16, 9, 22, 0),
(863, 'G.I Pipe - Eagle 3/4', '', NULL, '460.00', '400.00', 0, '5.00', 16, 9, 22, 0),
(864, 'G.I Pipe - 1/2 S40', '', NULL, '197.00', '150.00', 0, '5.00', 16, 9, 22, 0),
(865, 'G.I Pipe - 1/2 S20', '', NULL, '175.00', '100.00', 0, '5.00', 16, 9, 20, 0),
(866, 'G.I Pipe - 3/4 S40', '', NULL, '268.00', '200.00', 0, '5.00', 16, 9, 20, 0),
(867, 'G.I Pipe - 3/4 S20', '', NULL, '232.00', '200.00', 0, '5.00', 16, 9, 20, 0),
(868, 'G.I Pipe - 1 S40', '', NULL, '324.00', '300.00', 0, '5.00', 16, 9, 20, 0),
(869, 'G.I Pipe - 1  S20', '', NULL, '286.00', '200.00', 0, '5.00', 16, 9, 20, 0),
(870, 'G.I Pipe - 1 1/4 S40', '', NULL, '509.00', '450.00', 0, '5.00', 16, 9, 20, 0),
(871, 'G.I Pipe - 1 1/4 S20', '', NULL, '286.00', '200.00', 0, '5.00', 16, 9, 20, 0),
(872, 'G.I Pipe - 1  1/2 S40', '12.3KG', NULL, '558.00', '500.00', 0, '5.00', 16, 9, 22, 0),
(873, 'G.I Pipe - 1 1/2 S20', '', NULL, '518.00', '500.00', 0, '5.00', 16, 9, 22, 0),
(874, 'G.I Pipe - 2 S40', '', NULL, '905.00', '850.00', 0, '5.00', 16, 9, 20, 0),
(875, 'G.I Pipe - 2 S20', '', NULL, '617.00', '550.00', 0, '5.00', 16, 9, 22, 0),
(876, 'G.I Pipe (Ord) - 2 1/2 S-40', '', NULL, '1182.00', '1000.00', 0, '5.00', 16, 9, 22, 0),
(877, 'G.I Pipe (ord) - 2 1/2 S-20', '', NULL, '958.00', '900.00', 0, '5.00', 16, 9, 22, 0),
(878, 'Bianco - Glass Sliding 40cm', '', NULL, '75.00', '50.00', 0, '2.00', 46, 15, 12, 0),
(879, 'Bianco - Glass Sliding 50cm', '', NULL, '87.50', '70.00', 0, '2.00', 46, 15, 12, 0),
(880, 'Creston - Glass Sliding 40cm', '', NULL, '115.00', '100.00', 0, '2.00', 46, 15, 12, 0),
(881, 'Baufix - Tile Adhesive', '', NULL, '245.00', '200.00', 0, '10.00', 51, 3, 11, 0),
(882, 'C- Purlin - 2x3x6M (1.50mm)', '', NULL, '528.00', '500.00', 0, '25.00', 134, 2, 12, 0),
(883, 'C-Purlin - 2x4x6M (1.20mm)', '', NULL, '602.00', '500.00', 0, '25.00', 134, 2, 12, 0),
(884, 'Cyclone Wire 10x4', '', NULL, '370.00', '300.00', 0, '1.00', 46, 17, 2, 0),
(885, 'Steel Matting 4x8x8mm', '', NULL, '550.00', '480.00', 0, '5.00', 11, 2, 18, 0),
(886, 'Square Tube 1 1/2 x 1/2 (1.5mm)', '', NULL, '540.00', '500.00', 0, '20.00', 11, 9, 2, 0),
(887, 'Moulding - 1x3x10', '', NULL, '162.50', '150.00', 0, '10.00', 46, 2, 25, 0),
(888, 'Moulding - 1x4x8', '', NULL, '145.00', '120.00', 0, '10.00', 46, 2, 25, 0),
(889, 'Moulding - 1x3x8', '', NULL, '120.00', '100.00', 0, '10.00', 46, 2, 25, 0),
(890, 'Moulding - 1x2x8 (S45)', '', NULL, '60.00', '46.00', 0, '10.00', 46, 2, 25, 0),
(891, 'Moulding - 1x2x8', '', NULL, '93.00', '70.00', 0, '10.00', 46, 2, 25, 0),
(892, 'Moulding - Half Round 1x8ft.', '', NULL, '38.00', '20.00', 0, '2.00', 46, 2, 5, 0),
(893, 'Moulding - Concave 8ft', '', NULL, '38.00', '20.00', 0, '10.00', 46, 2, 5, 0),
(894, 'Moulding - Cornice 2 x 8ft.', '', NULL, '110.00', '88.00', 0, '10.00', 46, 2, 25, 0),
(895, 'Moulding - Latis 1/2 x 1 x 8', '', NULL, '38.00', '20.00', 0, '2.00', 46, 2, 5, 0),
(896, 'Moulding - Cornice 3x8', '', NULL, '100.00', '120.00', 0, '10.00', 46, 2, 25, 0),
(897, 'Moulding - Coldoroy 1x8 ft.', '', NULL, '38.00', '20.00', 0, '10.00', 46, 2, 5, 0),
(898, 'Moulding - Coldoroy 3x8ft.', '', NULL, '105.00', '88.00', 0, '10.00', 46, 2, 25, 0),
(899, 'Moulding - Cornice 4 x 10', '', NULL, '162.00', '137.00', 0, '10.00', 46, 2, 25, 0),
(900, 'Moulding - Cornice 4 x 8ft.', '', NULL, '135.00', '110.00', 0, '10.00', 46, 2, 25, 0),
(901, 'B-Board 10ft.', '', NULL, '150.00', '137.50', 0, '5.00', 46, 2, 25, 0),
(902, 'Moulding - B - Board 10ft.', '', NULL, '137.50', '120.00', 0, '8.00', 46, 2, 25, 0),
(903, 'Moulding - B - Board 8ft.', '', NULL, '110.00', '100.00', 0, '2.00', 46, 2, 25, 0),
(904, 'Moulding - Clover', '', NULL, '38.00', '26.00', 0, '5.00', 46, 2, 25, 0),
(905, 'Pully  Big', '', NULL, '75.00', '70.00', 0, '2.00', 46, 2, 12, 0),
(906, 'Pully Small', '', NULL, '22.00', '15.00', 0, '2.00', 46, 2, 12, 0),
(907, 'Torogrande - Lightweight Finishing Trowel', '', NULL, '80.00', '70.00', 0, '1.00', 46, 2, 12, 1),
(908, 'PVC Door 60 x 210 PD3 (White)', '', NULL, '1250.00', '1050.00', 0, '1.00', 46, 2, 11, 0),
(909, 'Pioneer - Elastocel Pisi Pack 250g', '', NULL, '96.00', '82.00', 0, '5.00', 46, 2, 11, 0),
(910, 'Hippo - PE Screen Netting 36x100', '', NULL, '75.00', '50.00', 0, '5.00', 46, 4, 11, 0),
(911, 'Hippo - PE Screen Netting 48x100', '', NULL, '75.00', '50.00', 0, '5.00', 46, 4, 11, 0),
(912, 'Max Bond - PVC Solvent Cement 500g', '', NULL, '228.00', '200.00', 0, '3.00', 46, 2, 10, 0),
(913, 'Garden Hose 1/2', '(rainbow hose) 90m', NULL, '18.00', '14.70', 1, '10.00', 130, 4, 10, 0),
(914, 'Garden Hose 3/4', '(rainbow hose) 60m', NULL, '32.00', '28.40', 0, '10.00', 130, 4, 10, 0),
(915, 'Hose Clamp #6 - Galvanized', '', NULL, '18.52', '15.00', 0, '2.00', 87, 2, 8, 0),
(916, 'Hose Clamp #3 - Galvanized', '', NULL, '9.97', '5.00', 0, '2.00', 87, 2, 8, 0),
(917, 'Hose Clamp #2', '', NULL, '12.35', '10.00', 0, '2.00', 87, 2, 8, 0),
(918, 'Hose Clamp 3/4', '', NULL, '5.70', '4.00', 0, '2.00', 87, 2, 8, 0),
(919, 'Nylone String', '', NULL, '84.60', '80.00', 0, '2.00', 46, 2, 8, 0),
(920, 'Stainless Handle', '', NULL, '26.00', '20.00', 0, '2.00', 46, 2, 8, 0),
(921, 'Break Trowel', '', NULL, '35.00', '27.00', 0, '5.00', 129, 2, 8, 0),
(922, 'Nylon #080', '', NULL, '25.00', '12.00', 0, '2.00', 46, 2, 8, 0),
(923, 'Construction Helmet (White)', '', NULL, '100.00', '50.90', 0, '1.00', 129, 2, 8, 0),
(924, 'Construction  Helmet (yellow)', '', NULL, '100.00', '60.20', 0, '1.00', 129, 2, 8, 0),
(925, 'Construction Helmet (blue)', '', NULL, '100.00', '60.20', 0, '1.00', 129, 2, 8, 0),
(926, 'Nylon Rope 3MMx200M #6', '', NULL, '3.00', '1.80', 0, '12.00', 46, 4, 8, 0),
(927, 'Toilet Bowl Pail Flush', '', NULL, '500.00', '400.00', 0, '1.00', 87, 2, 8, 0),
(928, 'PVC  Pail #12 (Black)', '', NULL, '50.00', '31.00', 0, '2.00', 87, 2, 8, 0),
(929, 'Plastering Trowel PVC Handle', '', NULL, '50.00', '42.00', 0, '2.00', 46, 2, 8, 0),
(930, 'Steel Brush Silver', '', NULL, '25.00', '16.80', 0, '2.00', 46, 2, 8, 0),
(931, 'Kawaguchi Staple Nail 1/2', '', NULL, '35.00', '25.00', 1, '1.00', 117, 18, 10, 0),
(932, 'Kawaguchi Staple Nail 3/4', '', NULL, '45.00', '30.00', 0, '1.00', 117, 18, 10, 0),
(933, 'Rubber Boots', '', NULL, '300.00', '260.00', 0, '1.00', 87, 15, 8, 0),
(934, 'Construction Helmet Orange', '', NULL, '100.00', '60.20', 0, '1.00', 129, 2, 8, 0),
(935, 'Ceramic Tiles - 8x8 Glaze', '', NULL, '15.00', '9.00', 0, '12.00', 51, 2, 8, 0),
(936, 'TenZen Tiles 16x16 (4912)', '', NULL, '68.00', '60.00', 0, '2.00', 50, 2, 8, 0),
(937, 'TenZen Tiles 16x16 (4061)', '', NULL, '68.00', '55.00', 0, '24.00', 50, 2, 8, 0),
(938, 'Ceramic Tiles - Wavey Biege 12x12', '', NULL, '35.00', '25.00', 0, '24.00', 51, 2, 8, 0),
(939, 'Rope #1', '', NULL, '3.00', '1.00', 0, '150.00', 46, 4, 72, 0),
(940, 'Rope #2', '', NULL, '3.00', '1.00', 0, '150.00', 46, 4, 72, 0),
(941, 'Rope # 3', '', NULL, '5.00', '2.00', 0, '150.00', 46, 4, 72, 0),
(942, 'Rope # 4', '', NULL, '7.00', '3.00', 0, '150.00', 46, 4, 72, 0),
(943, 'Rope # 5', '', NULL, '8.00', '5.00', 0, '150.00', 46, 4, 72, 0),
(944, 'Rope # 6', '', NULL, '10.00', '5.00', 0, '150.00', 46, 4, 72, 0),
(945, 'Rope # 7', '', NULL, '11.00', '5.00', 0, '150.00', 46, 4, 72, 0),
(946, 'Rope # 8', '', NULL, '12.00', '7.00', 0, '150.00', 46, 4, 72, 0),
(947, 'Rope # 9', '', NULL, '16.50', '12.00', 0, '150.00', 46, 4, 72, 0),
(948, 'Rope # 10', '', NULL, '20.00', '15.00', 0, '150.00', 46, 4, 72, 0),
(949, 'Welding Mask #3', '', NULL, '100.00', '75.60', 0, '1.00', 46, 2, 8, 0),
(950, 'Ceramic Tiles 16 x 16 (4000)', '', NULL, '60.00', '57.00', 0, '24.00', 51, 2, 8, 0),
(951, 'TenZen Tiles 16x16 (4089)', '', NULL, '68.00', '62.00', 0, '24.00', 50, 2, 8, 0),
(952, 'Caida Ceramic Tiles 16x16 (4741)', '', NULL, '56.00', '52.00', 0, '20.00', 51, 2, 8, 0),
(953, 'Spool Insulator', '', NULL, '65.00', '42.75', 0, '2.00', 46, 2, 8, 0),
(954, 'Utility Knife (HF-SHP086)', '', NULL, '60.00', '40.00', 0, '0.00', 46, 2, 8, 0),
(955, 'Utility Knife (HF-SFL01)', '', NULL, '96.00', '76.00', 0, '0.00', 46, 2, 8, 0),
(956, 'Tile Trim 6mmx8 (Black)', '', NULL, '38.00', '23.75', 0, '5.00', 50, 2, 8, 0),
(957, 'Tile Trim 6mm (Light Blue)', '', NULL, '38.00', '23.75', 0, '5.00', 46, 2, 8, 0),
(958, 'Tile trim 6mm (White)', '', NULL, '40.00', '25.00', 0, '5.00', 50, 2, 8, 0),
(959, 'Tile Trim 6MM (Light Pink)', '', NULL, '38.00', '23.75', 0, '5.00', 50, 2, 8, 0),
(960, 'TenZen Ceramic Tiles 16x16 (4093)', '', NULL, '70.00', '60.00', 0, '20.00', 50, 2, 8, 0),
(961, 'ABC - Silicon Sealant-Red', '', NULL, '180.00', '150.00', 0, '1.00', 136, 2, 24, 0),
(962, 'ABC Silicon Sealant-Blue', '', NULL, '190.00', '160.00', 0, '1.00', 136, 2, 24, 0),
(963, 'Granite Tiles 60x60 (JD6693)', '', NULL, '195.00', '173.00', 0, '2.00', 50, 2, 8, 0),
(964, 'Lepanto Ceramic Tiles - julianne Pink (GW22)', '', NULL, '15.00', '12.50', 0, '20.00', 50, 2, 8, 0),
(965, 'Scraper Knife Wood Handle #21/2', '', NULL, '18.00', '11.50', 0, '5.00', 46, 2, 8, 0),
(966, 'Scraper Knife Wood Handle #3', '', NULL, '22.00', '12.60', 0, '2.00', 46, 2, 8, 0),
(967, 'TenZen Tiles 16x16 (4062)', '', NULL, '60.00', '58.00', 0, '20.00', 50, 2, 8, 0),
(968, 'Standard - Chisel 1/4', '', NULL, '84.50', '65.00', 0, '1.00', 46, 2, 8, 0),
(969, 'Standard - Chisel 1/2', '', NULL, '83.00', '71.50', 0, '1.00', 46, 2, 8, 0),
(970, 'Standard - Chisel 3/4', '', NULL, '101.50', '78.00', 0, '1.00', 46, 2, 8, 0),
(971, 'Standard - Padlock 40mm-L', '', NULL, '52.50', '40.30', 0, '1.00', 46, 2, 8, 0),
(972, 'Standard - Padlock 50mm-L', '', NULL, '63.00', '52.00', 0, '2.00', 46, 2, 8, 0),
(973, 'Sanda - PVC Door Half Glass-Dark', '', NULL, '1800.00', '1650.00', 0, '1.00', 46, 2, 8, 0),
(974, 'Ceramic Wall  Tiles 8x12 (2309P)', '', NULL, '19.00', '16.00', 0, '20.00', 51, 2, 8, 0),
(975, 'TenZen 16x16 12x12 (3093)', '', NULL, '34.00', '29.00', 0, '20.00', 50, 2, 8, 0),
(976, 'Tile Border 7x20cm - Dolphin', '', NULL, '15.00', '10.00', 0, '20.00', 50, 2, 8, 0),
(977, 'Tile 4x10 Sale', '', NULL, '25.00', '3.50', 0, '50.00', 50, 2, 8, 0),
(978, 'China Tiles 8x8 (Blue)', '', NULL, '20.00', '15.00', 0, '50.00', 51, 2, 8, 0),
(979, 'Caida Ceramic Tiles 12x12 (3105)', '', NULL, '35.00', '30.00', 0, '50.00', 51, 2, 8, 0),
(980, 'TenZen Tiles 12x12 (3086)', '', NULL, '42.00', '37.00', 0, '50.00', 50, 2, 8, 0),
(981, 'Tile Border 7x20cm - Henkel', '', NULL, '15.00', '12.00', 0, '20.00', 50, 2, 8, 0),
(982, 'Tile Border 7x20cm - Delaney', '', NULL, '15.00', '12.00', 0, '20.00', 50, 2, 8, 0),
(983, 'Greenfield - Foot Pump w/ Pressure Gauge', '', NULL, '350.00', '300.00', 0, '0.00', 91, 2, 40, 0),
(984, 'Venus - Open Wrenge 10x11', '', NULL, '20.00', '15.00', 0, '5.00', 91, 2, 8, 0),
(985, 'Venus - openwringe 10x11mm', '', NULL, '32.00', '25.00', 0, '2.00', 91, 2, 8, 0),
(986, 'Venus - open wringe 16x17mm', '', NULL, '32.00', '25.00', 0, '2.00', 91, 2, 8, 0),
(987, 'Venus - open wringe 12x13mm', '', NULL, '32.00', '25.00', 0, '2.00', 91, 2, 8, 0),
(988, 'Venus - open wringe 18x19', '', NULL, '39.00', '29.00', 0, '2.00', 91, 2, 8, 0),
(989, 'Venus - Open Wringe 21x23mm', '', NULL, '50.00', '30.00', 0, '2.00', 91, 2, 8, 0),
(990, 'Venus - Open Wringe 20x22mm', '', NULL, '145.00', '130.00', 0, '2.00', 91, 2, 8, 0),
(991, 'Venus - Open Wringe 24x26mm', '', NULL, '62.00', '50.00', 0, '2.00', 91, 2, 8, 0),
(992, 'Venus - Combination Wringe 11mm', '', NULL, '30.00', '15.00', 0, '2.00', 91, 2, 8, 0),
(993, 'Venus - Combination Wringe 12mm', '', NULL, '32.00', '15.00', 0, '2.00', 91, 2, 8, 0),
(994, 'Venus - Combination Wringe 14mm', '', NULL, '37.00', '20.00', 0, '2.00', 91, 2, 8, 0),
(995, 'Venus - Combination Wringe  16mm', '', NULL, '22.00', '30.00', 0, '2.00', 91, 2, 8, 0),
(996, 'Venus - Combination Wringe 18mm', '', NULL, '61.00', '50.00', 0, '2.00', 91, 2, 8, 0),
(997, 'Venus - Combination Wringe 19mm', '', NULL, '69.00', '60.00', 0, '2.00', 91, 2, 8, 0),
(998, 'Standard - No. 3090 2way', '', NULL, '45.00', '30.00', 0, '2.00', 91, 2, 8, 0),
(999, 'Standard - 7650 2way', '', NULL, '50.00', '30.00', 0, '2.00', 91, 2, 8, 0),
(1000, 'Standard - No.7660 2way', '', NULL, '42.50', '30.00', 0, '2.00', 91, 2, 8, 0),
(1001, 'Back Wrenge 12mm', '', NULL, '38.00', '20.00', 0, '2.00', 91, 2, 8, 0),
(1002, 'Back Wrenge 15mm', '', NULL, '61.00', '50.00', 0, '2.00', 91, 2, 8, 0),
(1003, 'Back Wrenge 13mm', '', NULL, '58.00', '48.00', 0, '2.00', 91, 2, 8, 0),
(1004, 'Cannon - Flat Screw 8mm', '', NULL, '38.00', '30.00', 0, '2.00', 91, 2, 8, 0),
(1005, 'Cannon - Flat Screw 20mm', '', NULL, '38.00', '20.00', 0, '2.00', 91, 2, 8, 0),
(1006, 'Cannon - Star Screw 20mm', '', NULL, '387.00', '20.00', 0, '2.00', 91, 2, 8, 0),
(1007, 'Cannon - Star Screw 18mm', '', NULL, '35.00', '25.00', 0, '2.00', 91, 2, 8, 0),
(1008, 'ABC Tile Grout F16 [cream]', '', NULL, '66.00', '50.00', 0, '10.00', 164, 12, 24, 0),
(1009, 'ABC Tile Grout [F23 peach]', '', NULL, '66.00', '50.00', 0, '10.00', 164, 12, 24, 0),
(1010, 'ABC Tile Grout (f22 mint green)', '', NULL, '66.00', '50.00', 0, '10.00', 164, 12, 24, 0),
(1011, 'ABC Tile Grout (f15white)', '', NULL, '66.00', '50.00', 0, '10.00', 164, 12, 24, 0),
(1012, 'ABC Tile Grout (p8 sorento blue )', '', NULL, '66.00', '50.00', 0, '10.00', 164, 12, 24, 0),
(1013, 'ABC Tile Grout (f1 bahama biege)', '', NULL, '66.00', '50.00', 0, '10.00', 164, 12, 24, 0),
(1014, 'ABC Tile Grout (f11 terracota)', '', NULL, '66.00', '50.00', 0, '10.00', 164, 12, 24, 0),
(1015, 'Complete 14-14-14', '', NULL, '28.00', '20.00', 0, '6.00', 93, 1, 3, 0),
(1016, 'ammonium 21-0-0', '', NULL, '17.00', '12.00', 0, '6.00', 93, 1, 44, 0),
(1017, 'Boysen 1G-C', 'Flatwall Enamel', '', '580.00', '10.00', 0, '10.00', 38, 6, 2, 1),
(1018, 'Boysen 1G-C', 'Flat Latex', '', '513.00', '10.00', 0, '10.00', 38, 6, 2, 1),
(1019, 'Boysen 1G-C', 'Gloss Latex', '', '596.00', '10.00', 0, '10.00', 38, 6, 2, 1),
(1020, 'Boysen 1G-C', 'QDE', '', '634.00', '10.00', 0, '10.00', 38, 6, 2, 1),
(1021, 'Boysen 1G-C', 'Glazing Putty', '', '595.00', '10.00', 0, '10.00', 38, 6, 2, 1),
(1022, 'Boysen 1G-C', 'Semi-Gloss Latex', '', '618.00', '10.00', 0, '10.00', 38, 6, 2, 1),
(1023, 'Boysen 1G-C', 'Roofgard', '', '566.00', '10.00', 0, '10.00', 38, 6, 2, 1),
(1024, 'Boysen 1G-B', 'Flatwall Enamel', '', '580.00', '10.00', 0, '10.00', 38, 6, 3, 1),
(1025, 'Boysen 1G-B', 'Flat Latex', '', '513.00', '10.00', 0, '10.00', 38, 6, 3, 1),
(1026, 'Boysen 1G-B', 'Gloss Latex', '', '596.00', '10.00', 0, '10.00', 38, 6, 3, 1),
(1027, 'Boysen 1G-B', 'QDE', '', '634.00', '10.00', 0, '10.00', 38, 6, 3, 1),
(1028, 'Boysen 1G-B', 'Glazing Putty', '', '595.00', '10.00', 0, '10.00', 38, 6, 3, 1),
(1029, 'Boysen 1G-B', 'Semi-Gloss Latex', '', '618.00', '10.00', 0, '10.00', 38, 6, 3, 1),
(1030, 'Boysen 1G-B', 'Roofgard', '', '566.00', '10.00', 0, '10.00', 38, 6, 3, 1),
(1031, 'Boysen 1L-C', 'Flatwall Enamel', '', '171.00', '10.00', 0, '10.00', 39, 7, 2, 1),
(1032, 'Boysen 1L-C', 'Flatwall Latex', '', '150.00', '10.00', 0, '10.00', 39, 7, 2, 1),
(1033, 'Boysen 1L-C', 'Gloss Latex', '', '171.00', '10.00', 0, '10.00', 39, 7, 2, 1),
(1034, 'Boysen 1L-C', 'QDE', '', '177.00', '10.00', 0, '10.00', 39, 7, 2, 1),
(1035, 'Boysen 1L-C', 'Semi-Gloss Latex', '', '171.00', '10.00', 0, '10.00', 39, 7, 2, 1),
(1036, 'Boysen 1L-B', 'Flatwall Enamel', '', '171.00', '10.00', 0, '10.00', 39, 7, 3, 1),
(1037, 'Boysen 1L-B', 'Flat Latex', '', '150.00', '10.00', 0, '10.00', 39, 7, 3, 1),
(1038, 'Boysen 1L-B', 'Gloss Latex', '', '171.00', '10.00', 0, '10.00', 39, 7, 3, 1),
(1039, 'Boysen 1L-B', 'QDE', '', '177.00', '10.00', 0, '10.00', 39, 7, 3, 1),
(1040, 'Boysen 1L-B', 'Semi-Gloss Latex', '', '171.00', '10.00', 0, '10.00', 39, 7, 3, 1),
(1041, 'Triton 1G-C', 'Flatwall Enamel', '', '506.00', '10.00', 0, '10.00', 40, 6, 2, 1),
(1042, 'Triton 1G-C', 'Flat Latex', '', '460.00', '10.00', 0, '10.00', 40, 6, 2, 1),
(1043, 'Triton 1G-C', 'Gloss Latex', '', '565.00', '10.00', 0, '10.00', 40, 6, 2, 1),
(1044, 'Triton 1G-C', 'QDE', '', '551.00', '10.00', 0, '10.00', 40, 6, 2, 1),
(1045, 'Triton 1G-C', 'Red Lead', '', '541.00', '10.00', 0, '10.00', 40, 6, 2, 1),
(1046, 'Triton 1G-C', 'Metal Primer', '', '407.00', '10.00', 0, '10.00', 40, 6, 2, 1),
(1047, 'Triton 1G-B', 'Flatwall Enamel', '', '506.00', '10.00', 0, '10.00', 40, 6, 3, 1),
(1048, 'Triton 1G-B', 'Flat Latex', '', '460.00', '10.00', 0, '10.00', 40, 6, 3, 1),
(1049, 'Triton 1G-B', 'Gloss Latex', '', '565.00', '10.00', 0, '10.00', 40, 6, 3, 1),
(1050, 'Triton 1G-B', 'QDE', '', '551.00', '10.00', 0, '10.00', 40, 6, 3, 1),
(1051, 'Triton 1G-B', 'Red Lead', '', '541.00', '10.00', 0, '10.00', 40, 6, 3, 1),
(1052, 'Triton 1G-B', 'Metal Primer', '', '407.00', '10.00', 0, '10.00', 40, 6, 3, 1),
(1053, 'Triton 1L-C', 'Flatwall Enamel', '', '148.00', '10.00', 0, '10.00', 39, 7, 2, 1),
(1054, 'Triton 1L-C', 'Flat Latex', '', '128.00', '10.00', 0, '10.00', 41, 7, 2, 1),
(1055, 'Triton 1L-C', 'Gloss Latex', '', '167.00', '10.00', 0, '10.00', 41, 7, 2, 1),
(1056, 'Triton 1L-C', 'QDE White', '', '161.00', '10.00', 0, '10.00', 41, 7, 2, 1),
(1057, 'Triton 1L-C', 'Red Lead', '', '161.00', '10.00', 0, '10.00', 41, 7, 2, 1),
(1058, 'Triton 1L-C', 'Metal Primer', '', '124.00', '10.00', 0, '10.00', 41, 7, 2, 1),
(1059, 'Triton 1L-B', 'Flatwall Enamel', NULL, '147.00', '10.00', 0, '10.00', 41, 7, 3, 1),
(1060, 'Triton 1L-B', 'Flat Latex', NULL, '128.00', '10.00', 0, '10.00', 41, 7, 3, 1),
(1061, 'Triton 1L-B', 'Gloss Latex', NULL, '167.00', '10.00', 0, '10.00', 39, 7, 3, 1),
(1062, 'Triton 1L-B', 'QDE White', NULL, '161.00', '10.00', 0, '10.00', 41, 7, 3, 1),
(1063, 'Triton 1L-B', 'Red Lead', NULL, '161.00', '10.00', 0, '10.00', 41, 7, 3, 1),
(1064, 'Triton 1L-B', 'Metal Primer', NULL, '124.00', '10.00', 0, '10.00', 41, 7, 3, 1),
(1065, 'Triton QDE (L)-C', 'California Orange', NULL, '123.50', '10.00', 0, '10.00', 42, 7, 2, 1),
(1066, 'Triton QDE (L)-C', 'Sun Yellow', NULL, '166.00', '10.00', 0, '10.00', 42, 7, 2, 1),
(1067, 'Triton QDE (L)-C', 'Pink', NULL, '166.00', '10.00', 0, '10.00', 42, 7, 2, 1),
(1068, 'Triton QDE (L)-C', 'Mahogany', NULL, '160.00', '10.00', 0, '10.00', 42, 7, 2, 1),
(1069, 'Triton QDE (L)-C', 'Beige', NULL, '166.00', '10.00', 0, '10.00', 42, 7, 2, 1),
(1070, 'Triton QDE (L)-C', 'Choco Brown', NULL, '148.00', '10.00', 0, '10.00', 42, 7, 2, 1),
(1071, 'Triton QDE (L)-B', 'California Orange', NULL, '123.50', '10.00', 0, '10.00', 42, 7, 3, 1),
(1072, 'Triton QDE (L)-B', 'Sun Yellow', NULL, '166.00', '10.00', 0, '10.00', 42, 7, 3, 1),
(1073, 'Triton QDE (L)-B', 'Pink', NULL, '166.00', '10.00', 0, '10.00', 42, 7, 3, 1),
(1074, 'Triton QDE (L)-B', 'Mahogany', NULL, '160.00', '10.00', 0, '10.00', 42, 7, 3, 1),
(1075, 'Triton QDE (L)-B', 'Beige', NULL, '166.00', '10.00', 0, '10.00', 42, 7, 3, 1),
(1076, 'Triton QDE (L)-B', 'Choco Brown', NULL, '148.00', '10.00', 0, '10.00', 42, 7, 3, 1),
(1077, 'PDX Wire #14x75m', 'per box', NULL, '2205.00', '1980.00', 0, '2.00', 29, 9, 3, 0),
(1078, 'PDX Wire #14', 'per meter', NULL, '32.00', '26.40', 0, '2.00', 29, 4, 4, 0),
(1079, 'Sand and Gravel', '', NULL, '1300.00', '500.00', 0, '3.00', 48, 8, 3, 1),
(1080, 'CHB #4', '', NULL, '7.00', '5.00', 0, '5000.00', 50, 2, 7, 1),
(1081, 'china loose pin hinges', '', NULL, '35.00', '20.00', 0, '30.00', 51, 2, 11, 1),
(1082, 'Focus 7W CFL', 'CFL 2U', NULL, '70.00', '52.50', 0, '15.00', 127, 2, 3, 0),
(1083, 'Focus 9W CFL', 'CFL 2U', NULL, '70.00', '52.50', 0, '15.00', 127, 2, 3, 0),
(1084, 'Focus 11W CFL', 'CFL 2U', NULL, '70.00', '52.50', 0, '15.00', 127, 2, 3, 0),
(1085, 'Focus 15W CFL', 'CFL 2U', NULL, '90.00', '67.50', 0, '15.00', 127, 2, 3, 0),
(1086, 'Focus 18W CFL', 'CFL 3U', NULL, '115.00', '86.25', 0, '15.00', 127, 2, 3, 0),
(1087, 'Focus 20W CFL', 'CFL 3U', NULL, '115.00', '86.25', 0, '15.00', 127, 2, 3, 0),
(1088, 'Focus 23W CFL', 'CFL 3U', NULL, '120.00', '90.00', 0, '15.00', 127, 2, 3, 0),
(1089, 'Focus 13W Spiral', '', NULL, '140.00', '105.00', 0, '10.00', 127, 2, 3, 0),
(1090, 'Focus 18W Spiral', '', NULL, '165.00', '123.75', 0, '10.00', 127, 2, 3, 0),
(1091, 'Focus 3W LED', '', NULL, '310.00', '232.50', 0, '5.00', 127, 2, 3, 0),
(1092, 'Focus 5W LED', '', NULL, '380.00', '285.00', 0, '5.00', 127, 2, 3, 0),
(1093, 'Focus 25W Frosted', '', NULL, '20.00', '15.00', 0, '10.00', 127, 2, 3, 0),
(1094, 'Focus 20W Flourescent', '', NULL, '60.00', '45.00', 0, '10.00', 127, 2, 3, 0),
(1095, 'Focus 40W Flourescent', '', NULL, '70.00', '52.50', 0, '10.00', 127, 2, 3, 0),
(1096, 'Focus 10W Flourescent', '', NULL, '35.00', '26.25', 0, '10.00', 127, 2, 3, 0),
(1097, 'OMNI 5W DL', '', NULL, '100.00', '75.00', 0, '10.00', 127, 2, 67, 0),
(1098, 'OMNI 7W DL', '', NULL, '100.00', '75.00', 0, '10.00', 127, 2, 67, 0),
(1099, 'OMNI 9W DL', '', NULL, '100.00', '75.00', 0, '10.00', 127, 2, 67, 0),
(1100, 'OMNI 15W DL', '', NULL, '100.00', '75.00', 1, '10.00', 127, 2, 67, 0),
(1101, 'OMNI 11W DL', '3U', NULL, '140.00', '105.00', 1, '10.00', 127, 2, 67, 0),
(1102, 'OMNI 22W DL', '3U', NULL, '140.00', '105.00', 1, '10.00', 127, 2, 67, 0),
(1103, 'OMNI 23W Spiral', '', NULL, '200.00', '150.00', 0, '10.00', 127, 2, 67, 0),
(1104, 'OMNI 7W Torpedo', '', NULL, '170.00', '127.50', 0, '5.00', 127, 2, 67, 0),
(1105, 'OMNI 50W Frosted', '', NULL, '20.00', '15.00', 0, '10.00', 127, 2, 67, 0),
(1106, 'OMNI 100W Frosted', '', NULL, '20.00', '15.00', 1, '10.00', 127, 2, 67, 0),
(1107, 'OMNI 22W FCL', 'Circular Flourescent', NULL, '90.00', '67.50', 0, '5.00', 127, 2, 67, 0),
(1108, 'OMNI 20W Flourescent', '', NULL, '50.00', '37.50', 1, '10.00', 127, 2, 67, 0),
(1109, 'OMNI 10W Flourescent', '', NULL, '45.00', '33.75', 1, '10.00', 127, 2, 67, 0),
(1110, 'CHB #6', '', NULL, '14.00', '10.00', 0, '1000.00', 50, 2, 5, 0),
(1111, 'Decorative Block', '', NULL, '14.00', '7.00', 0, '20.00', 50, 2, 5, 1),
(1112, 'Post Block', '', NULL, '18.00', '8.00', 0, '200.00', 50, 2, 5, 1),
(1113, 'Mixed Sand', '', NULL, '1300.00', '550.00', 1, '2.00', 48, 20, 7, 0),
(1114, 'Screened Sand', '', NULL, '1300.00', '550.00', 1, '2.00', 48, 20, 7, 0),
(1115, 'Fined Sand', '', NULL, '1300.00', '450.00', 1, '0.00', 48, 20, 5, 0),
(1116, 'Gravel 3/4', '', NULL, '2300.00', '1100.00', 1, '2.00', 48, 20, 7, 0),
(1117, 'Gravel 1 1/2', '', NULL, '2300.00', '1100.00', 1, '2.00', 48, 20, 5, 0),
(1118, 'FIREFLY 9W CFL', '', NULL, '95.00', '71.25', 0, '10.00', 127, 2, 14, 0),
(1119, 'FIREFLY 11W CFL', '', NULL, '95.00', '71.25', 0, '10.00', 127, 2, 14, 0),
(1120, 'FIREFLY 15W CFL', '', NULL, '100.00', '75.00', 0, '10.00', 127, 2, 3, 0),
(1121, 'FIREFLY 18W CFL', '3U', NULL, '140.00', '105.00', 0, '10.00', 127, 2, 3, 0),
(1122, 'FIREFLY 20W CFL', '3U', NULL, '140.00', '105.00', 0, '10.00', 117, 2, 3, 0),
(1123, 'FIREFLY 23W CFL', '3U', NULL, '150.00', '112.50', 0, '10.00', 127, 2, 3, 0),
(1124, 'FIREFLY 26W CFL', '3U', NULL, '150.00', '112.50', 0, '10.00', 127, 2, 3, 0),
(1125, 'FIREFLY T8 Flourescent 18W', '', NULL, '55.00', '41.25', 0, '10.00', 127, 2, 14, 0),
(1126, 'FIREFLY T8 Flourescent 36W', '', NULL, '60.00', '45.00', 0, '10.00', 127, 2, 14, 0),
(1127, 'FIREFLY T12 Flourescent 20W', '', NULL, '60.00', '45.00', 0, '10.00', 127, 2, 14, 0),
(1128, 'FIREFLY T12 Flourescent 40W', '', NULL, '65.00', '48.75', 0, '10.00', 127, 2, 14, 0),
(1129, 'FIREFLY Starter', '', NULL, '10.00', '6.00', 0, '10.00', 127, 2, 14, 0),
(1130, 'FIREFLY Flexi Plug', '', NULL, '26.00', '19.50', 0, '10.00', 127, 2, 14, 0),
(1131, 'FIREFLY Univ Adapter', '', NULL, '42.00', '31.50', 0, '10.00', 127, 2, 14, 0),
(1132, 'FIREFLY Weather Socket', '', NULL, '23.00', '17.25', 0, '10.00', 127, 2, 14, 0),
(1133, 'FIREFLY 2\\" Receptacle', '', NULL, '18.00', '13.50', 0, '10.00', 127, 2, 3, 0),
(1134, 'FIREFLY 3\\" Receptacle', '', NULL, '24.00', '18.00', 0, '10.00', 117, 2, 14, 0),
(1135, 'FIREFLY 4\\" Receptacle', '', NULL, '27.00', '20.25', 0, '10.00', 127, 2, 14, 0),
(1136, 'FIREFLY Reg Adapter', '', NULL, '18.00', '13.50', 0, '10.00', 127, 2, 14, 0);
INSERT INTO `items` (`i_id`, `i_name`, `i_attribute`, `i_description`, `i_selling_price`, `i_purchase_price`, `i_vat`, `i_reorder_level`, `c_id`, `u_id`, `s_id`, `is_deleted`) VALUES
(1137, 'FIREFLY 2-Gang Outlet', '', NULL, '41.00', '30.75', 0, '10.00', 117, 2, 3, 0),
(1138, 'FIREFLY 4-Gang Outlet', '', NULL, '77.00', '57.75', 0, '10.00', 127, 2, 14, 0),
(1139, 'firefly 2-gang ext outlet', '', NULL, '275.00', '206.25', 0, '2.00', 127, 2, 3, 0),
(1140, 'firefly 3-gang ext outlet', '', NULL, '280.00', '210.00', 0, '2.00', 117, 2, 3, 0),
(1141, 'firefly 4-gang ext outlet', '', NULL, '320.00', '240.00', 0, '2.00', 127, 2, 14, 0),
(1142, 'OMNI 2\\" Receptacle', '', NULL, '20.00', '15.00', 0, '10.00', 127, 2, 67, 0),
(1143, 'OMNI 3\\" Receptacle', '', NULL, '25.00', '18.75', 0, '10.00', 127, 2, 67, 0),
(1144, 'OMNI 4\\" Receptacle', '', NULL, '35.00', '26.25', 0, '10.00', 127, 2, 67, 0),
(1145, 'Philips 5W DL', '', NULL, '99.00', '74.25', 0, '10.00', 127, 2, 25, 0),
(1146, 'Philips 8W DL', '', NULL, '99.00', '74.25', 0, '10.00', 127, 2, 25, 0),
(1147, 'Philips 11W DL', '', NULL, '99.00', '74.25', 0, '10.00', 127, 2, 25, 0),
(1148, 'Philips 14W DL', '', NULL, '109.00', '81.75', 0, '10.00', 127, 2, 25, 0),
(1149, 'Philips 18W DL', '', NULL, '155.00', '116.25', 0, '10.00', 127, 2, 25, 0),
(1150, 'Philips 23W DL', '', NULL, '175.00', '116.25', 0, '10.00', 127, 2, 25, 0),
(1151, 'Philips 15W Tornado', '', NULL, '212.00', '138.00', 0, '10.00', 127, 2, 25, 0),
(1152, 'Philips 20W Tornado', '', NULL, '212.00', '134.00', 0, '10.00', 127, 2, 25, 0),
(1153, 'Philips 24W Tornado', '', NULL, '212.00', '138.00', 0, '10.00', 127, 2, 25, 0),
(1154, 'Philips 10W TLD', 'flourescent', NULL, '60.00', '45.00', 0, '10.00', 127, 2, 25, 0),
(1155, 'Philips 18W TLD', 'flourescent', NULL, '67.00', '50.25', 0, '10.00', 127, 2, 25, 0),
(1156, 'Philips 36W TLD', 'flourescent', NULL, '84.00', '63.00', 0, '10.00', 127, 2, 25, 0),
(1157, 'PDX Wire #12x75m', 'per box', NULL, '2943.00', '2718.00', 0, '2.00', 29, 9, 3, 0),
(1158, 'PDX Wire #12', 'per meter', NULL, '42.00', '36.24', 0, '2.00', 117, 4, 3, 0),
(1159, 'PDX Wire #10', '', NULL, '45.00', '39.00', 0, '2.00', 29, 4, 4, 0),
(1160, 'TW Wire #8', '', NULL, '46.00', '36.97', 0, '2.00', 117, 4, 3, 0),
(1161, 'TW Wire #10', '', NULL, '31.00', '24.24', 0, '2.00', 117, 4, 3, 0),
(1162, 'TW Wire #12', '', NULL, '23.00', '15.84', 0, '2.00', 117, 4, 3, 0),
(1163, 'TW Wire #14', '', NULL, '18.00', '10.80', 0, '2.00', 117, 4, 3, 0),
(1164, 'TW Wire #8x150m', '', NULL, '6448.00', '5546.00', 0, '2.00', 117, 18, 3, 0),
(1165, 'TW Wire #10x150m', '', NULL, '4125.00', '3636.00', 0, '2.00', 117, 9, 3, 0),
(1166, 'TW Wire #12x150m', '', NULL, '2795.00', '2376.00', 0, '2.00', 117, 18, 3, 0),
(1167, 'TW Wire #14x150m', '', NULL, '2379.00', '1620.00', 0, '2.00', 117, 18, 3, 0),
(1168, 'Paciflex-THHN Wire #8', '', NULL, '50.00', '44.73', 0, '2.00', 117, 4, 3, 0),
(1169, 'Paciflex-thhn wire #10', '', NULL, '33.50', '29.30', 0, '2.00', 117, 4, 3, 0),
(1170, 'Paciflex-THHN Wire #12', '', NULL, '20.00', '19.16', 0, '2.00', 117, 4, 3, 0),
(1171, 'Paciflex-THHN Wire #14', '', NULL, '18.00', '13.06', 0, '2.00', 117, 4, 3, 0),
(1172, 'Paciflex-THHN Wire #8x150m', '', NULL, '7185.00', '6710.00', 0, '2.00', 117, 18, 3, 0),
(1173, 'Paciflex-thhn wire #10x150m', '', NULL, '4875.00', '4400.00', 0, '2.00', 117, 18, 3, 0),
(1174, 'Paciflex-THHN Wire #12x150m', '', NULL, '3349.00', '2875.00', 0, '2.00', 117, 18, 3, 0),
(1175, 'Paciflex-THHN Wire #14x150m', '', NULL, '2379.00', '1960.00', 0, '2.00', 117, 18, 3, 0),
(1176, 'Flatcord Wire #14', '', NULL, '38.00', '32.72', 0, '2.00', 117, 4, 3, 0),
(1177, 'Flatcord Wire #16', '', NULL, '23.00', '17.40', 0, '2.00', 117, 4, 3, 0),
(1178, 'Flatcord Wire #18', '', NULL, '17.00', '10.90', 0, '2.00', 117, 4, 3, 0),
(1179, 'Flatcord Wire #22', '', NULL, '14.00', '6.22', 0, '2.00', 117, 4, 3, 0),
(1180, 'Speaker Wire #16', '', NULL, '33.00', '17.41', 0, '2.00', 29, 4, 4, 0),
(1181, 'speaker wire #18', '', NULL, '16.00', '10.90', 0, '2.00', 117, 4, 4, 0),
(1182, 'speaker wire #22', '', NULL, '9.00', '6.22', 0, '2.00', 29, 4, 4, 0),
(1183, 'America Nema 2p - Plugin', '', NULL, '115.00', '82.00', 0, '3.00', 117, 2, 3, 0),
(1184, 'America-Safety Switch 2 poles', '', NULL, '223.00', '190.00', 0, '3.00', 117, 2, 3, 0),
(1185, 'America-Panel box 2x2 plug-in', '', NULL, '430.00', '400.00', 0, '4.00', 117, 2, 3, 0),
(1186, 'America-Panel box 4x4 plug-in', '', NULL, '675.00', '630.00', 0, '4.00', 117, 2, 3, 0),
(1187, 'Panel Board 8B', '', NULL, '790.00', '695.00', 0, '4.00', 117, 2, 3, 0),
(1188, 'Panel Board 6B', '', NULL, '675.00', '580.00', 0, '4.00', 117, 2, 3, 0),
(1189, 'Panel Board 4B', '', NULL, '575.00', '480.00', 0, '3.00', 117, 2, 3, 0),
(1190, 'Panel Board 2B', '', NULL, '475.00', '380.00', 1, '2.00', 117, 2, 3, 0),
(1191, 'Flexible Hose 1/2', '', NULL, '7.00', '5.00', 0, '1.00', 29, 4, 4, 0),
(1192, 'Flexible Hose 3/4', '', NULL, '9.50', '7.95', 0, '1.00', 29, 4, 4, 0),
(1193, 'EMT Entrance Cap 3/4', '', NULL, '55.00', '45.00', 0, '5.00', 117, 2, 1, 0),
(1194, 'EMT Coupling 3/4', '', NULL, '20.00', '12.00', 0, '5.00', 117, 2, 1, 0),
(1195, 'EMT Connector', '3/4', NULL, '20.00', '12.00', 0, '5.00', 117, 2, 1, 0),
(1196, 'EMT Elbow 3/4', '', NULL, '35.00', '25.00', 0, '5.00', 117, 2, 1, 0),
(1197, 'EMT LB 3/4', '', NULL, '42.00', '32.00', 0, '5.00', 117, 2, 2, 0),
(1198, 'EMT Pipe 3/4', '', NULL, '140.00', '105.00', 0, '5.00', 117, 2, 1, 0),
(1199, 'EMT Pipe 1/2', '', NULL, '110.00', '80.00', 0, '5.00', 117, 2, 1, 0),
(1200, 'coco lumber', '', NULL, '12.50', '9.50', 0, '3000.00', 53, 10, 21, 1),
(1201, 'Coco 2x2x8', '', NULL, '33.00', '25.30', 0, '300.00', 128, 2, 55, 0),
(1202, 'Coco 2x3x8', '', NULL, '50.00', '38.00', 0, '1000.00', 128, 2, 55, 0),
(1203, 'Safari Electric Sub-Meter', '', NULL, '780.00', '550.00', 0, '3.00', 29, 2, 22, 1),
(1204, 'PVC Electrical Pipe 3/4', '', NULL, '85.00', '60.00', 0, '5.00', 117, 9, 1, 0),
(1205, 'Electrical Tape 5Y', '', NULL, '15.00', '8.50', 0, '5.00', 117, 2, 67, 0),
(1206, 'Electrical Tape 10Y', '', NULL, '25.00', '13.00', 0, '10.00', 117, 11, 67, 0),
(1207, 'Electrical Tape 15Y', 'Armak', NULL, '32.00', '20.00', 0, '10.00', 117, 2, 67, 0),
(1208, 'IZUMI 3.00-16 Tire', '', NULL, '690.00', '624.00', 0, '3.00', 31, 2, 4, 0),
(1209, 'IZUMI 3.00-17 Tire', '', NULL, '728.00', '656.00', 0, '10.00', 31, 2, 4, 0),
(1210, 'FUJI MTC 2.50-17 Tire', '', NULL, '477.00', '412.00', 0, '3.00', 31, 2, 4, 0),
(1211, 'FUJI MTC 2.75-17 Tire', '', NULL, '565.00', '485.00', 0, '3.00', 31, 2, 4, 0),
(1212, 'FUJI MTC 3.00-17 Tire', '', NULL, '665.00', '585.00', 0, '3.00', 31, 2, 4, 0),
(1213, 'FUJI MTC 3.25-17 Tire', '', NULL, '850.00', '780.00', 0, '3.00', 31, 2, 4, 0),
(1214, 'FUJI MTC 3.00-18 Tire', '', NULL, '750.00', '680.00', 0, '3.00', 31, 2, 4, 0),
(1215, 'Sapphire 3.00-16 Tire', '', NULL, '676.00', '596.00', 0, '3.00', 31, 2, 4, 0),
(1216, 'Sapphire 3.00-17 Tire', '', NULL, '706.00', '606.00', 0, '3.00', 31, 2, 4, 0),
(1217, 'Jumbo 3.00-16 Tire', '', NULL, '770.00', '680.00', 1, '3.00', 56, 2, 13, 0),
(1218, 'Jumbo 3.00-17 Tire', '', NULL, '825.00', '735.00', 1, '3.00', 56, 2, 5, 0),
(1219, 'CST 3.00-16 Tire', '', NULL, '822.00', '806.00', 0, '3.00', 56, 2, 5, 0),
(1220, 'CST 3.00-17 Tire', '', NULL, '882.00', '866.00', 0, '3.00', 56, 2, 13, 0),
(1221, 'CST MTC 2.50-17 Tire', '', NULL, '699.00', '619.00', 0, '3.00', 56, 2, 5, 0),
(1222, 'CST MTC 2.75-17 Tire', '', NULL, '860.00', '740.00', 0, '3.00', 56, 2, 5, 0),
(1223, 'CST MTC 3.00-17 Tire', '', NULL, '920.00', '840.00', 0, '3.00', 56, 2, 5, 0),
(1224, 'IZUMI 2.50-17 Tube', '', NULL, '150.00', '123.00', 0, '5.00', 115, 2, 4, 0),
(1225, 'IZUMI 2.75-17 Tube', '', NULL, '165.00', '142.00', 0, '3.00', 115, 2, 4, 0),
(1226, 'IZUMI 3.00-16 Tube', '', NULL, '170.00', '142.00', 1, '5.00', 115, 2, 4, 0),
(1227, 'IZUMI 3.00-17 Tube', '', NULL, '175.00', '144.00', 1, '3.00', 115, 2, 4, 0),
(1228, 'Leo/Fuji 2.50-17 Tube', '', NULL, '130.00', '102.00', 1, '3.00', 115, 2, 4, 0),
(1229, 'Leo/Fuji 2.75-17 Tube', '', NULL, '143.00', '113.00', 1, '3.00', 115, 2, 4, 0),
(1230, 'Leo/Fuji 3.00-17 Tube', '', NULL, '150.00', '124.00', 1, '3.00', 115, 2, 4, 0),
(1231, 'Mitsuboshi Belt B-42', '', NULL, '186.00', '9.00', 1, '4.00', 115, 2, 3, 0),
(1232, 'Mitsuboshi Belt B-44', '', NULL, '192.00', '8.00', 1, '4.00', 115, 2, 3, 0),
(1233, 'Mitsuboshi Belt B-45', '', NULL, '195.00', '150.00', 1, '4.00', 115, 2, 3, 0),
(1234, 'Mitsuboshi Belt B-47', '', NULL, '198.00', '8.00', 1, '4.00', 115, 2, 3, 0),
(1235, 'Mitsuboshi Belt B-48', '', NULL, '207.00', '8.00', 1, '4.00', 115, 2, 3, 0),
(1236, 'Mitsuboshi Belt B-49', '', NULL, '214.00', '8.00', 1, '4.00', 115, 2, 3, 0),
(1237, 'Mitsuboshi Belt B-51', '', NULL, '200.00', '8.00', 1, '4.00', 115, 2, 3, 0),
(1238, 'Mitsuboshi Belt B-52', '', NULL, '228.00', '8.00', 1, '4.00', 115, 2, 3, 0),
(1239, 'Mitsuboshi Belt B-53', '', NULL, '232.00', '8.00', 1, '4.00', 115, 2, 3, 0),
(1240, 'Mitsuboshi Belt B-54', '', NULL, '234.00', '8.00', 1, '4.00', 115, 2, 3, 0),
(1241, 'Mitsuboshi Belt B-55', '', NULL, '219.00', '179.00', 1, '3.00', 115, 2, 3, 0),
(1242, 'Mitsuboshi Belt B-56', '', NULL, '242.00', '8.00', 1, '4.00', 115, 2, 3, 0),
(1243, 'Mitsuboshi Belt B-57', '', NULL, '234.00', '184.00', 1, '4.00', 115, 2, 3, 0),
(1244, 'Mitsuboshi Belt B-58', '', NULL, '239.00', '8.00', 1, '4.00', 115, 2, 10, 0),
(1245, 'Mitsuboshi Belt B-59', '', NULL, '242.00', '8.00', 1, '4.00', 115, 2, 3, 0),
(1246, 'Mitsuboshi Belt B-60', '', NULL, '230.00', '194.00', 1, '4.00', 115, 2, 3, 0),
(1247, 'NL Top Sport Gasoline', '', NULL, '134.00', '106.87', 1, '8.00', 105, 7, 38, 0),
(1248, 'Angle Bar 1/8x1/2', '', NULL, '281.00', '235.00', 1, '5.00', 9, 12, 20, 0),
(1249, 'Deform Bar 10mm', '', NULL, '127.00', '120.00', 1, '100.00', 5, 12, 20, 1),
(1250, 'Deform Bar 16mm', '', NULL, '250.00', '235.00', 1, '15.00', 5, 12, 24, 1),
(1251, 'NL Lub Plus Diesel', '', NULL, '131.00', '104.32', 1, '5.00', 105, 7, 38, 0),
(1252, 'NL 4T Motor Oil 20w-50', 'round', NULL, '134.00', '101.00', 1, '5.00', 15, 7, 38, 0),
(1253, 'Repsol 4T', '', NULL, '202.00', '180.00', 1, '3.00', 15, 7, 23, 0),
(1254, 'Shell 2T SX2', '', NULL, '138.00', '108.00', 1, '5.00', 15, 7, 23, 0),
(1255, '555 Gear Oil', '', NULL, '105.00', '90.00', 1, '5.00', 208, 7, 38, 0),
(1256, 'Phoenix Gear Oil', '', NULL, '170.00', '150.00', 1, '5.00', 15, 7, 10, 0),
(1257, 'Mobil ATF 220', '', NULL, '215.00', '190.00', 1, '5.00', 15, 7, 25, 0),
(1258, 'Mobil Special 4T', '', NULL, '172.00', '153.42', 1, '5.00', 15, 7, 25, 0),
(1259, 'Mobil Special 20w-50', '', NULL, '173.00', '154.55', 1, '8.00', 15, 7, 25, 0),
(1260, 'Mobil Delvac MX 15W-40', '', NULL, '173.00', '154.55', 1, '5.00', 15, 7, 25, 0),
(1261, 'Mobil Super 4T 20W-50', '', NULL, '180.00', '165.00', 1, '5.00', 15, 7, NULL, 0),
(1262, 'Mobil Delvac 1340', '', NULL, '180.00', '165.00', 1, '5.00', 15, 7, 25, 0),
(1263, 'Cyclomax SAE40', '', NULL, '145.00', '120.00', 1, '8.00', 15, 7, 11, 0),
(1264, 'Castrol Activ 20W-40 800ml', '', NULL, '200.00', '180.00', 1, '8.00', 105, 7, 26, 0),
(1265, 'Castrol 4T GO 20W-40', '', NULL, '178.00', '158.00', 1, '5.00', 105, 7, 30, 0),
(1266, 'Castrol 20-40 4T Activ Liter', '', NULL, '225.00', '205.00', 1, '5.00', 105, 7, 26, 0),
(1267, 'Castrol 4T Power+ 1', '', NULL, '242.00', '222.00', 1, '8.00', 105, 7, 26, 0),
(1268, 'Caltex Delo Gold 15W-40', '', NULL, '200.00', '180.00', 1, '8.00', 105, 7, 27, 0),
(1269, 'Caltex Havoline 20W-40', '', NULL, '180.00', '131.83', 1, '8.00', 105, 7, 21, 0),
(1270, 'Shell AX3 4T SAE40 800ml', '', NULL, '137.00', '100.00', 1, '8.00', 15, 7, 27, 0),
(1271, 'Shell AX3 4T SAE40', '', NULL, '166.00', '140.00', 1, '8.00', 15, 7, 27, 0),
(1272, 'Shell Rimula R1', '', NULL, '154.00', '134.00', 1, '8.00', 15, 7, 27, 0),
(1273, 'Shell Rimula R3', '', NULL, '222.00', '190.00', 1, '8.00', 15, 7, 27, 0),
(1274, 'Caltex Super Diesel', '', NULL, '135.00', '97.65', 1, '5.00', 105, 7, 21, 0),
(1275, 'oil', '', NULL, '127.00', '101.25', 1, '8.00', 15, 7, 23, 0),
(1276, 'nihon 6011', '', NULL, '165.00', '145.00', 0, '10.00', 58, 1, 28, 0),
(1277, 'volta 6012x1/8', '', NULL, '110.00', '88.00', 0, '10.00', 58, 1, 28, 0),
(1278, 'Fuji Welding Rod 6013x1/8', '', NULL, '150.00', '130.00', 0, '20.00', 132, 1, 29, 0),
(1279, 'OMNI 1-Way Switch', '', NULL, '45.00', '33.75', 1, '10.00', 127, 2, 67, 0),
(1280, 'OMNI  Universal Outlet', '', NULL, '45.00', '33.75', 1, '10.00', 29, 2, 67, 0),
(1281, 'OMNI 1-Way Illuminated Switch', '', NULL, '65.00', '48.75', 1, '10.00', 117, 2, 67, 0),
(1282, 'OMNI Conv Outlet w/ Ground', '', NULL, '45.00', '33.75', 1, '10.00', 117, 2, 67, 0),
(1283, 'OMNI Through Cord Switch', '', NULL, '45.00', '33.75', 1, '10.00', 29, 2, 67, 0),
(1284, 'OMNI Spring Type Outlet (b) 4-gang', 'black', NULL, '70.00', '52.30', 1, '10.00', 117, 2, 67, 0),
(1285, 'OMNI Spring Type Outlet (b) 3-gang', '', NULL, '55.00', '41.60', 0, '20.00', 117, 2, 67, 0),
(1286, 'OMNI Surface Convenience Outlet 4gang', '', NULL, '80.00', '60.00', 0, '20.00', 117, 2, 67, 0),
(1287, 'OMNI Surface triplet convenience outlet 3G', '', NULL, '65.00', '48.75', 0, '20.00', 29, 2, 67, 0),
(1288, 'OMNI Surface convenience outlet 4G', '', NULL, '80.00', '60.00', 0, '20.00', 117, 2, 67, 0),
(1289, 'OMNI Surface Convenience Outlet 2G', '', NULL, '80.00', '60.00', 0, '20.00', 117, 2, 67, 0),
(1290, 'OMNI Surface tandem Outlet', '', NULL, '45.00', '33.75', 0, '20.00', 29, 2, 67, 0),
(1291, 'OMNI Surface Single Convenience Outlet', '', NULL, '30.00', '22.50', 0, '20.00', 29, 2, 67, 0),
(1292, 'OMNI Surface Mounted Convenience Outlet', '', NULL, '35.00', '26.25', 0, '20.00', 117, 2, 67, 0),
(1293, 'OMNI Universal Socket Adapter', '', NULL, '45.00', '33.75', 0, '20.00', 29, 2, 67, 0),
(1294, 'OMNI Regular Plug', '', NULL, '16.00', '12.00', 0, '20.00', 117, 2, 67, 0),
(1295, 'OMNI Starter', '', NULL, '10.00', '7.50', 0, '20.00', 117, 2, 67, 0),
(1296, 'OMNI Chain Pull Socket w/ 2 Flat Pin Outlet', '', NULL, '45.00', '33.75', 0, '20.00', 117, 2, 67, 0),
(1297, 'OMNI Female Plug', '', NULL, '11.00', '8.25', 0, '20.00', 117, 2, 67, 0),
(1298, 'OMNI Pigtail Socket Black', '', NULL, '6.00', '4.50', 0, '20.00', 117, 2, 67, 0),
(1299, 'OMNI Push Button 30A Blister', '', NULL, '300.00', '225.00', 0, '20.00', 117, 2, 67, 0),
(1300, 'OMNI Weatherproof Rubber Socket-2 Wire', '', NULL, '25.00', '18.75', 0, '20.00', 117, 2, 67, 0),
(1301, 'OMNI Heavy Duty Rubber Plug', '', NULL, '25.00', '18.75', 0, '20.00', 117, 2, 67, 0),
(1302, 'OMNI Regular Adapter', '', NULL, '25.00', '18.75', 0, '20.00', 117, 2, 67, 0),
(1303, 'OMNI Ceiling Receptacle 2 - 1/4', '', NULL, '20.00', '15.00', 0, '20.00', 117, 2, 67, 0),
(1304, 'OMNI Ceiling Receptacle 3 - 1/2', '', NULL, '25.00', '18.75', 0, '20.00', 117, 2, 67, 0),
(1305, 'OMNI Ceiling Receptacle 4 - 1/4', '', NULL, '30.00', '22.50', 0, '20.00', 117, 2, 67, 0),
(1306, 'OMNI Dual Portable Extension Cord 3m', '', NULL, '130.00', '97.50', 0, '20.00', 117, 2, 67, 0),
(1307, 'OMNI Dual Portable Extension Cord 6m', '', NULL, '200.00', '150.00', 0, '20.00', 117, 2, 67, 0),
(1308, 'OMNI Extension Cord 4G', '', NULL, '270.00', '202.50', 0, '50.00', 117, 2, 67, 0),
(1309, 'Eco LED Bulb 3W', '', NULL, '160.00', '120.00', 1, '1.00', 117, 2, 10, 0),
(1310, 'Eco LED Bulb 5W', '', NULL, '223.00', '167.25', 1, '1.00', 117, 2, 10, 0),
(1311, 'Eco LED Bulb 7W', '', NULL, '269.00', '201.75', 1, '1.00', 117, 2, 10, 0),
(1312, 'Royu Universal Receptacle', '', NULL, '35.00', '26.25', 1, '8.00', 117, 2, 14, 0),
(1313, 'Royu One Way Switch', '', NULL, '36.00', '27.00', 1, '8.00', 117, 2, 14, 0),
(1314, 'Royu 1 Way Switch', '', NULL, '35.00', '26.25', 1, '5.00', 117, 2, 14, 0),
(1315, 'Royu 3-Gang Plate', '', NULL, '25.00', '18.75', 1, '10.00', 117, 2, 14, 0),
(1316, 'Royu 2-Gang Plate', '', NULL, '25.00', '18.75', 1, '10.00', 117, 2, 14, 0),
(1317, 'Royu 1-Gang Plate', '', NULL, '25.00', '18.75', 1, '10.00', 117, 2, 14, 0),
(1318, 'Firefly Downlight 3.5', '', NULL, '73.00', '54.75', 1, '8.00', 117, 2, 14, 0),
(1319, 'Firefly Flourescent Starter', '', NULL, '10.00', '7.50', 1, '5.00', 29, 2, 19, 1),
(1320, 'Firefly Spiral 20W', '', NULL, '170.00', '127.50', 1, '3.00', 127, 2, 14, 0),
(1321, 'Firefly Spiral 24W', '', NULL, '170.00', '127.50', 1, '3.00', 127, 2, 14, 0),
(1322, 'Firefly Circular 23W', '', NULL, '270.00', '202.50', 1, '2.00', 127, 2, 14, 0),
(1323, 'Firefly Circular 22W', '', NULL, '240.00', '180.00', 1, '2.00', 127, 2, 14, 0),
(1324, 'Firefly 2-Gang Surface Conv Outlet', '', NULL, '41.00', '30.75', 1, '5.00', 29, 2, 19, 0),
(1325, 'Firefly Universal Adapter', '', NULL, '42.00', '31.50', 1, '5.00', 29, 2, 19, 0),
(1326, 'Royu Junction Box w/ cover', 'w/ cover', NULL, '25.00', '17.25', 1, '10.00', 117, 2, 14, 0),
(1327, 'Royu Utility Box Orange', '', NULL, '25.00', '12.75', 1, '10.00', 117, 2, 14, 0),
(1328, 'Royu Surface Utility Box White', '', NULL, '35.00', '20.25', 1, '10.00', 117, 2, 14, 0),
(1329, 'Sprocket FS 15T', 'xrm,wave', NULL, '65.00', '40.00', 1, '3.00', 27, 2, 5, 0),
(1330, 'Sprocket MotoX 13T', '', NULL, '55.00', '40.00', 1, '4.00', 27, 2, 5, 0),
(1331, 'SUN Headlight Bulb', '', NULL, '20.00', '13.00', 1, '5.00', 27, 2, 5, 0),
(1332, 'SUN Signal Light Bulb', '', NULL, '16.00', '10.00', 1, '4.00', 27, 2, 5, 0),
(1333, 'SUN Tail Light Bulb', '', NULL, '16.00', '10.00', 1, '4.00', 27, 2, 5, 0),
(1334, 'NL Multi-Purp Grease 500g', '', NULL, '131.00', '105.00', 1, '5.00', 15, 2, 23, 0),
(1335, '555 Multi-Purp Grease 500g', '', NULL, '95.00', '70.00', 1, '5.00', 191, 2, 23, 0),
(1336, '555 Multi-Purp Grease 250g', '', NULL, '60.00', '40.00', 1, '5.00', 191, 2, 5, 0),
(1337, 'Singer All-Purp Oil 100cc', '', NULL, '53.00', '40.00', 1, '5.00', 105, 2, 3, 0),
(1338, 'Phoenix All-Purp Oil', '', NULL, '50.00', '40.00', 1, '5.00', 15, 2, 10, 0),
(1339, '4 in 1 Oil 120ml', '', NULL, '45.00', '33.00', 1, '4.00', 208, 2, 4, 0),
(1340, 'WD-40 6.5oz', '', NULL, '130.00', '118.00', 1, '4.00', 15, 2, 4, 0),
(1341, 'NL Brake & Clutch Fluid 300ml', '', NULL, '80.00', '70.00', 1, '4.00', 15, 2, 38, 0),
(1342, 'NL Brake & Clutch Fluid 170ml', '', NULL, '50.00', '30.75', 1, '4.00', 15, 2, 38, 0),
(1343, 'Sure Brake Fluid 900ml', '', NULL, '212.00', '190.00', 1, '4.00', 15, 2, 4, 0),
(1344, 'Sure Brake Fluid 300ml', '', NULL, '78.00', '59.00', 1, '5.00', 15, 2, 4, 0),
(1345, 'Sure Brake Fluid 170ml', '', NULL, '46.00', '30.00', 1, '4.00', 15, 2, 4, 0),
(1346, 'Phoenix Brake & Clutch Fluid', '(900 ml.)', NULL, '194.00', '170.00', 1, '4.00', 15, 2, 10, 0),
(1347, 'Phoenix Brake & Clutch Fluid 300ml', '', NULL, '80.00', '65.00', 1, '5.00', 15, 2, 11, 0),
(1348, 'NL QuickCool Coolant', '', NULL, '155.00', '134.16', 1, '5.00', 105, 7, 38, 0),
(1349, 'NL Brake & Clutch Fluid 900ml', '', NULL, '166.00', '132.91', 1, '5.00', 15, 2, 38, 0),
(1350, 'Electrical Tape 3Y', 'colored', NULL, '10.00', '7.00', 1, '5.00', 117, 2, 67, 0),
(1351, 'Coco 2x4x8', '', NULL, '66.00', '50.60', 0, '500.00', 128, 2, 55, 0),
(1352, 'Coco 2x6x8', '', NULL, '100.00', '76.00', 0, '500.00', 128, 2, 55, 0),
(1353, 'Coco 2x4x10', '', NULL, '83.00', '63.30', 0, '500.00', 128, 2, 55, 0),
(1354, 'Coco 2x3x10', '', NULL, '62.50', '47.50', 0, '493.00', 128, 2, 55, 0),
(1355, 'Tie Wire #16', '', NULL, '68.00', '60.00', 0, '50.00', 114, 1, 20, 0),
(1356, 'Coco 2x5x8', '', NULL, '83.30', '63.30', 1, '10.00', 128, 2, 55, 0),
(1357, 'Coco 2x8x8', '', NULL, '133.30', '101.30', 1, '10.00', 128, 2, 55, 0),
(1358, 'Coco 2x10x8', '', NULL, '166.60', '126.60', 1, '10.00', 128, 2, 55, 0),
(1359, 'Coco 2x2x10', '', NULL, '42.00', '32.00', 0, '10.00', 128, 2, 55, 0),
(1360, 'Coco 2x6x10', '', NULL, '125.00', '95.00', 0, '10.00', 128, 2, 55, 0),
(1361, 'Coco 2x5x10', '', NULL, '104.16', '79.10', 0, '10.00', 128, 2, 55, 0),
(1362, 'Gemelina 1x2x8', '', NULL, '37.00', '24.00', 0, '10.00', 128, 2, 55, 0),
(1363, 'Gemelina 1x2x8', 'bundle', NULL, '170.00', '135.00', 0, '10.00', 128, 19, 55, 1),
(1364, 'Welded 1\\"x4ft (thin)', '', NULL, '76.00', '50.00', 1, '10.00', 129, 4, 10, 0),
(1365, 'Fastener', '', NULL, '120.00', '100.00', 0, '35.00', 109, 1, 1, 0),
(1366, 'Superlume 26x8', '', NULL, '162.00', '148.00', 1, '25.00', 98, 2, 63, 0),
(1367, 'Superlume 26x12', '', NULL, '236.00', '222.00', 1, '20.00', 98, 2, 63, 0),
(1368, 'Superlume 31x8', '', NULL, '146.00', '132.00', 0, '50.00', 98, 2, 63, 0),
(1369, 'Superlume 31x10', '', NULL, '179.00', '165.00', 0, '50.00', 98, 2, 63, 0),
(1370, 'Superlume 31x12', '', NULL, '220.00', '198.00', 1, '50.00', 98, 2, 63, 0),
(1371, 'Coco 4x4x8', '', NULL, '133.33', '101.30', 0, '10.00', 128, 2, 55, 0),
(1372, 'Coco 4x4x10', '', NULL, '167.00', '126.66', 0, '10.00', 128, 2, 55, 0),
(1373, 'Coco 2x3x12', '', NULL, '75.00', '57.00', 0, '20.00', 128, 2, 55, 0),
(1374, 'Coco 2x2x12', '', NULL, '50.00', '38.00', 0, '20.00', 128, 2, 55, 0),
(1375, 'Concrete Neutralizer', 'Liter', NULL, '135.00', '100.00', 1, '2.00', 129, 7, 2, 0),
(1376, 'Concrete Neutralizer', 'gallon', NULL, '444.00', '400.00', 1, '2.00', 129, 6, 2, 0),
(1377, 'Sherlux All Purpose Grey', '', NULL, '100.00', '78.00', 0, '2.00', 53, 5, 4, 0),
(1378, 'Sherlux - Bright Gold Effect Metallic', '', NULL, '100.00', '78.00', 0, '2.00', 53, 5, 10, 0),
(1379, 'Sherlux - Yamaha Blue', '', NULL, '100.00', '78.00', 0, '2.00', 53, 5, 4, 0),
(1380, 'Sherlux - Isuzu Blue', '', NULL, '100.00', '78.00', 0, '2.00', 53, 5, 10, 0),
(1381, 'Sherlux - Black High Heat', '', NULL, '207.00', '180.00', 1, '2.00', 53, 5, 4, 0),
(1382, 'Sherlux - Super Paint Remover', '', NULL, '100.00', '78.00', 0, '2.00', 53, 5, 4, 0),
(1383, 'Sherlux - Clear Lacquer', '', NULL, '100.00', '78.00', 0, '2.00', 53, 5, 4, 0),
(1384, 'Sherlux - Silver High Heat', '', NULL, '100.00', '78.00', 0, '2.00', 53, 5, 4, 0),
(1385, 'Sherlux - Flourescent Orange', '', NULL, '100.00', '78.00', 0, '2.00', 53, 5, 4, 0),
(1386, 'Sherlux - Flourescent Yellow', '', NULL, '100.00', '78.00', 0, '2.00', 53, 5, 4, 0),
(1387, 'Standard - Open End Wrench Holder', '', NULL, '260.00', '200.00', 0, '2.00', 46, 2, 10, 0),
(1388, 'Armak - Electrical Tape 8m', '', NULL, '23.00', '10.00', 0, '5.00', 117, 2, 10, 0),
(1389, 'Saini - Barrel Bolts', '', NULL, '132.00', '120.00', 0, '5.00', 46, 15, 10, 0),
(1390, 'Valspar (Liter)', '', NULL, '350.00', '335.00', 0, '5.00', 46, 7, 10, 0),
(1391, 'Gemelina 1x2x6', 'bundle', NULL, '140.00', '130.00', 0, '5.00', 128, 19, 55, 1),
(1392, 'Amakan', '', NULL, '170.00', '135.00', 0, '5.00', 129, 2, 55, 0),
(1393, 'Bamboo #8', '', NULL, '60.00', '38.00', 0, '5.00', 129, 19, 55, 0),
(1394, 'Distilled Water', '', NULL, '30.00', '20.00', 0, '5.00', 115, 5, 10, 0),
(1395, 'Chain Lock 428', '', NULL, '20.00', '10.00', 0, '10.00', 115, 2, 10, 0),
(1396, 'Hardieflex 1/4', '', NULL, '410.00', '380.00', 1, '5.00', 3, 2, 7, 0),
(1397, 'Hardieflex 3/16', '', NULL, '355.00', '320.00', 1, '5.00', 3, 2, 7, 0),
(1398, 'Hardie Screw', '', NULL, '2.00', '0.70', 1, '50.00', 129, 2, 2, 0),
(1399, 'Metal Furring 2\\''', '', NULL, '100.00', '90.00', 1, '2.00', 11, 9, 2, 0),
(1400, 'Blind Revits 1/8x1/2', 'per box', NULL, '546.00', '240.00', 1, '1.00', 129, 18, 10, 0),
(1401, 'Blind Revits 3/16x1/2', 'per box', NULL, '240.00', '180.00', 1, '1.00', 129, 18, 10, 0),
(1402, 'Tiles 8x12 (blue)', '', NULL, '24.00', '17.00', 1, '10.00', 51, 2, 6, 0),
(1403, 'Cement', '', NULL, '8.00', '5.00', 1, '10.00', 57, 1, 1, 0),
(1404, 'Finishing Nails 2', '', NULL, '54.00', '40.00', 0, '15.00', 46, 1, 10, 0),
(1405, 'Finishing Nails 2 1/2', '', NULL, '54.00', '45.00', 0, '15.00', 46, 1, 10, 0),
(1406, 'Toro Grande Plastering Trowel (Wood Handle)', '', NULL, '80.00', '50.00', 0, '5.00', 46, 2, 10, 0),
(1407, 'Toro Grande Plastering Trowel (Plastic Handle)', '', NULL, '60.00', '50.00', 0, '5.00', 46, 2, 10, 0),
(1408, '2x8x10 gemilina', '', NULL, '320.00', '300.00', 0, '20.00', 128, 2, 55, 0),
(1409, '2x8x12 gemilina', '', NULL, '384.00', '350.00', 0, '20.00', 128, 2, 55, 0),
(1410, '2x6x10 gemilina', '', NULL, '240.00', '200.00', 0, '20.00', 128, 2, 55, 0),
(1411, 'Level Hose Yellow', '', NULL, '15.00', '10.00', 0, '50.00', 87, 4, 10, 0),
(1412, 'Level Hose White', '', NULL, '9.00', '3.00', 0, '50.00', 87, 4, 10, 0),
(1413, 'Level Hose 1/4', '', NULL, '8.00', '3.00', 0, '50.00', 87, 4, 10, 0),
(1414, 'Oppo Bulb 5W', '', NULL, '40.00', '30.00', 0, '5.00', 117, 2, 10, 0),
(1415, 'Garden hose 1/2 (roll)', '(rainbow hose) 90m', NULL, '1500.00', '1300.00', 1, '1.00', 130, 17, 9, 0),
(1416, 'Cup Brush', 'blue', NULL, '90.00', '70.00', 0, '5.00', 46, 2, 12, 0),
(1417, 'Coco 2x4x12', '', NULL, '100.00', '76.00', 1, '5.00', 128, 2, 55, 0),
(1418, 'SuperZinc .26x8', '', NULL, '154.00', '140.00', 1, '20.00', 56, 2, 63, 0),
(1419, 'SuperZinc .26x10', '', NULL, '189.00', '175.00', 1, '20.00', 56, 2, 63, 0),
(1420, 'SuperZinc .26x12', '', NULL, '224.00', '210.00', 1, '20.00', 56, 2, 63, 0),
(1421, 'Holcim Cement', '', NULL, '232.00', '226.00', 0, '10.00', 57, 3, 8, 0),
(1422, '2x6x12 coco', '', NULL, '150.00', '130.00', 0, '5.00', 128, 2, 55, 0),
(1423, 'Sherman PVC Solvent 200C', '', NULL, '60.00', '55.00', 0, '2.00', 92, 10, 10, 0),
(1424, 'Sherman Pvc Solvent 100C', '', NULL, '39.00', '30.00', 0, '2.00', 92, 10, 10, 0),
(1425, '1x1x8 Gemilina', '', NULL, '20.00', '18.00', 0, '3.00', 128, 2, 55, 0),
(1426, 'Marine Epoxy 1/8', '', NULL, '75.00', '70.00', 0, '5.00', 46, 10, 10, 0),
(1427, 'Marine Epoxy 1/4 L.', '', NULL, '140.00', '135.00', 0, '5.00', 46, 15, 10, 0),
(1428, 'Marine Epoxy 1/2 L.', '', NULL, '239.00', '235.00', 0, '5.00', 46, 15, 10, 0),
(1429, 'Marine Epoxy 1L.', '', NULL, '440.00', '435.00', 0, '5.00', 46, 15, 10, 0),
(1430, 'Imoto Tire 3.00x16', '', NULL, '676.00', '666.00', 0, '2.00', 31, 2, 3, 0),
(1431, 'Weber Primer Red Oxide w/ catalyst', '', NULL, '195.00', '185.00', 0, '5.00', 70, 7, 10, 0),
(1432, 'Coco 3x3x10', '', NULL, '93.75', '83.00', 0, '5.00', 128, 2, 55, 0),
(1433, 'Cotton work  Gloves santex', '', NULL, '35.00', '20.00', 0, '10.00', 129, 2, 6, 0),
(1434, 'Stallion S.Kitchen Sink (14x20)', 'G184', NULL, '500.00', '330.00', 0, '8.00', 87, 2, 10, 0),
(1435, 'Nylon #40', '', NULL, '12.00', '7.00', 0, '5.00', 46, 17, 10, 0),
(1436, 'Omni Circuit Breaker (Bolt On) 30A', '', NULL, '290.00', '270.00', 1, '3.00', 117, 2, 67, 0),
(1437, 'Omni Circuit Breaker (Bolt On) 20A', '', NULL, '290.00', '270.00', 1, '5.00', 117, 2, 67, 0),
(1438, 'Omni Circuit Breaker (Bolt On) 60A', '', NULL, '290.00', '270.00', 1, '5.00', 117, 2, 67, 0),
(1439, 'Omni Circuit Breaker (Plug In) 60A', '', NULL, '290.00', '270.00', 1, '5.00', 117, 2, 67, 0),
(1440, 'Omni Circuit Breaker (Plug In) 30A', '', NULL, '290.00', '217.30', 1, '5.00', 117, 2, 67, 0),
(1441, 'Omni Circuit Breaker (Plug In) 50A', '', NULL, '290.00', '270.00', 1, '5.00', 117, 2, 67, 0),
(1442, 'Omni Circuit Breaker (Plug In) 20A', '', NULL, '290.00', '270.00', 1, '5.00', 117, 2, 67, 0),
(1443, 'Omni Circuit Breaker (Plug In) 15A', '', NULL, '290.00', '270.00', 1, '5.00', 117, 2, 67, 0),
(1444, 'Muriatic Acid', 'liter', NULL, '62.00', '50.00', 1, '2.00', 130, 2, 3, 0),
(1445, 'Concrete Nails', '', NULL, '2.00', '1.00', 1, '10.00', 108, 2, 7, 0),
(1446, 'Fined Sand', 'per bag', NULL, '35.00', '20.00', 0, '2.00', 124, 3, 5, 0),
(1447, 'Mixed Sand', 'per bag', NULL, '35.00', '20.00', 0, '2.00', 124, 3, 5, 0),
(1448, 'Common Wire Nails #5-#5(kg)', '', NULL, '49.00', '44.00', 0, '10.00', 46, 1, 9, 1),
(1449, 'Common Wire Nails #5', '', NULL, '49.00', '33.00', 0, '5.00', 108, 1, 1, 0),
(1450, 'Phoenix Cyclomax Titan 4T-(liter)', '', NULL, '165.00', '144.00', 0, '5.00', 105, 7, 10, 0),
(1451, 'MIxed Sand', 'cubic', NULL, '550.00', '500.00', 1, '5.00', 124, 8, 5, 0),
(1452, 'Red Cement', '', NULL, '65.00', '30.00', 1, '5.00', 129, 1, 10, 0),
(1453, 'Flying Tiger', '', NULL, '32.00', '20.00', 0, '5.00', 123, 5, 10, 0),
(1454, '808 Drawer Lock 7/8\\"x27/32(box)', '', NULL, '40.00', '30.00', 0, '2.00', 46, 18, 11, 0),
(1455, '1x4x8 Gemelina', '', NULL, '75.00', '58.00', 0, '1.00', 128, 2, 55, 0),
(1456, 'TW Stranded Wire #8', '', NULL, '46.00', '30.00', 0, '5.00', 117, 4, 3, 0),
(1457, 'TW Stranded Wire #10', '', NULL, '31.00', '21.00', 0, '5.00', 117, 4, 3, 0),
(1458, 'TW Stranded Wire #12', '', NULL, '23.00', '16.60', 0, '5.00', 117, 4, 3, 0),
(1459, 'TW Stranded Wire #14', '', NULL, '26.00', '10.80', 0, '5.00', 117, 4, 3, 0),
(1460, '1x4x10 Coco', '', NULL, '40.00', '30.00', 0, '1.00', 128, 2, 55, 0),
(1461, '1x4x12 Coco', '', NULL, '48.00', '40.00', 0, '1.00', 128, 2, 55, 0),
(1462, 'Bowl Cover', '', NULL, '250.00', '230.00', 0, '50.00', 130, 2, 6, 0),
(1463, 'CHB#4', '', NULL, '7.50', '5.00', 0, '50.00', 50, 2, 5, 1),
(1464, 'CHB #4', '0.5', NULL, '7.50', '5.00', 1, '2.00', 50, 2, 5, 1),
(1465, 'Curtain Holder', '', NULL, '25.00', '10.00', 1, '5.00', 46, 2, 10, 0),
(1466, 'Curtain Cap', '', NULL, '15.00', '10.00', 1, '5.00', 46, 2, 10, 0),
(1467, 'Triton Metal Primer (L) - Red Oxide', '', NULL, '124.00', '99.00', 1, '5.00', 70, 7, 1, 0),
(1468, 'Saddle Clamp 3x1/2(pc)', '', NULL, '385.00', '355.00', 0, '10.00', 87, 2, 9, 0),
(1469, 'Saddle Clamp 2 1/2x1/2', '', NULL, '365.00', '335.00', 0, '5.00', 87, 2, 9, 0),
(1470, 'Saddle Clamp 2x 1/2', '', NULL, '285.00', '255.00', 0, '5.00', 87, 2, 9, 0),
(1471, 'Saddle Clamp 4x1/2', '', NULL, '420.00', '390.00', 0, '5.00', 87, 2, 9, 0),
(1472, 'Croco-Roller Cotton w/ Handle 4-4(pc)', '', NULL, '32.00', '17.00', 0, '10.00', 139, 2, 10, 0),
(1473, 'Armak-Stationery Tape-(pc)', '', NULL, '20.00', '15.00', 0, '5.00', 117, 2, 10, 0),
(1474, 'Newspaper (kl)', '', NULL, '60.00', '50.00', 0, '50.00', 129, 1, 5, 0),
(1475, 'Coco 1x2x8', '', NULL, '17.00', '13.00', 0, '9.00', 128, 2, 55, 0),
(1476, 'Common Nails #2', '', NULL, '970.00', '910.00', 0, '5.00', 108, 18, 7, 1),
(1477, 'Trapal (thin)', '', NULL, '45.00', '26.60', 0, '5.00', 46, 4, 10, 0),
(1478, 'Ridge Roll', '', NULL, '280.00', '250.00', 0, '10.00', 129, 2, 41, 0),
(1479, 'CHB #4 Delivery Price', '', NULL, '9.00', '6.00', 0, '0.00', 50, 2, 5, 1),
(1480, 'CHB #6 Delivery price', '', NULL, '18.00', '10.00', 0, '500.00', 50, 2, 5, 1),
(1481, 'Firefly 7W CFL', '', NULL, '90.00', '80.00', 1, '8.00', 127, 2, 14, 0),
(1482, 'Okimura Brake Shoe', '', NULL, '117.00', '100.00', 1, '5.00', 115, 2, 4, 0),
(1483, 'NGK Spark Plug C7HSA', '', NULL, '97.00', '80.00', 1, '5.00', 115, 2, 3, 0),
(1484, 'GI Paint Remover', '', NULL, '48.00', '40.00', 1, '5.00', 46, 5, 1, 0),
(1485, 'Round File', '', NULL, '60.00', '40.00', 1, '5.00', 129, 2, 6, 0),
(1486, 'Jeco Welded Wire 1/2x3x100', '', NULL, '55.00', '43.00', 1, '0.00', 129, 4, 3, 0),
(1487, 'Iris Moto Haedlight', '', NULL, '100.00', '80.00', 1, '5.00', 115, 2, 3, 0),
(1488, 'Bosch WS7F Spark Plug', 'Chainsaw', NULL, '80.00', '55.00', 1, '5.00', 115, 2, 3, 0),
(1489, 'Finishing nails #1 1/2', '', NULL, '54.00', '48.00', 0, '50.00', 110, 1, 1, 0),
(1490, 'Ecolum 40W Housing', '', NULL, '185.00', '150.00', 0, '5.00', 117, 2, 14, 0),
(1491, 'Ecolum 20W Housing', '', NULL, '175.00', '140.00', 0, '5.00', 117, 2, 14, 0),
(1492, 'Firefly Torch Lamp', '', NULL, '240.00', '180.00', 1, '1.00', 117, 2, 14, 0),
(1493, 'Royu Safety Breaker 100A', '', NULL, '540.00', '405.00', 1, '5.00', 117, 2, 14, 0),
(1494, 'Royu Mini Circuit Breaker 100A', '', NULL, '440.00', '330.00', 1, '2.00', 117, 2, 14, 0),
(1495, 'Royu Weather-Proof Plate', '', NULL, '65.00', '48.75', 1, '2.00', 117, 2, 14, 0),
(1496, 'Sassin DC Resolution Fuse and Dlode', '', NULL, '750.00', '562.50', 1, '2.00', 117, 2, 14, 0),
(1497, 'Sassin Fire Alarm break', '', NULL, '195.00', '146.25', 1, '1.00', 117, 2, 14, 0),
(1498, 'Sassin Diameter 200mm, Volume #80dB', '', NULL, '575.00', '431.25', 1, '2.00', 117, 2, 14, 0),
(1499, 'Sassin Diameter 100mm, Volume #75dB', '', NULL, '210.00', '157.50', 1, '2.00', 117, 2, 14, 0),
(1500, 'China Welding rod 6012', '', NULL, '75.00', '65.00', 0, '20.00', 132, 1, 6, 0),
(1501, 'Wall Putty', '', NULL, '90.00', '70.00', 1, '3.00', 129, 2, 10, 0),
(1502, 'Hi-Tech Paint Roller w/ Handle', '', NULL, '55.00', '35.00', 0, '5.00', 46, 2, 10, 0),
(1503, 'Twine / plastic straw', '', NULL, '65.00', '55.00', 0, '40.00', 129, 1, 6, 0),
(1504, 'Stallion S. Kitchen Sink (40x60)', '', NULL, '600.00', '565.00', 0, '10.00', 87, 2, 10, 0),
(1505, 'Apollo White Glue (L)', '', NULL, '85.00', '70.00', 0, '5.00', 123, 7, 6, 0),
(1506, 'Screen sand', '', NULL, '700.00', '200.00', 0, '6.00', 220, 8, 5, 0),
(1507, 'Screw Insulator (pc)', '', NULL, '20.00', '15.00', 0, '10.00', 117, 2, 10, 0),
(1508, 'Washed Sand(load)', '', NULL, '1300.00', '500.00', 0, '1.00', 49, 20, 5, 0),
(1509, 'Trapal (thick)', '', NULL, '65.00', '55.00', 0, '5.00', 46, 4, 10, 0),
(1510, 'Concrete Nails #3-#3(kg)', '', NULL, '100.00', '68.00', 0, '10.00', 108, 1, 7, 0),
(1511, 'Henry Doorknob HCLO2SS/ET', '', NULL, '300.00', '250.00', 0, '5.00', 46, 2, 10, 0),
(1512, 'Makita-Diamond Cutting Disc(pc)', '', NULL, '115.00', '105.00', 0, '5.00', 46, 2, 10, 0),
(1513, 'Rain or Shine - Citrus(G)', '', NULL, '545.00', '505.00', 0, '1.00', 76, 6, 3, 0),
(1514, 'Rain or Shine - Neutral Gray(G)', '', NULL, '555.00', '515.00', 0, '1.00', 76, 6, 3, 0),
(1515, 'Fined Sand', 'cubic', NULL, '550.00', '330.00', 0, '10.00', 124, 8, 5, 0),
(1516, 'Rain Or Shine - Gold Rush(L)', '', NULL, '155.00', '135.00', 0, '5.00', 76, 6, 3, 0),
(1517, 'Rain Or Shine - Fresh Mint(L)', '', NULL, '155.00', '135.00', 0, '5.00', 76, 6, 3, 0),
(1518, 'Door Handle (small)', '', NULL, '18.00', '9.50', 0, '5.00', 46, 2, 9, 0),
(1519, 'Riveter', '', NULL, '170.00', '155.00', 0, '5.00', 129, 2, 10, 0),
(1520, 'Phoenix Zoelo Engine Oil', '', NULL, '157.00', '135.00', 1, '2.00', 105, 7, 10, 0),
(1521, 'OMNI Safety Breaker 30A', '', NULL, '400.00', '300.00', 1, '2.00', 117, 2, 67, 0),
(1522, 'Key Chain (medium)', '', NULL, '35.00', '20.00', 1, '5.00', 115, 2, 11, 0),
(1523, 'Omni 20W Housing', '', NULL, '250.00', '230.00', 1, '5.00', 117, 2, 67, 0),
(1524, 'Boysen QDE Choco Brown', '', NULL, '690.00', '650.00', 1, '1.00', 60, 6, 1, 0),
(1525, 'CR Bowl Ordinary', '', NULL, '150.00', '120.00', 0, '6.00', 129, 2, 12, 0),
(1526, 'Boysen Semi-Gloss Enamel', '', NULL, '650.00', '620.00', 1, '1.00', 68, 6, 1, 0),
(1527, 'Domino Metal Primer', '', NULL, '150.00', '125.00', 1, '2.00', 70, 7, 9, 0),
(1528, 'KSR 300X17', '', NULL, '792.00', '740.00', 0, '5.00', 141, 2, 38, 0),
(1529, 'Sand Paper 100', '', NULL, '18.00', '11.00', 0, '50.00', 129, 2, 33, 0),
(1530, 'Sand Paper 180', '', NULL, '18.00', '11.00', 0, '50.00', 129, 2, 33, 0),
(1531, 'Sand Paper 400', '', NULL, '18.00', '11.00', 0, '50.00', 129, 2, 33, 0),
(1532, 'Sand Paper 800', '', NULL, '18.00', '11.00', 0, '50.00', 129, 2, 33, 0),
(1533, 'Gemilina 1x2x8', '', NULL, '170.00', '125.00', 0, '100.00', 128, 19, 5, 0),
(1534, 'Gemilina 1x2x6', '', NULL, '140.00', '80.00', 0, '30.00', 128, 19, 5, 0),
(1535, 'China-Ball Valve 3/4', '', NULL, '147.00', '127.00', 0, '10.00', 87, 2, 10, 0),
(1536, 'Ball Casters-(pc)', '', NULL, '40.00', '35.00', 0, '5.00', 46, 2, 10, 0),
(1537, 'Pvc Clamp 3/4', '', NULL, '2.00', '1.42', 0, '10.00', 87, 2, 9, 0),
(1538, 'Dream Card 650', '', NULL, '650.00', '590.00', 0, '5.00', 117, 2, 5, 0),
(1539, '2x4x8 gemilina', '', NULL, '123.00', '117.00', 0, '10.00', 128, 2, 55, 0),
(1540, 'Dream card 250', '', NULL, '250.00', '225.00', 0, '5.00', 117, 2, 5, 0),
(1541, '1x3x8 gemilina', '', NULL, '56.00', '44.00', 0, '10.00', 128, 2, 5, 0),
(1542, 'Dream Card 390', '', NULL, '390.00', '355.00', 0, '5.00', 117, 2, 5, 0),
(1543, 'G.I Kitchen Sink Large', '', NULL, '250.00', '239.00', 0, '5.00', 87, 2, 10, 0),
(1544, 'Door Handle (medium)', '', NULL, '22.00', '12.50', 0, '5.00', 46, 2, 9, 0),
(1545, 'Iris Signal Light 12V', '', NULL, '22.00', '17.00', 0, '5.00', 115, 2, 3, 0),
(1546, 'Bostik-Silicon Sealant', '', NULL, '110.00', '82.50', 0, '5.00', 136, 2, 10, 0),
(1547, 'Solane 11 kg. w/o tank', '', NULL, '1054.00', '993.00', 0, '5.00', 221, 1, 25, 0),
(1548, 'Maxten-Curtain Holder', '', NULL, '25.00', '18.75', 0, '5.00', 46, 2, 10, 0),
(1549, '2x2x8 gemilina', '', NULL, '59.00', '53.00', 0, '10.00', 128, 2, 55, 0),
(1550, 'Santex-Rubber Gloves', '', NULL, '35.00', '25.00', 0, '10.00', 46, 2, 10, 0),
(1551, 'Tile Trim (brown)', '', NULL, '38.00', '25.00', 1, '5.00', 51, 9, 24, 0),
(1552, 'Tie Wire', 'roll', NULL, '1650.00', '1250.00', 1, '2.00', 129, 17, 9, 0),
(1553, 'Standard-Handsaw 16\\"', '', NULL, '150.00', '115.00', 0, '5.00', 46, 2, 10, 0),
(1554, 'Wood Screw', '', NULL, '1.00', '0.25', 0, '5.00', 129, 2, 2, 0),
(1555, 'Bahco-Sandflex 24\\''', '', NULL, '60.00', '45.00', 0, '10.00', 129, 2, 10, 0),
(1556, 'Bahco-Sandflex 18\\"', '', NULL, '60.00', '41.00', 0, '10.00', 129, 2, 10, 0),
(1557, 'Shark-Lavatory Faucet Cross Handle(SF 2400)', '', NULL, '360.00', '262.50', 0, '5.00', 87, 2, 10, 0),
(1558, 'Shark-Lavatory Faucet Round Handle(SF 2401)', '', NULL, '360.00', '262.50', 0, '5.00', 87, 2, 10, 0),
(1559, 'Shark- Sink Faucet 1/2x6 (SF 2302)', '', NULL, '220.00', '200.00', 0, '5.00', 87, 2, 10, 0),
(1560, 'Jopex-Round Handle (PT05CW)', '', NULL, '243.75', '229.00', 0, '5.00', 87, 2, 10, 0),
(1561, 'Sher-PVA Chamois', '', NULL, '128.00', '115.25', 0, '5.00', 123, 2, 10, 0),
(1562, 'Crane-Mender End(hose coupling)', '', NULL, '28.00', '25.00', 0, '5.00', 87, 2, 10, 0),
(1563, 'Creston-Hose Connector 1/2(male thread)', '', NULL, '65.00', '60.00', 0, '5.00', 87, 2, 10, 0),
(1564, 'Creston-Hose Connector 1/2', '', NULL, '60.00', '55.00', 0, '5.00', 87, 2, 10, 0),
(1565, 'Nicholson-Measuring Tape(3m)', '', NULL, '125.00', '100.00', 0, '5.00', 129, 2, 6, 0),
(1566, 'PVC-Strainer', '', NULL, '15.00', '10.00', 0, '5.00', 87, 2, 6, 0),
(1567, 'Focus 5W CFL', 'CFL 2U', NULL, '70.00', '52.50', 0, '5.00', 127, 2, 3, 0),
(1568, 'Focus-20W Spiral', 'CFL 3U', NULL, '165.00', '123.75', 0, '5.00', 127, 2, 3, 0),
(1569, 'Focus 50W Frosted', '', NULL, '20.00', '15.00', 0, '5.00', 127, 2, 3, 0),
(1570, 'Focus 100W Frosted', '', NULL, '20.00', '15.00', 0, '5.00', 127, 2, 3, 0),
(1571, 'Omni-20W DL', '3U', NULL, '140.00', '105.00', 1, '10.00', 127, 2, 14, 0),
(1572, 'Omni 20W DL', '3U', NULL, '140.00', '105.00', 1, '10.00', 127, 2, 67, 0),
(1573, 'Omni 25W Spiral', '', NULL, '200.00', '150.00', 1, '10.00', 127, 2, 67, 0),
(1574, 'Omni 20W DL', '', NULL, '140.00', '105.00', 1, '10.00', 127, 2, 67, 1),
(1575, 'SuperZinc Plain Sheet .26x8', '', NULL, '155.00', '140.00', 0, '50.00', 96, 2, 63, 0),
(1576, 'Superlume Plain Sheet .26x8', '', NULL, '155.00', '144.00', 0, '50.00', 56, 2, 63, 0),
(1577, 'Stikwel-Wood Glue', '', NULL, '190.00', '180.00', 0, '5.00', 46, 7, 10, 0),
(1578, '.5x2x8 Gemilina', '', NULL, '20.00', '15.00', 0, '5.00', 128, 2, 5, 0),
(1579, 'Hippo - Paint Brush 1', '', NULL, '25.00', '20.00', 1, '5.00', 139, 2, 10, 0),
(1580, 'Jopex Faucet', '', NULL, '90.00', '75.00', 0, '12.00', 130, 2, 10, 0),
(1581, 'Easy Tite (G) Body Filler', '', NULL, '525.00', '460.00', 1, '2.00', 46, 6, 10, 0),
(1582, 'P.E. Coupling Reducer 3/4x1/2', '', NULL, '81.00', '66.20', 0, '5.00', 87, 2, 10, 0),
(1583, 'Sun-Motor Chain 110L', '', NULL, '240.00', '212.50', 0, '5.00', 115, 2, 3, 0),
(1584, '2x3x8 Gemilina', '', NULL, '88.00', '76.00', 0, '10.00', 128, 2, 55, 0),
(1585, 'Omni-2 Gang Outlet', '', NULL, '115.00', '109.25', 0, '5.00', 117, 2, 67, 0),
(1586, 'Triton T/C Oil (1/4L) -Lemon Yellow', '', NULL, '100.00', '82.00', 0, '5.00', 75, 11, 10, 0),
(1587, '2x8x12 coco', '', NULL, '200.00', '176.00', 0, '10.00', 128, 2, 55, 0),
(1588, 'EL Kapitan-Marine Epoxy', '(1/4L)', NULL, '137.00', '123.30', 0, '5.00', 46, 15, 10, 0),
(1589, 'Kawaguchi Staple Wire', '', NULL, '1.00', '0.25', 0, '10.00', 117, 2, 10, 0),
(1590, 'Bamboo #6', '', NULL, '55.00', '33.00', 0, '10.00', 129, 19, 55, 0),
(1591, 'Oppo Bulb 7W', '', NULL, '40.00', '30.00', 0, '5.00', 117, 12, 10, 0),
(1592, 'Oppo Bulb 11W', '', NULL, '40.00', '30.00', 0, '5.00', 117, 2, 10, 0),
(1593, 'Oppo Bulb 15W', '', NULL, '40.00', '30.00', 0, '5.00', 117, 2, 10, 0),
(1594, 'Omni-Electrical Tape 4mm', '(red)', NULL, '10.00', '5.80', 0, '10.00', 117, 2, 67, 0),
(1595, 'Omni-Electrical Tape 4mm', '(green)', NULL, '10.00', '5.80', 0, '10.00', 117, 2, 67, 0),
(1596, 'Omni-Electrical Tape 4mm', '(yellow)', NULL, '10.00', '5.80', 0, '10.00', 117, 2, 67, 0),
(1597, 'Omni-Electrical Tape 16mm', '(green)', NULL, '22.00', '14.30', 0, '10.00', 127, 2, 67, 0),
(1598, 'Omni-Electrical Tape 16mm', '(red)', NULL, '22.00', '14.30', 0, '10.00', 127, 2, 67, 0),
(1599, 'Omni-Electrical Tape 16mm', '(yellow)', NULL, '22.00', '14.30', 0, '10.00', 127, 2, 67, 0),
(1600, 'Green Cement', '', NULL, '75.00', '45.00', 1, '5.00', 129, 1, 10, 0),
(1601, 'Mighty Bond-Sakto', '', NULL, '43.00', '28.00', 0, '5.00', 46, 2, 10, 0),
(1602, 'Sun-Brake Pad', '', NULL, '84.50', '76.05', 0, '5.00', 115, 2, 3, 0),
(1603, 'El Kapitan-Marine Epoxy', '(1/8L)', NULL, '71.00', '63.90', 0, '5.00', 46, 15, 10, 0),
(1604, 'Triton QDE (L)-Orange', 'Orange', NULL, '151.00', '140.00', 0, '10.00', 60, 7, 10, 0),
(1605, 'Philips TL 40W', '', NULL, '99.00', '74.25', 1, '5.00', 127, 2, 25, 0),
(1606, 'Bar Level', '', NULL, '120.00', '108.00', 0, '5.00', 129, 2, 10, 0),
(1607, 'Phoenix Zoelo Diesel Oil SAE40', '', NULL, '135.00', '113.00', 1, '5.00', 105, 7, 10, 0),
(1608, 'Mahogany Door(1 set) 90x210', '', NULL, '4800.00', '4400.00', 0, '1.00', 46, 16, 68, 0),
(1609, 'Door 90x210/80x210', '', NULL, '3500.00', '3200.00', 0, '1.00', 46, 2, 68, 0),
(1610, 'Jam 90x210/80x210', '', NULL, '1500.00', '1200.00', 0, '1.00', 46, 2, 68, 0),
(1611, 'Boysen Masonry Neutralizer', '', NULL, '444.00', '399.60', 0, '5.00', 129, 6, 1, 0),
(1612, 'Triton QDE-Aluminum (1/4L)', '', NULL, '57.50', '48.75', 0, '5.00', 60, 11, 10, 0),
(1613, 'Packaging Tape', '', NULL, '70.00', '65.00', 0, '2.00', 129, 17, 10, 0),
(1614, 'Palita w/o Handle', '', NULL, '15.00', '11.75', 0, '5.00', 46, 2, 10, 0),
(1615, 'Triton QDE - Crystal Green(G)', 'Crystal Green', NULL, '533.00', '493.00', 0, '2.00', 60, 6, 10, 0),
(1616, 'Triton Aquamarine Blue (G)', 'Aquamarine Blue', NULL, '564.50', '523.50', 0, '2.00', 60, 6, 10, 0),
(1617, 'Lawanit', '1/8x4x8', NULL, '155.00', '140.00', 0, '10.00', 46, 2, 2, 0),
(1618, 'Greenfield Measuring Tape 3M', '', NULL, '125.00', '95.00', 0, '5.00', 129, 2, 9, 0),
(1619, 'Greenfield Measuring Tape 8M', '', NULL, '351.00', '270.00', 0, '5.00', 129, 2, 9, 0),
(1620, 'Tatara Diamond Cutter 4\\''', '', NULL, '234.00', '180.00', 0, '5.00', 129, 2, 9, 0),
(1621, 'Hippo-Welded Wire 1x3', '', NULL, '53.00', '40.82', 0, '5.00', 46, 4, 9, 0),
(1622, 'Hippo-Welded Wire 1/4', '', NULL, '72.00', '55.40', 0, '5.00', 46, 4, 9, 0),
(1623, 'Amazon-Plastic Screen 1/4x3', 'circle type', NULL, '70.00', '53.70', 0, '5.00', 46, 4, 9, 0),
(1624, 'Amazon-Plastic Screen 1/4x4', 'circle type', NULL, '102.00', '78.00', 0, '5.00', 46, 4, 9, 0),
(1625, 'Amazon-Plastic Screen 1/2x3', 'diamond type(medium)', NULL, '98.00', '81.90', 0, '5.00', 46, 4, 9, 0),
(1626, 'Amazon-Plastic Screen 1/2x4', 'diamond type(large)', NULL, '130.00', '109.05', 0, '5.00', 46, 4, 9, 0),
(1627, 'Amazon-Plastic Screen 1x3', 'diamond type(large)', NULL, '106.00', '82.00', 0, '5.00', 46, 4, 9, 0),
(1628, 'Amazon-Plastic Screen 1x4', 'diamond type(large)', NULL, '145.00', '112.00', 0, '5.00', 46, 4, 9, 0),
(1629, 'Crocodile-Masking Tape 1\\''', '', NULL, '34.00', '26.00', 0, '5.00', 46, 2, 9, 0),
(1630, 'Crocodile-Masking Tape 1/2\\''', '', NULL, '17.00', '12.50', 0, '5.00', 46, 2, 9, 0),
(1631, 'Nicholson-Claw Hammer', '', NULL, '430.00', '380.00', 0, '5.00', 129, 2, 9, 0),
(1632, 'Royu-thhn wire #10x150m', '', NULL, '33.00', '25.85', 0, '2.00', 117, 4, 14, 0),
(1633, 'Royu-thhn wire #12x150m', '', NULL, '24.00', '16.90', 0, '2.00', 117, 4, 14, 0),
(1634, 'Firefly-Downlight 4\\''', '', NULL, '88.00', '66.00', 1, '8.00', 117, 2, 14, 0),
(1635, 'Royu-Two Gang Outlet', '', NULL, '93.00', '69.75', 0, '5.00', 117, 2, 14, 0),
(1636, 'Mega-Trapal blue/orange 8Ft.', '', NULL, '33.00', '28.00', 0, '5.00', 46, 4, 11, 0),
(1637, 'Hacksaw frame', '', NULL, '76.00', '58.00', 0, '5.00', 129, 2, 11, 0),
(1638, 'Cutter Blade', '', NULL, '15.00', '10.00', 0, '2.00', 46, 2, 11, 0),
(1639, 'FXWJ-Barrel Bolt #4', '', NULL, '47.00', '36.00', 0, '2.00', 46, 2, 11, 0),
(1640, 'Yestar Shovel Scoop Steel Handle', '', NULL, '310.00', '245.00', 0, '5.00', 129, 2, 11, 0),
(1641, 'JL-Digital Padlock 30mm', '', NULL, '62.00', '47.00', 0, '2.00', 46, 2, 11, 0),
(1642, 'Dog Chain w/ belt #3.5', '', NULL, '38.00', '29.00', 0, '2.00', 46, 2, 11, 0),
(1643, 'Chain w/ lock', '(gray)', NULL, '76.00', '58.00', 0, '2.00', 46, 2, 11, 0),
(1644, 'Stanley-Hand Riveter', '', NULL, '130.00', '100.00', 0, '5.00', 129, 2, 11, 0),
(1645, 'Nikun-Eskwala 8\\''', '', NULL, '42.00', '32.00', 0, '2.00', 129, 2, 11, 0),
(1646, 'Nikun-Eskwala 10\\''', '', NULL, '47.00', '35.50', 0, '2.00', 129, 2, 11, 0),
(1647, 'Hair sprayer small', '', NULL, '37.00', '28.00', 0, '2.00', 46, 2, 11, 0),
(1648, 'Hair sprayer big', '', NULL, '70.00', '30.00', 0, '2.00', 46, 2, 11, 0),
(1649, 'Silicon Gun', '(orange)', NULL, '63.00', '48.00', 0, '2.00', 46, 2, 11, 0),
(1650, 'Wooden Handle-Steel Brush', '', NULL, '23.00', '16.90', 0, '2.00', 46, 2, 11, 0),
(1651, 'Pvc Handle-Steel Brush', '', NULL, '30.00', '18.25', 0, '2.00', 129, 2, 11, 0),
(1652, 'Stick Glue(small)', '', NULL, '7.00', '3.50', 0, '2.00', 46, 2, 11, 0),
(1653, 'Stick Glue(big)', '', NULL, '10.00', '7.20', 0, '2.00', 46, 2, 11, 0),
(1654, 'Stikwel-Wood Glue(pouch)', '', NULL, '39.00', '30.00', 0, '2.00', 129, 12, 11, 0),
(1655, 'Stikwel-Wood Glue(500g)', '', NULL, '89.00', '68.00', 0, '2.00', 129, 13, 11, 0),
(1656, 'CD Wire 3x3', '', NULL, '59.00', '45.00', 0, '2.00', 117, 2, 11, 0),
(1657, 'Pvc Handle-Rubber Force Cap', '', NULL, '36.00', '27.00', 0, '2.00', 129, 2, 11, 0),
(1658, 'Sanda-Pvc Door Whole Glass', '(brown)', NULL, '2300.00', '2000.00', 0, '5.00', 46, 2, 6, 0),
(1659, 'Cabinet Handle', 'circle', NULL, '20.00', '14.50', 0, '5.00', 46, 2, 10, 0),
(1660, 'Omega-Paint Roller  w/ Handle 4\\''', '', NULL, '39.00', '30.00', 0, '5.00', 46, 2, 10, 0),
(1661, 'Eudesigns-Barrel Bolt', '', NULL, '120.00', '102.50', 0, '5.00', 46, 2, 10, 0),
(1662, 'Wall Putty liter', 'liter', NULL, '156.00', '120.00', 0, '10.00', 129, 7, 10, 0),
(1663, 'Triton QDE (L) - Black', 'Black', NULL, '133.00', '118.00', 0, '5.00', 60, 7, 10, 0),
(1664, 'Triton T/C Latex  - Thalo Green (1/4L)', '', NULL, '49.00', '39.00', 0, '5.00', 73, 11, 10, 0),
(1665, 'Triton T/C Latex -Taluidine Red(1/4L)', '', NULL, '49.00', '39.00', 0, '5.00', 61, 11, 10, 0),
(1666, 'Brass-Pig Drinker', '', NULL, '45.00', '34.00', 0, '5.00', 87, 2, 10, 0),
(1667, 'Chrome-Pig Drinker', '', NULL, '47.00', '36.00', 0, '5.00', 87, 2, 10, 0),
(1668, 'Weber-Spray Paint', '(Art Yellow)', NULL, '100.00', '70.00', 0, '5.00', 53, 5, 10, 0),
(1669, 'Blind Rivets 1/8x1/2', '', NULL, '0.50', '0.20', 0, '5.00', 46, 2, 10, 0),
(1670, 'Omega-Roller Brush Cotton Refill 4\\''', '', NULL, '33.00', '25.00', 0, '5.00', 46, 2, 10, 0),
(1671, 'Narita-Cut Off Wheel 4\\''', '', NULL, '35.00', '24.00', 0, '5.00', 46, 2, 10, 0),
(1672, '1x8x8 Gemilina', '', NULL, '149.00', '140.00', 0, '10.00', 128, 2, 55, 0),
(1673, 'Solignum', '', NULL, '475.00', '459.50', 0, '5.00', 46, 7, 10, 0),
(1674, 'Screen Polyethene 3ft.', '', NULL, '48.00', '24.00', 0, '5.00', 46, 4, 10, 0),
(1675, 'Speaker Wire #16', 'roll', NULL, '420.00', '378.00', 0, '5.00', 184, 17, 10, 0),
(1676, 'Welded Screen 1/2x3x100', '', NULL, '158.00', '142.20', 0, '5.00', 46, 4, 10, 0),
(1677, 'Mascot-Plow Chain', '', NULL, '73.00', '66.15', 0, '5.00', 46, 2, 11, 0),
(1678, 'Ako-40mm Padlock', '', NULL, '54.00', '48.60', 0, '5.00', 46, 2, 10, 0),
(1679, 'Umbrella Nails #2', '(per box)', NULL, '1650.00', '1450.00', 0, '50.00', 46, 18, 7, 0),
(1680, 'Umbrella Nails #2 1/2', '(per box)', NULL, '1650.00', '1450.00', 0, '50.00', 46, 18, 7, 0),
(1681, 'Common Wire Nails # 4', '', NULL, '1050.00', '850.00', 0, '50.00', 108, 18, 7, 1),
(1682, 'Common Wire Nails #2 1/2', '(per box)', NULL, '1140.00', '940.00', 0, '50.00', 108, 18, 7, 1),
(1683, 'Glass Block', '', NULL, '120.00', '90.00', 0, '5.00', 46, 2, 6, 0),
(1684, 'Chain-(big)', '', NULL, '127.00', '114.30', 0, '2.00', 46, 2, 6, 0),
(1685, 'Sher-Liquid Sosa', '', NULL, '110.00', '96.80', 0, '2.00', 46, 7, 10, 0),
(1686, 'Sherlock-Hinges 4\\''', '', NULL, '80.00', '72.00', 0, '5.00', 46, 15, 10, 0),
(1687, 'Sta.Clara Plywood', '', NULL, '600.00', '540.00', 0, '10.00', 3, 2, 7, 0),
(1688, 'Screened Sand', 'load', NULL, '2000.00', '800.00', 0, '10.00', 48, 20, 5, 1),
(1689, '3M-Grinding Cutting Disc', '', NULL, '69.00', '41.40', 0, '5.00', 129, 2, 10, 0),
(1690, 'Nicholson-Grinding Cutting Disc', '', NULL, '62.00', '4.30', 0, '5.00', 46, 2, 10, 0),
(1691, 'Lock Washer', '', NULL, '0.50', '0.12', 0, '10.00', 46, 2, 9, 0),
(1692, 'America-Cartridge fuses 15A', '', NULL, '18.00', '12.96', 0, '5.00', 117, 2, 3, 0),
(1693, 'America-Cartridge fuse 20A', '', NULL, '18.00', '12.96', 0, '5.00', 117, 2, 3, 0),
(1694, 'America-Cartridge fuse 30A', '', NULL, '18.00', '12.00', 0, '5.00', 117, 2, 3, 0),
(1695, 'America-Cartridge fuse 60A', '', NULL, '30.00', '21.60', 0, '5.00', 117, 2, 3, 0),
(1696, 'Grand Pozzolan Cement', '', NULL, '215.00', '205.00', 0, '50.00', 57, 3, 18, 0),
(1697, 'Triton T/C Latex - Hansa Yellow(1/4L)', '', NULL, '60.00', '39.00', 0, '5.00', 61, 11, 10, 0),
(1698, 'PVC Electrical Pipe 1/2', '', NULL, '60.00', '45.00', 0, '10.00', 117, 2, 9, 0),
(1699, '3x4x8 coco', '', NULL, '100.00', '89.00', 0, '10.00', 128, 2, 55, 0),
(1700, 'PVC- Water Meter', '', NULL, '900.00', '648.00', 0, '10.00', 87, 2, 10, 0),
(1701, 'PVC Electrical Pipe 1\\''', '', NULL, '115.00', '98.50', 0, '10.00', 117, 2, 9, 0),
(1702, 'P.E. Tee 3/4x1/2', '', NULL, '117.00', '99.40', 0, '5.00', 130, 2, 10, 0),
(1703, 'P.E. Male Adaptor 3/4', '', NULL, '44.00', '36.00', 0, '5.00', 87, 2, 10, 0),
(1704, 'Door Handle (large)', '', NULL, '24.00', '18.00', 0, '5.00', 46, 2, 9, 0),
(1705, 'Moulding-Cornice 3x10', '', NULL, '142.00', '120.00', 0, '5.00', 46, 2, 25, 0),
(1706, 'Plastic Roofing 8ft\\"', '', NULL, '185.00', '135.00', 0, '10.00', 56, 2, 7, 0),
(1707, 'Omni-Aircon Outlet', '', NULL, '100.00', '89.50', 0, '10.00', 117, 2, 67, 0),
(1708, 'China-Barrel Bolt', '', NULL, '60.00', '48.00', 0, '5.00', 46, 18, 10, 0),
(1709, 'Gate Valve 1/2', '', NULL, '122.00', '102.00', 0, '10.00', 87, 2, 10, 0),
(1710, 'Phoenix 4T Force SAE40', '', NULL, '165.00', '130.00', 1, '10.00', 105, 7, 10, 0),
(1711, 'Pureguard ATF', '', NULL, '127.00', '110.00', 1, '2.00', 105, 7, 38, 0),
(1712, 'Triton T/C Latex - Venetian Red(1/4L)', '', NULL, '49.00', '33.00', 1, '4.00', 73, 11, 10, 0),
(1713, 'Pvc Door w/ Doorknob', '', NULL, '1500.00', '1250.00', 0, '5.00', 46, 2, 11, 1),
(1714, 'Sherlock Hinges 3\\"', '', NULL, '60.00', '45.00', 0, '5.00', 46, 15, 10, 0),
(1715, 'America-Panel Box single', '', NULL, '110.00', '93.00', 0, '5.00', 117, 2, 3, 0),
(1716, '3M-Cut Off Wheel 4\\"', '', NULL, '49.00', '69.00', 0, '5.00', 129, 2, 24, 0),
(1717, 'Tile Trim-White', '', NULL, '38.00', '18.00', 0, '5.00', 46, 9, 24, 0),
(1718, 'Pioneer White Glue', '', NULL, '100.00', '90.00', 1, '2.00', 46, 2, 50, 0),
(1719, 'Omni T8 Fluorescent 18W', '', NULL, '45.00', '38.00', 0, '10.00', 117, 2, 67, 0);
INSERT INTO `items` (`i_id`, `i_name`, `i_attribute`, `i_description`, `i_selling_price`, `i_purchase_price`, `i_vat`, `i_reorder_level`, `c_id`, `u_id`, `s_id`, `is_deleted`) VALUES
(1720, 'Philips 20W Flourescent', '', NULL, '67.00', '50.25', 1, '5.00', 127, 2, 25, 0),
(1721, 'G.i Elbow 3/4', '', NULL, '28.00', '20.00', 0, '5.00', 87, 2, 9, 0),
(1722, 'G.I Union 3/4', '', NULL, '34.00', '28.00', 0, '5.00', 87, 2, 9, 0),
(1723, 'G.I Tee 3/4', '', NULL, '21.00', '15.00', 0, '5.00', 87, 2, 9, 0),
(1724, 'PVC Electrical Elbow 1/2', '', NULL, '35.00', '28.00', 0, '5.00', 117, 2, 9, 0),
(1725, 'Insulator foam', '10 mm', NULL, '65.00', '38.50', 0, '5.00', 46, 4, 9, 0),
(1726, 'Phoenix 2T', '', NULL, '38.00', '28.00', 1, '5.00', 138, 2, 10, 0),
(1727, 'Caltex Havoline 2T', '', NULL, '43.00', '30.00', 1, '2.00', 138, 2, 21, 0),
(1728, 'Omni 20W Fluorescent 1set', '', NULL, '299.75', '260.07', 0, '10.00', 127, 16, 67, 0),
(1729, 'Triton T/C Latex - Pthalo Blue(1/4L)', '', NULL, '65.00', '56.55', 0, '6.00', 61, 11, 10, 0),
(1730, 'Omni Housing 40W', '', NULL, '270.00', '202.50', 1, '5.00', 117, 2, 67, 0),
(1731, 'Tile Trim-(pink) 2\\"', '', NULL, '55.00', '48.00', 0, '5.00', 46, 9, 24, 0),
(1732, 'Wall Putty Gallon', 'gallon', NULL, '615.00', '550.00', 1, '2.00', 129, 2, 10, 0),
(1733, 'Ohayo-Pvc Faucet T-Handle(OY71)', '', NULL, '120.00', '118.00', 0, '5.00', 87, 2, 10, 1),
(1734, 'Ohayo-Pvc Faucet T-Handle(OY81)', '', NULL, '120.00', '118.00', 0, '5.00', 87, 2, 10, 1),
(1735, 'Firefly 36W Fluorescent 1set', '', NULL, '185.00', '160.95', 0, '5.00', 127, 16, 14, 0),
(1736, 'Angle bar 1/4x2', '1/4x2', NULL, '850.00', '800.00', 0, '10.00', 9, 2, 20, 0),
(1737, 'China Welding Rod 6012', 'per box', NULL, '370.00', '333.00', 0, '5.00', 132, 18, 6, 0),
(1738, 'trial', '', NULL, '2.00', '1.00', 0, '12.00', 11, 2, 5, 0),
(1739, 'Flat Bar 3/16x3/4', '', NULL, '155.00', '111.80', 1, '5.00', 11, 9, 20, 0),
(1740, 'PVC Elbow #4x90', '', NULL, '43.50', '38.00', 1, '5.00', 130, 2, 1, 0),
(1741, 'PVC Coupling #2', '', NULL, '8.00', '5.00', 1, '5.00', 130, 2, 1, 0),
(1742, 'PVC Elbow #2x90', '', NULL, '15.00', '10.00', 1, '5.00', 130, 2, 1, 0),
(1743, 'CES Lacquer Thinner (B)', '', NULL, '37.00', '31.60', 1, '5.00', 129, 5, 1, 0),
(1744, 'PVC Elbow #2x45', '', NULL, '11.00', '8.00', 1, '5.00', 130, 2, 1, 0),
(1745, 'PVC Equal Tee #2', '', NULL, '16.00', '10.00', 1, '5.00', 130, 2, 1, 0),
(1746, 'PVC Clean Out #2', '', NULL, '13.00', '7.00', 1, '5.00', 130, 2, 1, 0),
(1747, 'PVC Wye #2', '', NULL, '28.00', '20.00', 1, '5.00', 130, 2, 1, 0),
(1748, 'PVC P-Trap #2', '', NULL, '45.00', '40.00', 1, '5.00', 130, 2, 1, 0),
(1749, 'PVC Coupling #3', '', NULL, '14.00', '10.00', 1, '5.00', 130, 2, 1, 0),
(1750, 'PVC Elbow #3x90', '', NULL, '21.00', '18.00', 1, '5.00', 130, 2, 1, 0),
(1751, 'PVC Elbow #3x45', '', NULL, '16.00', '10.00', 1, '5.00', 130, 2, 1, 0),
(1752, 'PVC Equal Tee #3', '', NULL, '39.00', '35.00', 1, '5.00', 130, 2, 1, 0),
(1753, 'PVC Tee #3x2', '', NULL, '32.00', '28.00', 1, '5.00', 130, 2, 1, 0),
(1754, 'PVC Wye #3', '', NULL, '35.00', '30.00', 1, '5.00', 130, 2, 1, 0),
(1755, 'PVC Reducer #3x2', '', NULL, '17.00', '12.00', 1, '5.00', 130, 2, 1, 0),
(1756, 'PVC Clean Out #3', '', NULL, '18.00', '13.00', 1, '5.00', 130, 2, 1, 0),
(1757, 'PVC P-trap #3', '', NULL, '85.00', '78.00', 1, '5.00', 130, 2, 1, 0),
(1758, 'Armak-Packaging Tape', '', NULL, '36.00', '29.00', 0, '2.00', 46, 2, 10, 0),
(1759, 'Triton T/C Latex - Lamp Black(1/4L)', '', NULL, '48.00', '40.00', 1, '3.00', 73, 11, 10, 0),
(1760, 'Triton T/C Latex - Raw Sienna(1/4L)', '', NULL, '50.00', '42.00', 1, '3.00', 73, 11, 10, 0),
(1761, 'Triton T/C Latex Hansa Yellow(1/4L)', '', NULL, '60.00', '50.00', 1, '3.00', 73, 11, 10, 0),
(1762, 'Sun-Motor Chain 120L', '', NULL, '258.00', '228.00', 1, '2.00', 115, 2, 4, 0),
(1763, 'EK Brake Shoe', '', NULL, '130.00', '100.00', 1, '2.00', 115, 2, 4, 0),
(1764, 'Rain Or Shine-Oh So Red (G)', '', NULL, '525.00', '515.00', 0, '10.00', 76, 6, 34, 0),
(1765, 'Hi-Tech Paint Roller Refill', '', NULL, '35.00', '25.00', 0, '5.00', 46, 12, 10, 0),
(1766, 'Rubber Hook #1', '', NULL, '2.00', '0.25', 0, '5.00', 46, 2, 13, 0),
(1767, 'Glass Cutter', '', NULL, '110.00', '98.00', 0, '5.00', 46, 2, 10, 0),
(1768, 'Coco 3x3x8', '', NULL, '75.00', '57.00', 0, '10.00', 128, 2, 5, 0),
(1769, 'Hippo-Paint Roller Foam 4\\"', '', NULL, '48.00', '35.00', 0, '5.00', 46, 2, 9, 0),
(1770, 'Common Nails #1', '(per box)', NULL, '1270.00', '1070.00', 0, '10.00', 108, 18, 7, 1),
(1771, 'Concrete Nails #3', '(per box)', NULL, '1900.00', '1700.00', 0, '10.00', 108, 18, 7, 0),
(1772, 'Rain Or Shine-Cool Mint(G)', '', NULL, '530.00', '479.75', 0, '10.00', 76, 6, 34, 0),
(1773, 'Rain Or Shine-My Way(G)', '', NULL, '540.00', '489.25', 0, '10.00', 76, 6, 34, 0),
(1774, 'Rain Or Shine-Blue Ocean(G)', '', NULL, '530.00', '479.75', 0, '10.00', 76, 6, 34, 0),
(1775, 'Rain Or Shine-Bright Green(G)', '', NULL, '781.00', '731.50', 0, '10.00', 76, 6, 34, 0),
(1776, 'Nylon#60', '', NULL, '25.00', '18.00', 0, '2.00', 46, 17, 10, 0),
(1777, 'Door Handle-Stainless', '', NULL, '35.00', '25.00', 0, '2.00', 46, 2, 10, 0),
(1778, '2x4x6 gemilina', '', NULL, '92.00', '78.00', 0, '2.00', 128, 2, 5, 0),
(1779, 'coco 2x5x12', '', NULL, '125.00', '95.00', 0, '5.00', 128, 12, 5, 0),
(1780, '2x3x6 gemilina', '', NULL, '66.00', '57.00', 0, '5.00', 128, 2, 5, 0),
(1781, '2x3x4 gemilina', '', NULL, '44.00', '38.00', 0, '5.00', 128, 2, 5, 0),
(1782, '2x2x6 gemilina', '', NULL, '44.00', '38.00', 0, '5.00', 128, 2, 5, 0),
(1783, 'Tissue Holder', '', NULL, '150.00', '142.50', 0, '2.00', 46, 2, 10, 0),
(1784, 'Soap Holder', '', NULL, '150.00', '142.50', 0, '5.00', 46, 2, 10, 0),
(1785, 'Hippo-Paint Brush 2\\"', '', NULL, '32.00', '28.80', 0, '2.00', 46, 2, 9, 0),
(1786, 'Blind Rivets 3/16x1/2', '', NULL, '0.75', '0.30', 0, '2.00', 46, 2, 10, 0),
(1787, 'Bulldog Superglue', '', NULL, '55.00', '48.00', 0, '2.00', 46, 2, 50, 0),
(1788, 'Washer 1/2 mm', '', NULL, '9.00', '2.00', 0, '2.00', 46, 2, 9, 0),
(1789, 'Straw', '', NULL, '6.00', '3.00', 0, '2.00', 46, 2, 5, 0),
(1790, 'Triton QDE-Black 1/4L', '', NULL, '65.00', '55.00', 0, '2.00', 60, 11, 10, 0),
(1791, 'Sparko-Black Silicone', '', NULL, '48.00', '25.00', 0, '2.00', 46, 2, 12, 0),
(1792, 'Pioneer-Mighty Bond Instant Glue(3g)', '', NULL, '48.00', '38.00', 0, '2.00', 46, 2, 11, 0),
(1793, 'Pioneer-Mighty Bond Instant Glue(1g)', 'sakto', NULL, '43.00', '15.00', 0, '2.00', 46, 2, 11, 0),
(1794, 'Pioneer-Clear Epoxy(6g)', '', NULL, '40.00', '15.00', 0, '2.00', 46, 2, 11, 0),
(1795, 'Sher-Black Tire', '', NULL, '23.00', '15.00', 0, '2.00', 46, 14, 10, 0),
(1796, 'Tile Trim 6mm (yellow)', '', NULL, '38.00', '23.75', 0, '5.00', 46, 9, 24, 0),
(1797, 'Gutter', '', NULL, '280.00', '250.00', 0, '2.00', 129, 2, 41, 0),
(1798, 'Post Block', 'concrete', NULL, '18.00', '14.00', 0, '50.00', 50, 2, 5, 0),
(1799, 'CHB 4 special', '', NULL, '20.00', '15.00', 0, '100.00', 50, 2, 5, 0),
(1800, 'Decorative', '', NULL, '14.00', '10.00', 0, '100.00', 50, 2, 5, 0),
(1801, 'CHB #6 special', 'concrete', NULL, '28.00', '20.00', 0, '100.00', 50, 2, 5, 0),
(1802, 'Washer 10mm', '', NULL, '2.00', '0.25', 0, '2.00', 46, 2, 9, 0),
(1803, 'Solane 6kgs.w/o tank', '', NULL, '575.00', '548.00', 0, '5.00', 221, 1, 25, 0),
(1804, 'Potash 0-0-60', '', NULL, '29.00', '21.00', 1, '5.00', 93, 1, 44, 0),
(1805, 'Motor Gum', '', NULL, '240.00', '200.00', 1, '1.00', 115, 17, 4, 0),
(1806, 'Focus 15W 12v DC', '', NULL, '190.00', '175.00', 1, '2.00', 127, 2, 3, 0),
(1807, 'Standard Flat & Star Screw', '', NULL, '42.00', '20.00', 1, '4.00', 129, 2, 6, 0),
(1808, 'Firefly 5W CFL', '', NULL, '90.00', '67.50', 1, '5.00', 127, 2, 14, 0),
(1809, 'LEAO 5.60/6.00-12', '', NULL, '210.00', '180.00', 1, '1.00', 115, 2, 41, 0),
(1810, 'Common Wire Nails #4', 'per box', NULL, '1000.00', '800.00', 0, '5.00', 108, 18, 7, 0),
(1811, 'Muriatic Acid', '500ml', NULL, '42.00', '35.00', 1, '1.00', 123, 5, 3, 0),
(1812, 'HRC-Doorkob Heavy Duty Cylindrical', '', NULL, '284.50', '213.75', 0, '2.00', 46, 2, 9, 0),
(1813, 'Mascot-Pin Tumbler Cylinder', '', NULL, '250.00', '187.50', 0, '2.00', 46, 2, 10, 0),
(1814, 'America-Panel Box 3x3 plug-in', '', NULL, '575.00', '530.00', 0, '2.00', 117, 2, 3, 0),
(1815, 'Triton QDE-Ivory(14/L)', '', NULL, '65.00', '45.00', 0, '2.00', 60, 11, 10, 0),
(1816, 'Triton QDE-Cream(1/4L)', '', NULL, '65.00', '55.00', 0, '2.00', 60, 11, 10, 0),
(1817, 'Triton QDE-Orange(1/4L)', '', NULL, '65.00', '45.00', 0, '2.00', 60, 11, 10, 0),
(1818, 'GE Econo Plus 11W', 'T3 DL', NULL, '94.00', '71.85', 0, '2.00', 127, 2, 71, 0),
(1819, 'GE Econo Plus 14W', 'T4 DL', NULL, '123.00', '94.02', 0, '2.00', 127, 2, 71, 0),
(1820, 'GE Econo Plus 20W', 'T4 DL', NULL, '152.00', '116.20', 0, '2.00', 127, 2, 71, 0),
(1821, 'GE Econo Plus 23W', 'T4 DL', NULL, '165.00', '126.12', 0, '2.00', 127, 2, 71, 0),
(1822, 'GE Econo Plus 5W', 'T3 DL', NULL, '94.00', '71.85', 0, '2.00', 127, 2, 71, 0),
(1823, 'GE Econo Plus 8W', 'T3 DL', NULL, '94.00', '71.85', 0, '2.00', 127, 2, 71, 0),
(1824, 'GE Spiral Eco Plus 20W', 'T3 DL', NULL, '199.00', '152.11', 0, '2.00', 127, 2, 71, 0),
(1825, 'GE Spiral Eco Plus 15W', 'T3 DL', NULL, '170.00', '129.95', 0, '2.00', 127, 2, 71, 0),
(1826, 'GE Spiral Eco Plus 9W', 'T3 DL', NULL, '145.00', '110.83', 0, '2.00', 127, 2, 71, 0),
(1827, 'GE Spiral Eco Plus 23W', 'T3 DL', NULL, '208.00', '158.99', 0, '2.00', 127, 2, 71, 0),
(1828, 'Nylon #45', '', NULL, '15.00', '9.75', 0, '2.00', 46, 17, 10, 0),
(1829, 'Irwin-Diamond Cutter Dry 4\\"', 'Segmented', NULL, '325.00', '250.00', 0, '2.00', 46, 2, 9, 0),
(1830, 'Rubber Gloves-Crocodile', '', NULL, '38.00', '25.00', 0, '2.00', 129, 15, 9, 0),
(1831, 'Yale Brass Padlock 25mm', 'box type', NULL, '52.00', '40.00', 0, '2.00', 46, 18, 9, 0),
(1832, 'Yale Brass Padlock 30mm', 'box type', NULL, '55.00', '42.00', 0, '2.00', 46, 18, 9, 0),
(1833, 'Kajima Loose Pin Hinges 3x3', '', NULL, '100.00', '70.00', 0, '2.00', 46, 15, 9, 0),
(1834, 'Kajima Loose Pin Hinges 3.5x3.5', '', NULL, '110.00', '80.00', 0, '2.00', 46, 15, 9, 0),
(1835, 'Kajima Loose Pin Hinges 4x4', '', NULL, '120.00', '90.00', 0, '2.00', 46, 15, 9, 0),
(1836, 'Bahco Chainsaw File 3/16', '', NULL, '58.00', '39.00', 0, '2.00', 129, 2, 9, 0),
(1837, 'Puree- Paint Thinner', '', NULL, '37.00', '2.00', 0, '2.00', 46, 5, 9, 0),
(1838, 'Puree-Lacquer Thinner', '', NULL, '35.00', '27.00', 0, '2.00', 129, 5, 9, 0),
(1839, 'Nicholson Slim File 4\\"', '', NULL, '175.00', '140.00', 0, '2.00', 46, 2, 9, 0),
(1840, 'Fuji Welding Rod 6011x1/8', '', NULL, '135.00', '121.00', 1, '2.00', 132, 1, 10, 0),
(1841, 'Moulding - Coldoroy #4', '', NULL, '120.00', '105.00', 1, '5.00', 128, 2, 55, 0),
(1842, 'Tombo - Shovel Round Point', '', NULL, '195.00', '162.00', 1, '3.00', 129, 2, 10, 0),
(1843, 'Paint Tray', '', NULL, '50.00', '29.00', 1, '2.00', 201, 2, 10, 0),
(1844, 'Key Holder w/o lock', '', NULL, '26.00', '15.00', 1, '5.00', 115, 2, 11, 0),
(1845, 'Ever-Water Meter', 'Plastic', NULL, '950.00', '875.00', 0, '2.00', 87, 2, 10, 0),
(1846, 'Amakan-Decorative', '', NULL, '200.00', '170.00', 0, '5.00', 129, 2, 5, 0),
(1847, 'Ninjazinc 26x10', '', NULL, '199.00', '185.00', 0, '50.00', 56, 2, 18, 0),
(1848, 'Ninjazinc 26x12', '', NULL, '236.00', '222.00', 0, '50.00', 96, 2, 18, 0),
(1849, 'Key Chain w/ Lock', '', NULL, '60.00', '48.00', 0, '2.00', 115, 2, 11, 0),
(1850, 'Ninjazinc 26x8', 'corr', NULL, '162.00', '148.00', 0, '50.00', 56, 2, 18, 0),
(1851, 'PVC #3 - Wye 3x2', '', NULL, '35.00', '29.00', 1, '5.00', 92, 2, 9, 0),
(1852, 'PVC Elbow Threaded 3/4 (blue)', '', NULL, '20.00', '12.00', 1, '2.00', 87, 2, 11, 0),
(1853, 'PVC Union 1/2', '', NULL, '24.00', '15.00', 1, '2.00', 87, 2, 11, 0),
(1854, 'Bostik Fix All Concentrate', '300g', NULL, '85.00', '70.00', 1, '2.00', 165, 12, 10, 0),
(1855, 'Bostik Tile Grout - Black', '', NULL, '88.00', '70.00', 1, '2.00', 164, 12, 10, 0),
(1856, 'Lotus Copper', '', NULL, '18.00', '8.00', 1, '5.00', 72, 10, 10, 0),
(1857, 'Pull Box 4\\"x6\\"x6\\" (Arco)', 'gauge 18', NULL, '326.00', '285.00', 1, '2.00', 117, 2, 3, 0),
(1858, 'Pull Box 4\\"x6\\"x6\\" (America)', '', NULL, '230.00', '180.00', 1, '2.00', 117, 2, 3, 0),
(1859, 'Pull Box 4\\"x8\\"x8\\" (America)', '', NULL, '332.00', '280.00', 1, '2.00', 117, 2, 3, 0),
(1860, 'SP - Safety Switch 2 Poles', '', NULL, '235.00', '200.00', 1, '2.00', 117, 2, 3, 0),
(1861, 'Bianco - Concealed Hinges C3', '', NULL, '45.00', '30.00', 1, '2.00', 46, 2, 10, 0),
(1862, 'Bolts 3/8 x1', '', NULL, '8.00', '3.00', 0, '2.00', 46, 2, 9, 0),
(1863, 'Moulding-Crown 1x8 ft.', '', NULL, '38.00', '20.00', 0, '2.00', 46, 2, 5, 0),
(1864, 'Moulding-Turtle 1x8 ft.', '', NULL, '38.00', '20.00', 0, '2.00', 46, 2, 5, 0),
(1865, 'NSK Bearing- 6202 ZZ CM', '', NULL, '88.00', '74.80', 0, '2.00', 115, 2, 4, 0),
(1866, 'Galvanized G.I Sheet 1.3 mm', '', NULL, '1250.00', '1050.00', 0, '5.00', 56, 2, 1, 0),
(1867, 'Philips 40W Fluorescent', '', NULL, '350.00', '262.50', 0, '2.00', 127, 16, 25, 0);

-- --------------------------------------------------------

--
-- Table structure for table `module_access_rights`
--

CREATE TABLE IF NOT EXISTS `module_access_rights` (
  `mar_id` int(11) NOT NULL AUTO_INCREMENT,
  `mmi_id` int(11) DEFAULT NULL,
  `mug_id` int(11) DEFAULT NULL,
  PRIMARY KEY (`mar_id`)
) ENGINE=InnoDB  DEFAULT CHARSET=latin1 AUTO_INCREMENT=224 ;

--
-- Dumping data for table `module_access_rights`
--

INSERT INTO `module_access_rights` (`mar_id`, `mmi_id`, `mug_id`) VALUES
(176, 1, 1),
(177, 3, 1),
(178, 4, 1),
(179, 5, 1),
(180, 6, 1),
(181, 7, 1),
(182, 8, 1),
(183, 9, 1),
(184, 10, 1),
(185, 11, 1),
(186, 12, 1),
(187, 13, 1),
(188, 14, 1),
(189, 15, 1),
(190, 17, 1),
(191, 18, 1),
(192, 19, 1),
(193, 20, 1),
(194, 21, 1),
(195, 22, 1),
(196, 23, 1),
(197, 24, 1),
(198, 25, 1),
(199, 1, 2),
(200, 3, 2),
(201, 4, 2),
(202, 24, 2),
(203, 5, 2),
(204, 6, 2),
(205, 7, 2),
(206, 8, 2),
(207, 9, 2),
(208, 10, 2),
(209, 11, 2),
(210, 12, 2),
(211, 13, 2),
(212, 14, 2),
(213, 15, 2),
(214, 17, 2),
(215, 20, 2),
(216, 21, 2),
(217, 22, 2),
(218, 23, 2),
(219, 25, 2),
(220, 1, 4),
(221, 3, 4),
(222, 4, 4),
(223, 13, 4);

-- --------------------------------------------------------

--
-- Table structure for table `module_menu_groups`
--

CREATE TABLE IF NOT EXISTS `module_menu_groups` (
  `mmg_id` int(11) NOT NULL AUTO_INCREMENT,
  `mmg_name` varchar(50) DEFAULT NULL,
  `mmg_link` varchar(20) DEFAULT NULL,
  `mmg_order` int(11) DEFAULT NULL,
  `is_deleted` tinyint(1) DEFAULT '0',
  PRIMARY KEY (`mmg_id`)
) ENGINE=InnoDB  DEFAULT CHARSET=latin1 AUTO_INCREMENT=8 ;

--
-- Dumping data for table `module_menu_groups`
--

INSERT INTO `module_menu_groups` (`mmg_id`, `mmg_name`, `mmg_link`, `mmg_order`, `is_deleted`) VALUES
(1, 'Point of Sale', 'pos', 1, 0),
(2, 'Manage', 'manage', 2, 0),
(3, 'Inventory', 'inventory', 3, 0),
(4, 'Purchasing', 'purchasing', 4, 0),
(5, 'Settings', 'settings', 5, 0),
(6, 'Super Admin', 'super', 7, 0),
(7, 'Reports', 'reports', 6, 0);

-- --------------------------------------------------------

--
-- Table structure for table `module_menu_items`
--

CREATE TABLE IF NOT EXISTS `module_menu_items` (
  `mmi_id` int(11) NOT NULL AUTO_INCREMENT,
  `mmi_name` varchar(50) DEFAULT NULL,
  `mmi_link` varchar(50) DEFAULT NULL,
  `mmi_order` int(11) DEFAULT NULL,
  `mmi_description` text NOT NULL,
  `mmg_id` int(11) DEFAULT NULL,
  `is_deleted` tinyint(1) DEFAULT '0',
  PRIMARY KEY (`mmi_id`)
) ENGINE=InnoDB  DEFAULT CHARSET=latin1 AUTO_INCREMENT=26 ;

--
-- Dumping data for table `module_menu_items`
--

INSERT INTO `module_menu_items` (`mmi_id`, `mmi_name`, `mmi_link`, `mmi_order`, `mmi_description`, `mmg_id`, `is_deleted`) VALUES
(1, 'Order Taking', 'order-taking', 1, 'Take Orders from this module whether by Category and Item or by Item Search.', 1, 0),
(3, 'Change Order', 'change-order', 2, 'Change the Ordered Items from an Order(except for Orders with Credit).', 1, 0),
(4, 'Order History', 'order-history', 3, 'Displays and Views Orders', 1, 0),
(5, 'Employees', 'employees', 2, 'Manage Employee Information.', 2, 0),
(6, 'Suppliers', 'suppliers', 3, 'Manage Supplier Information.', 2, 0),
(7, 'Categories', 'categories', 4, 'Manage Item Category Information.', 2, 0),
(8, 'Items', 'items', 6, 'Manage Item Information.', 2, 0),
(9, 'Units', 'units', 5, 'Manage Item Unit Information.', 2, 0),
(10, 'User Groups & Permissions', 'permissions', 1, 'Manage User Groups and their assigned modules to access.', 2, 0),
(11, 'Inventory Monitor', 'monitor', 1, 'Monitor Item\\''s current Inventory Information.', 3, 0),
(12, 'Adjustments', 'adjustments', 2, 'Adjust Item quantity.', 3, 0),
(13, 'Receive Items', 'receive-items', 1, 'Receive Items manually or by Purchase Order. Item\\''s Category and Supplier will also be updated.', 4, 0),
(14, 'Return Items', 'return-items', 2, 'Return Items from a specific Supplier.', 4, 0),
(15, 'Purchase Order', 'purchase-order', 3, 'Generates Purchase Order and can be used as a reference for Receiving Items.', 4, 0),
(17, 'Store Information', 'store-information', 1, 'Updates Store Information.', 5, 0),
(18, 'Module Menu Groups', 'module-menu-groups', 1, 'Lorem ipsum dolor sit amet, consectetur adipiscing elit. Nullam convallis purus a lacus ultrices ornare. Mauris augue tortor, tincidunt eu pretium vitae, porttitor ac dui. Donec rutrum turpis non libero mattis tempus. Nullam at consequat ligula. Aenean ut est tempus odio scelerisque lobortis. Donec id lacus et tellus mattis consectetur. Proin a mi iaculis, facilisis nisl ut, consequat massa. Fusce fringilla porta arcu, eget euismod libero bibendum non. Praesent vestibulum orci eget egestas viverra. Nam mollis tempor placerat.', 6, 0),
(19, 'Module Menu Items', 'module-menu-items', 2, 'Lorem ipsum dolor sit amet, consectetur adipiscing elit. Nullam convallis purus a lacus ultrices ornare. Mauris augue tortor, tincidunt eu pretium vitae, porttitor ac dui. Donec rutrum turpis non libero mattis tempus. Nullam at consequat ligula. Aenean ut est tempus odio scelerisque lobortis. Donec id lacus et tellus mattis consectetur. Proin a mi iaculis, facilisis nisl ut, consequat massa. Fusce fringilla porta arcu, eget euismod libero bibendum non. Praesent vestibulum orci eget egestas viverra. Nam mollis tempor placerat.', 6, 0),
(20, 'Dashboard', 'dashboard', 1, 'Displays Sales and Items for Reordering.', 7, 0),
(21, 'Items for Reordering', 'items-reordering', 2, 'Displays Items for Reordering and can also be exported as an Excel file.', 7, 0),
(22, 'Sales Demographic', 'sales-demographic', 4, 'Displays Graphical Information of Sales based on Date Information.', 7, 0),
(23, 'Items Movement', 'items-movement', 3, 'Displays Movement of Items, either it\\''s Non-moving, Slow-moving or Fast-moving.', 7, 0),
(24, 'Credit History', 'credit-history', 4, 'Displays Orders with Credit.', 1, 0),
(25, 'Sales By Date', 'sales-by-date', 5, 'Displays Sales by Date.', 7, 0);

-- --------------------------------------------------------

--
-- Table structure for table `module_user_groups`
--

CREATE TABLE IF NOT EXISTS `module_user_groups` (
  `mug_id` int(11) NOT NULL AUTO_INCREMENT,
  `mug_name` varchar(50) DEFAULT NULL,
  `is_deleted` tinyint(1) DEFAULT '0',
  PRIMARY KEY (`mug_id`)
) ENGINE=InnoDB  DEFAULT CHARSET=latin1 AUTO_INCREMENT=5 ;

--
-- Dumping data for table `module_user_groups`
--

INSERT INTO `module_user_groups` (`mug_id`, `mug_name`, `is_deleted`) VALUES
(1, 'Super Administrator', 0),
(2, 'Administrator', 0),
(4, 'Order Taker', 0);

-- --------------------------------------------------------

--
-- Table structure for table `orders`
--

CREATE TABLE IF NOT EXISTS `orders` (
  `o_id` int(11) NOT NULL AUTO_INCREMENT,
  `o_order_number` int(11) DEFAULT NULL,
  `o_amount_tendered` decimal(15,2) DEFAULT NULL,
  `o_date` datetime DEFAULT NULL,
  `o_status` varchar(1) DEFAULT NULL,
  `o_attended_by` int(11) DEFAULT NULL,
  `o_delivered_to` varchar(100) DEFAULT NULL,
  PRIMARY KEY (`o_id`)
) ENGINE=InnoDB  DEFAULT CHARSET=latin1 AUTO_INCREMENT=1031 ;

--
-- Dumping data for table `orders`
--

INSERT INTO `orders` (`o_id`, `o_order_number`, `o_amount_tendered`, `o_date`, `o_status`, `o_attended_by`, `o_delivered_to`) VALUES
(10, 1, '150.00', '2013-11-12 19:15:34', 'V', 2, NULL),
(11, 2, '150.00', '2013-11-12 19:37:51', 'V', 2, NULL),
(12, 3, '2000.00', '2013-11-13 07:39:46', 'P', 2, NULL),
(13, 4, '220.00', '2013-11-13 07:46:16', 'P', 3, NULL),
(14, 5, '220.00', '2013-11-13 07:47:20', 'P', 2, NULL),
(15, 6, '30.00', '2013-11-13 07:49:38', 'P', 2, NULL),
(16, 7, '200.00', '2013-11-13 08:06:47', 'P', 3, NULL),
(17, 8, '500.00', '2013-11-13 08:09:40', 'P', 2, NULL),
(18, 9, '126.00', '2013-11-13 08:32:38', 'P', 2, NULL),
(19, 10, '4000.00', '2013-11-13 08:50:12', 'P', 2, NULL),
(20, 11, '500.00', '2013-11-13 09:04:09', 'P', 2, NULL),
(21, 12, '1100.00', '2013-11-13 09:24:46', 'P', 2, NULL),
(22, 13, '500.00', '2013-11-13 09:29:42', 'P', 2, NULL),
(23, 14, '7572.00', '2013-11-13 09:29:44', 'P', 3, NULL),
(24, 15, '4000.00', '2013-11-13 09:41:32', 'P', 2, NULL),
(25, 16, '150.00', '2013-11-13 09:48:22', 'P', 3, NULL),
(26, 17, '1000.00', '2013-11-13 09:55:42', 'P', 3, NULL),
(27, 18, '3100.00', '2013-11-13 10:15:40', 'P', 3, NULL),
(28, 19, '670.00', '2013-11-13 10:50:12', 'P', 2, NULL),
(29, 20, '135.00', '2013-11-13 10:56:16', 'P', 3, NULL),
(30, 21, '2500.00', '2013-11-13 10:58:40', 'P', 2, NULL),
(31, 22, '200.00', '2013-11-13 11:15:45', 'P', 3, NULL),
(32, 23, '1003.00', '2013-11-13 11:18:23', 'P', 2, NULL),
(33, 24, '1507.00', '2013-11-13 11:19:47', 'P', 2, NULL),
(34, 25, '4000.00', '2013-11-13 11:58:18', 'P', 3, NULL),
(35, 26, '500.00', '2013-11-13 12:08:29', 'P', 2, NULL),
(36, 27, '72.75', '2013-11-13 12:29:41', 'P', 2, NULL),
(37, 28, '1500.00', '2013-11-13 12:51:57', 'P', 2, NULL),
(38, 29, '3000.00', '2013-11-13 13:18:02', 'P', 2, NULL),
(39, 30, '1000.00', '2013-11-13 13:33:10', 'P', 2, NULL),
(40, 31, '160.00', '2013-11-13 14:02:09', 'P', 4, NULL),
(41, 32, '1000.00', '2013-11-13 14:09:30', 'P', 4, NULL),
(42, 33, '500.00', '2013-11-13 14:12:49', 'P', 4, NULL),
(43, 34, '9000.00', '2013-11-13 14:15:23', 'P', 3, NULL),
(44, 35, '100.00', '2013-11-13 14:22:53', 'P', 4, NULL),
(45, 36, '200.00', '2013-11-13 14:54:10', 'P', 2, NULL),
(46, 37, '20.00', '2013-11-13 14:57:07', 'P', 2, NULL),
(47, 38, '960.00', '2013-11-13 15:54:46', 'P', 4, NULL),
(48, 39, '1000.00', '2013-11-13 16:04:02', 'P', 4, NULL),
(49, 40, '100.00', '2013-11-13 16:49:39', 'P', 3, NULL),
(50, 41, '450.00', '2013-11-13 17:22:35', 'P', 3, NULL),
(51, 42, '100.00', '2013-11-13 17:41:08', 'P', 2, NULL),
(52, 43, '1000.00', '2013-11-14 08:17:34', 'P', 2, NULL),
(53, 44, '2000.00', '2013-11-14 08:52:11', 'P', 4, NULL),
(54, 45, '1000.00', '2013-11-14 09:08:29', 'P', 2, NULL),
(55, 46, '1000.00', '2013-11-14 09:19:39', 'P', 2, NULL),
(56, 47, '1000.00', '2013-11-14 09:52:36', 'V', NULL, NULL),
(57, 48, '400.00', '2013-11-14 09:59:23', 'P', 2, NULL),
(58, 49, '5152.00', '2013-11-14 10:08:19', 'P', 2, NULL),
(59, 50, '120.00', '2013-11-14 10:09:57', 'P', 2, NULL),
(60, 51, '1065.00', '2013-11-14 10:41:27', 'P', 2, NULL),
(61, 52, '1000.00', '2013-11-14 10:49:54', 'P', 2, NULL),
(62, 53, '164.00', '2013-11-14 10:53:06', 'P', 2, NULL),
(63, 54, '1000.00', '2013-11-14 11:51:00', 'P', 2, NULL),
(64, 55, '500.00', '2013-11-14 11:54:13', 'P', 2, NULL),
(65, 56, '4031.00', '2013-11-14 12:24:10', 'P', 2, NULL),
(66, 57, '300.00', '2013-11-14 12:57:09', 'P', 2, NULL),
(67, 58, '2600.00', '2013-11-14 13:39:25', 'P', 2, NULL),
(68, 59, '8500.00', '2013-11-14 14:17:10', 'P', 2, NULL),
(69, 60, '1200.00', '2013-11-14 14:24:29', 'P', 2, NULL),
(70, 61, '900.00', '2013-11-14 14:56:51', 'P', 2, NULL),
(71, 62, '1300.00', '2013-11-14 15:28:12', 'P', 2, NULL),
(72, 63, '287.50', '2013-11-14 16:39:51', 'P', 2, NULL),
(73, 64, '140.00', '2013-11-14 17:23:27', 'P', 2, NULL),
(74, 65, '2000.00', '2013-11-15 07:57:57', 'P', 3, NULL),
(75, 66, '500.00', '2013-11-15 08:13:09', 'P', 3, NULL),
(76, 67, '1020.00', '2013-11-15 08:19:56', 'P', 3, NULL),
(77, 68, '2000.00', '2013-11-15 09:10:23', 'P', 3, NULL),
(78, 69, '7000.00', '2013-11-15 09:55:24', 'P', 3, NULL),
(79, 70, '1929.00', '2013-11-15 10:28:48', 'P', 3, NULL),
(80, 71, '500.00', '2013-11-15 13:09:19', 'P', 3, NULL),
(81, 72, '500.00', '2013-11-15 13:09:54', 'P', 3, NULL),
(82, 73, '3301.00', '2013-11-15 14:24:30', 'P', 3, NULL),
(83, 74, '500.00', '2013-11-15 14:28:27', 'P', 3, NULL),
(84, 75, '2000.00', '2013-11-15 14:33:29', 'P', 3, NULL),
(85, 76, '1973.00', '2013-11-15 15:33:14', 'P', 3, NULL),
(86, 77, '1341.00', '2013-11-15 15:57:44', 'P', 3, NULL),
(87, 78, '2000.00', '2013-11-15 16:12:05', 'P', 2, NULL),
(88, 79, '3000.00', '2013-11-15 16:23:25', 'P', 3, NULL),
(89, 80, '2000.00', '2013-11-15 16:37:15', 'P', 3, NULL),
(90, 81, '500.00', '2013-11-15 16:45:06', 'P', 3, NULL),
(91, 82, '1000.00', '2013-11-15 17:30:00', 'P', 3, NULL),
(92, 83, '396.00', '2013-11-16 07:39:15', 'P', 2, NULL),
(93, 84, '183.00', '2013-11-16 07:40:48', 'P', 2, NULL),
(94, 85, '178.00', '2013-11-16 07:41:05', 'P', 2, NULL),
(95, 86, '1100.00', '2013-11-16 08:05:58', 'P', 2, NULL),
(96, 87, '470.00', '2013-11-16 08:16:10', 'P', 2, NULL),
(97, 88, '2087.00', '2013-11-16 08:33:33', 'P', 2, NULL),
(98, 89, '1500.00', '2013-11-16 09:02:13', 'P', 2, NULL),
(99, 90, '3500.00', '2013-11-16 09:41:21', 'P', 2, NULL),
(100, 91, '257.00', '2013-11-16 09:55:14', 'P', 2, NULL),
(101, 92, '1832.00', '2013-11-16 10:00:23', 'P', 2, NULL),
(102, 93, '2500.00', '2013-11-16 10:22:10', 'P', 2, NULL),
(103, 94, '1237.50', '2013-11-16 11:03:20', 'P', 2, NULL),
(104, 95, '1795.00', '2013-11-16 11:30:04', 'P', 2, NULL),
(105, 96, '2000.00', '2013-11-16 11:55:09', 'P', 2, NULL),
(106, 97, '2000.00', '2013-11-16 12:05:59', 'P', 2, NULL),
(107, 98, '297.50', '2013-11-16 13:01:44', 'P', 2, NULL),
(108, 99, '490.50', '2013-11-16 13:09:55', 'P', 2, NULL),
(109, 100, '4011.00', '2013-11-16 14:19:37', 'V', 2, NULL),
(110, 101, '3371.00', '2013-11-16 14:34:23', 'P', 2, NULL),
(111, 102, '2000.00', '2013-11-16 15:12:12', 'P', 2, NULL),
(112, 103, '1600.50', '2013-11-16 16:54:10', 'P', 2, NULL),
(113, 104, '247.00', '2013-11-16 17:04:59', 'P', 2, NULL),
(114, 105, '500.00', '2013-11-16 17:19:34', 'P', 2, NULL),
(115, 106, '931.50', '2013-11-16 17:41:30', 'P', 2, NULL),
(116, 107, '2500.00', '2013-11-16 17:49:12', 'P', 2, NULL),
(117, 108, '7000.00', '2013-11-18 07:40:18', 'V', 2, NULL),
(118, 109, '7000.00', '2013-11-18 08:05:44', 'V', 2, NULL),
(119, 110, '7000.00', '2013-11-18 08:10:14', 'P', 2, NULL),
(120, 111, '1000.00', '2013-11-18 08:24:20', 'P', 2, NULL),
(121, 112, '2123.00', '2013-11-18 08:26:28', 'P', 2, NULL),
(122, 113, '1000.00', '2013-11-18 08:33:54', 'P', 2, NULL),
(123, 114, '341.00', '2013-11-18 08:45:21', 'P', 2, NULL),
(124, 115, '2000.00', '2013-11-18 09:01:20', 'P', 2, NULL),
(125, 116, '2000.00', '2013-11-18 09:02:52', 'P', 2, NULL),
(126, 117, '2250.00', '2013-11-18 10:01:34', 'P', 2, NULL),
(127, 118, '4265.00', '2013-11-18 10:17:02', 'P', 2, NULL),
(128, 119, '888.00', '2013-11-18 10:18:43', 'P', 2, NULL),
(129, 120, '1614.50', '2013-11-18 10:39:34', 'P', 2, NULL),
(130, 121, '400.00', '2013-11-18 10:56:26', 'P', 2, NULL),
(131, 122, '3890.00', '2013-11-18 11:06:44', 'P', 2, NULL),
(132, 123, '1331.00', '2013-11-18 11:11:05', 'P', 2, NULL),
(133, 124, '1068.25', '2013-11-18 12:28:06', 'P', 2, NULL),
(134, 125, '66.75', '2013-11-18 12:29:42', 'P', 2, NULL),
(135, 126, '4000.00', '2013-11-18 13:27:32', 'P', 2, NULL),
(136, 127, '270.00', '2013-11-18 13:56:20', 'P', 2, NULL),
(137, 128, '3112.00', '2013-11-18 14:02:39', 'P', 2, NULL),
(138, 129, '500.00', '2013-11-18 14:29:18', 'P', 2, NULL),
(139, 130, '560.00', '2013-11-18 14:32:48', 'P', 2, NULL),
(140, 131, '2000.00', '2013-11-18 15:27:35', 'P', 2, NULL),
(141, 132, '2230.00', '2013-11-18 15:30:24', 'P', 2, NULL),
(142, 133, '689.50', '2013-11-18 15:57:50', 'P', 2, NULL),
(143, 134, '5000.00', '2013-11-18 16:30:52', 'P', 2, NULL),
(144, 135, '4320.00', '2013-11-18 16:33:34', 'P', 2, NULL),
(145, 136, '2000.00', '2013-11-18 16:52:47', 'P', 2, NULL),
(146, 137, '182.50', '2013-11-19 08:00:17', 'P', 3, NULL),
(147, 138, '1100.75', '2013-11-19 08:14:19', 'P', 3, NULL),
(148, 139, '5000.00', '2013-11-19 08:19:59', 'P', 3, NULL),
(149, 140, '200.00', '2013-11-19 08:21:35', 'P', 3, NULL),
(150, 141, '200.00', '2013-11-19 08:23:44', 'P', 3, NULL),
(151, 142, '360.00', '2013-11-19 08:24:22', 'P', 3, NULL),
(152, 143, '540.00', '2013-11-19 08:27:12', 'P', 3, NULL),
(153, 144, '4900.00', '2013-11-19 08:31:26', 'V', 3, NULL),
(154, 145, '1893.50', '2013-11-19 09:19:15', 'P', 3, NULL),
(155, 146, '1000.00', '2013-11-19 09:30:15', 'P', 3, NULL),
(156, 147, '1500.00', '2013-11-19 09:34:52', 'P', 3, NULL),
(157, 148, '2500.00', '2013-11-19 09:41:41', 'P', 3, NULL),
(158, 149, '2000.00', '2013-11-19 09:59:32', 'P', 3, NULL),
(159, 150, '1117.00', '2013-11-19 10:33:44', 'P', 3, NULL),
(160, 151, '18817.00', '2013-11-19 10:38:57', 'V', 3, NULL),
(161, 152, '5211.50', '2013-11-19 10:39:17', 'P', 3, NULL),
(162, 153, '5500.00', '2013-11-19 10:56:34', 'P', 3, NULL),
(163, 154, '2991.00', '2013-11-19 11:15:16', 'P', 3, NULL),
(164, 155, '314.00', '2013-11-19 11:18:11', 'P', 3, NULL),
(165, 156, '2097.00', '2013-11-19 12:37:29', 'P', 3, NULL),
(166, 157, '3000.00', '2013-11-19 12:39:21', 'P', 3, NULL),
(167, 158, '0.00', '2013-11-19 14:20:26', 'V', 1, 'Customer'),
(168, 159, '1000.00', '2013-11-19 15:31:14', 'P', 3, 'Cash'),
(169, 160, '4419.00', '2013-11-19 15:40:24', 'P', 3, 'cash'),
(170, 161, '0.00', '2013-11-19 18:12:50', 'V', 2, 'Customer'),
(171, 162, '20.00', '2013-11-19 18:15:24', 'P', 2, 'Customer'),
(172, 163, '1280.50', '2013-11-19 18:18:13', 'P', 3, 'Cash'),
(173, 164, '155.00', '2013-11-19 18:22:51', 'P', 3, 'Cash'),
(174, 165, '4000.00', '2013-11-20 07:42:32', 'P', 3, 'Cash'),
(175, 166, '215.75', '2013-11-20 07:56:35', 'P', 3, 'cash'),
(176, 167, '1000.00', '2013-11-20 07:58:15', 'P', 3, 'cash'),
(177, 168, '595.00', '2013-11-20 08:00:03', 'P', 3, 'cash'),
(178, 169, '1000.00', '2013-11-20 08:24:42', 'P', 3, 'Zarate'),
(179, 170, '1150.00', '2013-11-20 08:32:56', 'P', 3, 'Zarate'),
(180, 171, '0.00', '2013-11-20 08:37:05', 'P', 3, 'Maglente'),
(181, 172, '4320.00', '2013-11-20 08:39:59', 'P', 3, 'Timbang'),
(182, 173, '1000.00', '2013-11-20 08:45:12', 'P', 3, 'Cash'),
(183, 174, '47.00', '2013-11-20 08:49:14', 'P', 3, 'Cash'),
(184, 175, '140.00', '2013-11-20 08:51:02', 'P', 3, 'cash'),
(185, 176, '150.00', '2013-11-20 08:57:23', 'P', 3, 'cash'),
(186, 177, '0.00', '2013-11-20 09:03:15', 'P', 3, 'Tri-Ohms'),
(187, 178, '20.00', '2013-11-20 10:22:21', 'P', 3, 'cash'),
(188, 179, '500.00', '2013-11-20 10:26:07', 'P', 3, 'cash'),
(189, 180, '1000.00', '2013-11-20 11:48:19', 'P', 3, 'cash'),
(190, 181, '7160.25', '2013-11-20 13:48:16', 'P', 3, 'Mabao'),
(191, 182, '218.00', '2013-11-20 13:51:13', 'P', 3, 'cash'),
(192, 183, '898.00', '2013-11-20 13:54:42', 'P', 3, 'cash'),
(193, 184, '297.75', '2013-11-20 13:56:17', 'P', 3, 'cash'),
(194, 185, '1369.00', '2013-11-20 13:58:02', 'P', 3, 'cash'),
(195, 186, '237.25', '2013-11-20 13:59:58', 'P', 3, 'cash'),
(196, 187, '1940.00', '2013-11-20 14:01:20', 'P', 3, 'cash'),
(197, 188, '285.00', '2013-11-20 14:02:29', 'P', 3, 'cash'),
(198, 189, '1741.50', '2013-11-20 14:05:30', 'P', 3, 'cash'),
(199, 190, '745.00', '2013-11-20 14:11:33', 'P', 3, 'dodong'),
(200, 191, '500.00', '2013-11-20 14:21:38', 'P', 3, 'DPWH'),
(201, 192, '3000.00', '2013-11-20 14:33:00', 'P', 3, 'Elizabeth Basibasi'),
(202, 193, '1100.00', '2013-11-20 15:28:58', 'P', 2, 'Helen'),
(203, 194, '1753.00', '2013-11-20 15:47:02', 'P', 3, 'Mainit'),
(204, 195, '1525.00', '2013-11-20 17:25:08', 'P', 3, 'obapo'),
(205, 196, '1000.00', '2013-11-20 17:28:24', 'P', 2, 'Khu'),
(206, 197, '100.00', '2013-11-20 17:35:01', 'P', 3, 'Oberes'),
(207, 198, '189.00', '2013-11-20 17:41:06', 'P', 3, 'Oberes'),
(208, 199, '2940.00', '2013-11-21 09:10:11', 'P', 2, 'velarde'),
(209, 200, '70.00', '2013-11-21 09:15:13', 'P', 2, 'Joel'),
(210, 201, '1500.00', '2013-11-21 09:16:23', 'P', 2, 'Salamanca,Julies/Purina'),
(211, 202, '1000.00', '2013-11-21 09:44:44', 'P', 3, 'cash'),
(212, 203, '200.00', '2013-11-21 10:05:35', 'P', 3, 'cash'),
(213, 204, '100.00', '2013-11-21 10:07:15', 'P', 3, 'jerry'),
(214, 205, '1600.00', '2013-11-21 10:48:16', 'P', 2, 'cash'),
(215, 206, '90.00', '2013-11-21 10:48:52', 'P', 3, 'cash'),
(216, 207, '3500.00', '2013-11-21 11:08:08', 'P', 2, 'Flores,Totong'),
(217, 208, '2338.00', '2013-11-21 11:16:42', 'P', 2, 'cash'),
(218, 209, '17308.00', '2013-11-21 14:28:15', 'P', 3, 'cash'),
(219, 210, '6118.50', '2013-11-21 15:01:57', 'P', 3, 'cash'),
(220, 211, '4823.00', '2013-11-21 17:12:16', 'P', 3, 'cash'),
(221, 212, '1260.00', '2013-11-22 07:48:24', 'P', 2, 'Hernan'),
(222, 213, '2313.00', '2013-11-22 08:14:47', 'P', 2, 'cash'),
(223, 214, '0.00', '2013-11-22 08:36:05', 'P', 2, 'RLL Enterprises'),
(224, 215, '1000.00', '2013-11-22 09:48:38', 'P', 2, 'Nilo'),
(225, 216, '1621.00', '2013-11-22 10:06:53', 'P', 2, 'cash'),
(226, 217, '500.00', '2013-11-22 10:07:43', 'P', 2, 'cash'),
(227, 218, '2000.00', '2013-11-22 10:08:54', 'P', 2, 'enerio'),
(228, 219, '1000.00', '2013-11-22 10:10:42', 'P', 2, 'loytags'),
(229, 220, '2000.00', '2013-11-22 10:12:47', 'P', 2, 'roxanne'),
(230, 221, '150.00', '2013-11-22 10:14:21', 'P', 2, 'cash'),
(231, 222, '700.00', '2013-11-22 11:09:27', 'P', 2, 'ocot'),
(232, 223, '500.00', '2013-11-22 11:09:59', 'P', 2, 'jabines'),
(233, 224, '0.00', '2013-11-22 11:20:00', 'P', 2, 'Roni Mktg'),
(234, 225, '0.00', '2013-11-22 11:21:57', 'P', 2, 'Roni Mktg'),
(235, 226, '650.00', '2013-11-22 13:14:30', 'P', 2, 'ebonia'),
(236, 227, '500.00', '2013-11-22 13:16:21', 'P', 2, 'loytags'),
(237, 228, '430.00', '2013-11-22 13:22:52', 'P', 2, 'loloy'),
(238, 229, '1000.00', '2013-11-22 13:57:27', 'P', 2, 'cash'),
(239, 230, '6100.00', '2013-11-22 15:13:29', 'P', 2, 'Jhonny'),
(240, 231, '250.00', '2013-11-22 15:13:33', 'P', 2, 'sklbi'),
(241, 232, '0.00', '2013-11-22 15:14:21', 'P', 2, 'SKLBI'),
(242, 233, '0.00', '2013-11-22 15:15:25', 'P', 2, 'SKLBI'),
(243, 234, '630.00', '2013-11-22 15:16:27', 'P', 2, 'jabiniao'),
(244, 235, '50.00', '2013-11-22 15:17:19', 'P', 2, 'cash'),
(245, 236, '500.00', '2013-11-22 15:53:12', 'P', 2, 'JR Hermoso'),
(246, 237, '2404.00', '2013-11-22 17:14:17', 'P', 2, 'cash'),
(247, 238, '0.00', '2013-11-22 17:21:31', 'P', 2, 'Dodong Roni MKTG'),
(248, 239, '2764.00', '2013-11-22 17:27:55', 'P', 2, 'cash'),
(249, 240, '269.00', '2013-11-22 17:29:36', 'P', 2, 'cash'),
(250, 241, '474.00', '2013-11-22 17:34:14', 'P', 2, 'cash'),
(251, 242, '402.00', '2013-11-22 17:37:06', 'P', 2, 'cash'),
(252, 243, '250.00', '2013-11-22 17:38:54', 'P', 2, 'cash'),
(253, 244, '2000.00', '2013-11-23 08:16:46', 'P', 2, 'Marangit'),
(254, 245, '500.00', '2013-11-23 08:31:55', 'P', 2, 'Litag'),
(255, 246, '698.00', '2013-11-23 08:52:18', 'P', 2, 'cash'),
(256, 247, '2245.50', '2013-11-23 11:29:57', 'P', 2, 'cash'),
(257, 248, '4562.25', '2013-11-23 11:57:47', 'P', 2, 'cash'),
(258, 249, '4500.00', '2013-11-23 12:08:30', 'P', 2, 'Basco,Ernie'),
(259, 250, '2835.50', '2013-11-23 13:57:16', 'P', 2, 'cash'),
(260, 251, '3643.50', '2013-11-23 14:28:23', 'P', 2, 'cash'),
(261, 252, '4585.00', '2013-11-23 14:44:51', 'P', 2, 'cash'),
(262, 253, '6862.46', '2013-11-23 15:04:55', 'P', 2, 'cash'),
(263, 254, '2000.00', '2013-11-23 15:17:05', 'P', 2, 'Dalman'),
(264, 255, '0.00', '2013-11-23 15:26:18', 'P', 2, 'Dodong/Roni Marketing'),
(265, 256, '300.00', '2013-11-23 15:43:23', 'P', 2, 'Pascua'),
(266, 257, '2000.00', '2013-11-23 15:47:32', 'P', 2, 'Julie Tapulgo'),
(267, 258, '0.00', '2013-11-23 15:48:33', 'P', 2, 'Julie Tapulgo'),
(268, 259, '3500.00', '2013-11-23 16:12:42', 'P', 2, 'Abaco,Diego'),
(269, 260, '0.00', '2013-11-23 16:18:38', 'P', 2, 'Dodo,Bade'),
(270, 261, '3525.50', '2013-11-23 17:16:35', 'P', 2, 'cash'),
(271, 262, '2696.00', '2013-11-23 17:34:30', 'P', 2, 'cash'),
(272, 263, '0.00', '2013-11-25 08:27:55', 'P', 3, 'Mr. Go'),
(273, 264, '926.00', '2013-11-25 08:44:06', 'P', 3, 'cash'),
(274, 265, '4609.00', '2013-11-25 08:46:30', 'P', 3, 'cash'),
(275, 266, '2342.00', '2013-11-25 08:48:26', 'P', 3, 'cash'),
(276, 267, '0.00', '2013-11-25 08:51:40', 'P', 3, 'Mr. Go'),
(277, 268, '0.00', '2013-11-25 08:55:29', 'P', 3, 'Peter Jamisolamin'),
(278, 269, '0.00', '2013-11-25 08:56:58', 'P', 3, 'Tri - Ohms'),
(279, 270, '800.00', '2013-11-25 09:20:36', 'P', 2, 'Cash'),
(280, 271, '563.00', '2013-11-25 09:32:39', 'P', 2, 'cash'),
(281, 272, '500.00', '2013-11-25 09:51:38', 'P', 2, 'cash'),
(282, 273, '1100.00', '2013-11-25 10:14:29', 'P', 2, 'Kris c/o Ebonia'),
(283, 274, '8000.00', '2013-11-25 10:51:42', 'P', 2, 'Ubalde,Rolando'),
(284, 275, '2596.50', '2013-11-25 11:31:05', 'P', 2, 'cash'),
(285, 276, '1803.75', '2013-11-25 11:36:14', 'P', 2, 'cash'),
(286, 277, '6500.00', '2013-11-25 11:59:32', 'P', 2, 'Jandec Eng\\''ng.'),
(287, 278, '134.00', '2013-11-25 15:22:14', 'P', 2, 'cash'),
(288, 279, '3412.00', '2013-11-25 15:49:43', 'P', 2, 'cash'),
(289, 280, '1588.00', '2013-11-25 17:14:08', 'P', 2, 'cash'),
(290, 281, '0.00', '2013-11-25 17:33:22', 'P', 2, 'RLL Enterprises'),
(291, 282, '300.00', '2013-11-26 07:36:08', 'P', 2, 'cash'),
(292, 283, '40.00', '2013-11-26 08:01:37', 'P', 3, 'cash'),
(293, 284, '2000.00', '2013-11-26 08:08:06', 'P', 3, 'Ociones'),
(294, 285, '1270.00', '2013-11-26 08:50:40', 'P', 3, 'Amaro'),
(295, 286, '0.00', '2013-11-26 08:58:48', 'P', 2, 'William'),
(296, 287, '1650.00', '2013-11-26 09:47:14', 'P', 2, 'Wilser'),
(297, 288, '0.00', '2013-11-26 10:12:24', 'P', 3, 'Villaluna, Tita / Ladao'),
(298, 289, '1500.00', '2013-11-26 10:25:09', 'P', 2, 'Enelio'),
(299, 290, '0.00', '2013-11-26 10:35:46', 'V', 3, 'Orlando Ladao Sr.'),
(300, 291, '10000.00', '2013-11-26 11:34:34', 'P', 3, 'Baynos'),
(301, 292, '0.00', '2013-11-26 11:53:46', 'V', 3, 'Tita Ladao'),
(302, 293, '0.00', '2013-11-26 12:03:53', 'P', 3, 'Orlando Ladao Sr.'),
(303, 294, '0.00', '2013-11-26 12:06:36', 'P', 3, 'Tita Ladao'),
(304, 295, '500.00', '2013-11-26 12:25:37', 'P', 2, 'Sabio'),
(305, 296, '309.00', '2013-11-26 12:43:14', 'P', 3, 'Dondon'),
(306, 297, '500.00', '2013-11-26 13:06:29', 'P', 3, 'Nambatac'),
(307, 298, '3500.00', '2013-11-26 14:12:04', 'P', 3, 'Joy, Agot'),
(308, 299, '1000.00', '2013-11-26 15:40:58', 'P', 3, 'Denver'),
(309, 300, '170.00', '2013-11-26 15:49:09', 'P', 3, 'Cash'),
(310, 301, '2382.25', '2013-11-26 16:30:40', 'P', 3, 'Cash'),
(311, 302, '1638.50', '2013-11-26 16:32:54', 'P', 3, 'cash'),
(312, 303, '3161.25', '2013-11-26 16:53:12', 'P', 3, 'cash'),
(313, 304, '700.00', '2013-11-26 16:54:32', 'P', 2, 'cash'),
(314, 305, '1254.50', '2013-11-26 17:44:49', 'P', 3, 'cash'),
(315, 306, '5000.00', '2013-11-27 08:47:05', 'P', 2, 'Bebe Sumalpong / Upper Dayawan'),
(316, 307, '500.00', '2013-11-27 09:23:19', 'P', 2, 'U. Kiunisala / SKLBI'),
(317, 308, '17400.00', '2013-11-27 09:58:38', 'P', 3, 'Dennis ,Dailo'),
(318, 309, '7817.25', '2013-11-27 10:16:10', 'P', 3, 'cash'),
(319, 310, '1946.50', '2013-11-27 10:26:17', 'P', 3, 'cash'),
(320, 311, '930.41', '2013-11-27 10:36:56', 'P', 3, 'Cabillo,Aquarius'),
(321, 312, '2250.00', '2013-11-27 11:47:57', 'P', 3, 'Liezel Pumatong'),
(322, 313, '0.00', '2013-11-27 12:15:32', 'P', 2, 'RLL'),
(323, 314, '500.00', '2013-11-27 12:33:33', 'P', 2, 'Cash'),
(324, 315, '0.00', '2013-11-27 13:26:18', 'P', 3, 'RLL Enterprises'),
(325, 316, '0.00', '2013-11-27 13:31:21', 'P', 3, 'Dinogyao , Rodney'),
(326, 317, '0.00', '2013-11-27 14:07:49', 'P', 3, 'Tri-Ohms'),
(327, 318, '853.00', '2013-11-27 14:25:04', 'P', 3, 'Ailyn'),
(328, 319, '5320.00', '2013-11-27 14:54:51', 'P', 3, 'Clarabal'),
(329, 320, '1206.50', '2013-11-27 15:01:28', 'P', 3, 'cash'),
(330, 321, '0.00', '2013-11-27 15:02:46', 'P', 3, 'RLL/Domingo'),
(331, 322, '0.00', '2013-11-27 15:04:48', 'P', 3, 'Ubalde,Rommel'),
(332, 323, '0.00', '2013-11-27 15:11:11', 'P', 3, 'Patigdas,Rose Marie'),
(333, 324, '5885.00', '2013-11-27 15:22:47', 'P', 2, 'Jandec Eng\\''g'),
(334, 325, '3000.00', '2013-11-27 16:03:54', 'P', 2, 'Andales'),
(335, 326, '1457.00', '2013-11-27 16:22:54', 'P', 3, 'cash'),
(336, 327, '4000.00', '2013-11-27 16:44:48', 'P', 2, 'talipan'),
(337, 328, '0.00', '2013-11-27 16:50:45', 'P', 3, 'RLL Enterprises'),
(338, 329, '305.00', '2013-11-27 17:04:25', 'P', 2, 'talipan'),
(339, 330, '2000.00', '2013-11-28 08:01:54', 'P', 2, 'Rehas'),
(340, 331, '3000.00', '2013-11-28 08:05:30', 'P', 2, 'Rehas'),
(341, 332, '2691.25', '2013-11-28 08:34:48', 'P', 6, 'cash'),
(342, 333, '2331.00', '2013-11-28 08:44:28', 'P', 6, 'cash'),
(343, 334, '4231.00', '2013-11-28 11:15:17', 'P', 6, 'cash'),
(344, 335, '3366.75', '2013-11-28 11:42:03', 'P', 6, 'cash'),
(345, 336, '0.00', '2013-11-28 13:10:02', 'P', 6, 'Jandec Eng\\''ng.'),
(346, 337, '0.00', '2013-11-28 13:16:27', 'P', 6, 'GO'),
(347, 338, '1818.25', '2013-11-28 13:28:12', 'P', 6, 'cash'),
(348, 339, '187.00', '2013-11-28 15:18:28', 'P', 2, 'cash'),
(349, 340, '0.00', '2013-11-28 15:20:04', 'P', 6, 'Tri-Ohms'),
(350, 341, '1391.00', '2013-11-28 15:23:58', 'P', 6, 'cash'),
(351, 342, '0.00', '2013-11-28 15:24:46', 'P', 6, 'Jandec Eng\\''ng.'),
(352, 343, '500.00', '2013-11-28 15:29:10', 'P', 6, 'Salapang'),
(353, 344, '4000.00', '2013-11-29 08:34:18', 'P', 2, 'Cash'),
(354, 345, '2000.00', '2013-11-29 09:12:27', 'P', 2, 'Roldan'),
(355, 346, '500.00', '2013-11-29 11:19:41', 'P', 2, 'cash'),
(356, 347, '8210.75', '2013-11-29 11:24:48', 'P', 2, 'cash'),
(357, 348, '2906.00', '2013-11-29 12:05:25', 'P', 2, 'Tapulgo,Julie'),
(358, 349, '4286.25', '2013-11-29 12:09:08', 'P', 2, 'cash'),
(359, 350, '0.00', '2013-11-29 12:27:45', 'P', 2, 'Mario Guian'),
(360, 351, '3000.00', '2013-11-29 12:39:22', 'P', 2, 'Hilltop Baptish Church'),
(361, 352, '0.00', '2013-11-29 12:50:12', 'P', 2, 'Dodong Sto. Nino Store'),
(362, 353, '4500.00', '2013-11-29 13:05:15', 'P', 2, 'Cabillo'),
(363, 354, '0.00', '2013-11-29 13:07:13', 'P', 2, 'Ladao'),
(364, 355, '3832.00', '2013-11-29 13:24:10', 'P', 2, 'cash'),
(365, 356, '1432.50', '2013-11-29 13:36:33', 'P', 2, 'Jean'),
(366, 357, '1702.75', '2013-11-29 13:41:08', 'P', 2, 'cash'),
(367, 358, '0.00', '2013-11-29 13:42:27', 'P', 2, 'Waldo'),
(368, 359, '883.00', '2013-11-29 14:37:25', 'P', 2, 'cash'),
(369, 360, '875.00', '2013-11-29 14:59:58', 'P', 2, 'cash'),
(370, 361, '0.00', '2013-11-29 15:05:47', 'P', 2, 'Jandec Eng\\''ng.'),
(371, 362, '0.00', '2013-11-29 15:43:21', 'P', 2, 'Tri -Ohms'),
(372, 363, '2399.00', '2013-11-29 16:17:01', 'P', 2, 'cash'),
(373, 364, '721.00', '2013-11-29 16:31:48', 'P', 2, 'cash'),
(374, 365, '3500.00', '2013-11-30 09:22:20', 'P', 3, 'Allera, Arturo'),
(375, 366, '2472.00', '2013-11-30 10:05:57', 'P', 3, 'cash'),
(376, 367, '3021.50', '2013-11-30 10:15:35', 'P', 3, 'cash'),
(377, 368, '3959.25', '2013-11-30 11:04:12', 'P', 3, 'cash'),
(378, 369, '4000.00', '2013-11-30 11:16:33', 'P', 3, 'Elivera'),
(379, 370, '939.00', '2013-11-30 11:21:03', 'P', 3, 'Cash'),
(380, 371, '0.00', '2013-11-30 11:21:59', 'P', 3, 'Patigdas'),
(381, 372, '180.00', '2013-11-30 12:12:38', 'P', 2, 'cash'),
(382, 373, '1500.00', '2013-11-30 12:54:58', 'P', 3, 'Eddie'),
(383, 374, '2000.00', '2013-11-30 13:35:03', 'P', 3, 'Lomonggo'),
(384, 375, '2600.00', '2013-11-30 14:17:10', 'P', 3, 'Cabillo'),
(385, 376, '6005.31', '2013-11-30 15:41:55', 'P', 3, 'cash'),
(386, 377, '520.00', '2013-11-30 15:43:48', 'P', 3, 'Pascua'),
(387, 378, '1000.00', '2013-11-30 16:11:31', 'P', 3, 'Jesus Christ Glorious King'),
(388, 379, '2000.00', '2013-11-30 16:20:37', 'P', 3, 'Webster'),
(389, 380, '5007.00', '2013-11-30 18:02:24', 'P', 2, 'cash'),
(390, 381, '1560.00', '2013-11-30 18:03:11', 'P', 2, 'cash'),
(391, 382, '0.00', '2013-11-30 18:07:12', 'P', 2, 'Pascua'),
(392, 383, '992.00', '2013-11-30 18:12:15', 'P', 2, 'cash'),
(393, 384, '2400.00', '2013-11-30 18:16:05', 'P', 2, 'cash'),
(394, 385, '677.30', '2013-12-02 08:13:12', 'P', 2, 'cash'),
(395, 386, '1000.00', '2013-12-02 08:19:24', 'P', 2, 'jay'),
(396, 387, '2074.00', '2013-12-02 08:46:17', 'V', 2, 'cash'),
(397, 388, '0.00', '2013-12-02 09:42:47', 'P', 3, 'Pahunang,Welma'),
(398, 389, '616.00', '2013-12-02 09:53:53', 'P', 2, 'Bebot'),
(399, 390, '194.00', '2013-12-02 10:16:11', 'P', 2, 'cash'),
(400, 391, '2000.00', '2013-12-02 11:10:22', 'P', 2, 'cash'),
(401, 392, '1169.50', '2013-12-02 11:11:18', 'P', 3, 'cash'),
(402, 393, '1305.00', '2013-12-02 11:13:36', 'P', 3, 'cash'),
(403, 394, '0.00', '2013-12-02 11:19:27', 'P', 3, 'Jesus The Glorius King Church'),
(404, 395, '700.00', '2013-12-02 11:19:57', 'P', 2, 'cash'),
(405, 396, '12000.00', '2013-12-02 11:21:21', 'P', 3, 'Jesus Christ The Glorius King Church'),
(406, 397, '3000.00', '2013-12-02 11:28:43', 'P', 2, 'Magallanes'),
(407, 398, '1000.00', '2013-12-02 11:33:32', 'P', 3, 'Cepalco Energy'),
(408, 399, '2734.00', '2013-12-02 11:35:59', 'P', 3, 'Cash'),
(409, 400, '1100.00', '2013-12-02 11:36:37', 'P', 2, 'Webster'),
(410, 401, '801.00', '2013-12-02 11:43:55', 'P', 3, 'cash'),
(411, 402, '1168.00', '2013-12-02 11:55:55', 'P', 3, 'cash'),
(412, 403, '130.00', '2013-12-02 12:16:13', 'P', 3, 'cash'),
(413, 404, '0.00', '2013-12-02 12:19:38', 'V', 3, 'Builder\\''s Hub'),
(414, 405, '1400.00', '2013-12-02 12:29:49', 'P', 3, 'Jesus Christ The Glorius King Church'),
(415, 406, '0.00', '2013-12-02 12:33:50', 'V', 3, 'Buider\\''s Hub'),
(416, 407, '1302.00', '2013-12-02 12:35:59', 'P', 3, 'Abaco'),
(417, 408, '0.00', '2013-12-02 12:45:16', 'P', 3, 'HB/Bugo Delivered (11/28-12/02/2013)'),
(418, 409, '4000.00', '2013-12-02 12:58:22', 'P', 3, 'Flores'),
(419, 410, '1383.00', '2013-12-02 13:19:17', 'P', 3, 'cash'),
(420, 411, '1000.00', '2013-12-02 14:42:42', 'P', 2, 'KHU'),
(421, 412, '33427.00', '2013-12-02 16:01:53', 'P', 3, 'Macas'),
(422, 413, '621.00', '2013-12-02 16:15:02', 'P', 3, 'Macas'),
(423, 414, '6082.00', '2013-12-02 16:26:22', 'P', 3, 'Cash'),
(424, 415, '3049.00', '2013-12-02 16:40:18', 'P', 3, 'Cash'),
(425, 416, '1244.25', '2013-12-02 16:43:31', 'P', 3, 'Cash'),
(426, 417, '2505.00', '2013-12-02 16:58:35', 'P', 3, 'Barcenas Dodong'),
(427, 418, '505.00', '2013-12-02 17:00:34', 'P', 3, 'cash'),
(428, 419, '319.00', '2013-12-02 17:45:35', 'P', 3, 'cash'),
(429, 420, '3000.00', '2013-12-02 17:47:25', 'P', 3, 'Calibay,Jose'),
(430, 421, '0.00', '2013-12-02 18:16:18', 'P', 6, 'RLL Enterprises'),
(431, 422, '2747.00', '2013-12-03 09:29:00', 'P', 6, 'cash'),
(432, 423, '5500.00', '2013-12-03 09:30:59', 'P', 6, 'Jesus Christ The Glorius King Church'),
(433, 424, '2486.50', '2013-12-03 09:42:46', 'P', 6, 'Isko'),
(434, 425, '0.00', '2013-12-03 09:45:05', 'P', 6, 'GO'),
(435, 426, '0.00', '2013-12-03 09:46:59', 'P', 2, 'builders hub'),
(436, 427, '4296.00', '2013-12-03 09:53:47', 'P', 6, 'cash'),
(437, 428, '7442.50', '2013-12-03 10:16:23', 'P', 6, 'Dapong Remo'),
(438, 429, '5157.00', '2013-12-03 10:56:33', 'P', 6, 'Juanito'),
(439, 430, '700.00', '2013-12-03 10:59:30', 'P', 6, 'Boyak\\''s'),
(440, 431, '2210.00', '2013-12-03 11:22:30', 'P', 6, 'Salapang'),
(441, 432, '19.00', '2013-12-03 13:08:39', 'V', 6, 'cash'),
(442, 433, '3552.00', '2013-12-03 13:20:18', 'P', 6, 'Romo Daryl'),
(443, 434, '1500.00', '2013-12-03 13:28:43', 'P', 6, 'Jesus Christ The Glorius King Church'),
(444, 435, '0.00', '2013-12-03 13:35:06', 'P', 6, 'Jandec Eng\\''ng./09989810609'),
(445, 436, '1528.50', '2013-12-03 13:55:13', 'P', 6, 'Cash'),
(446, 437, '1707.00', '2013-12-03 14:11:59', 'P', 6, 'Villamor'),
(447, 438, '3430.00', '2013-12-03 14:16:30', 'P', 6, 'Kag. Sajonia'),
(448, 439, '4282.00', '2013-12-03 14:19:14', 'P', 6, 'Absin'),
(449, 440, '220.00', '2013-12-03 14:30:55', 'P', 6, 'Gamalo'),
(450, 441, '0.00', '2013-12-03 14:50:45', 'P', 6, 'SKLBI'),
(451, 442, '0.00', '2013-12-03 15:00:39', 'V', 6, 'BUGO'),
(452, 443, '0.00', '2013-12-03 15:10:05', 'P', 6, 'Bugo'),
(453, 444, '1000.00', '2013-12-03 15:38:04', 'P', 6, 'sapandong'),
(454, 445, '885.60', '2013-12-03 15:50:03', 'P', 6, 'Cash'),
(455, 446, '303.00', '2013-12-03 17:41:06', 'P', 6, 'Raul'),
(456, 447, '1692.00', '2013-12-04 08:40:46', 'P', 6, 'Ricacho'),
(457, 448, '830.00', '2013-12-04 10:29:18', 'P', 6, 'Jesus Christ The Glorius King Church'),
(458, 449, '5980.50', '2013-12-04 11:01:29', 'P', 6, 'CASH'),
(459, 450, '2000.00', '2013-12-04 11:26:57', 'P', 6, 'cash'),
(460, 451, '1496.50', '2013-12-04 11:41:54', 'P', 6, 'cash'),
(461, 452, '700.00', '2013-12-04 11:49:58', 'P', 6, 'SKLBI'),
(462, 453, '3420.00', '2013-12-04 13:01:07', 'P', 6, 'Jedan'),
(463, 454, '10277.50', '2013-12-04 13:18:15', 'P', 6, 'Tessie Fabela'),
(464, 455, '1354.00', '2013-12-04 13:27:21', 'P', 6, 'Webster Sabunod'),
(465, 456, '0.00', '2013-12-04 13:32:24', 'P', 6, 'GO'),
(466, 457, '3068.00', '2013-12-04 14:08:45', 'P', 6, 'cash'),
(467, 458, '3151.00', '2013-12-04 14:23:38', 'P', 6, 'cash'),
(468, 459, '0.00', '2013-12-04 14:24:30', 'P', 6, 'Dodo Bade'),
(469, 460, '0.00', '2013-12-04 15:01:09', 'P', 6, 'Beverly Catubig'),
(470, 461, '200.00', '2013-12-04 15:05:56', 'P', 2, 'cash'),
(471, 462, '4591.50', '2013-12-04 16:06:41', 'P', 6, 'Benicto Tagam'),
(472, 463, '3599.00', '2013-12-04 16:11:05', 'P', 6, 'cash'),
(473, 464, '5500.00', '2013-12-04 16:20:04', 'P', 6, 'Malunay'),
(474, 465, '500.00', '2013-12-04 17:03:01', 'P', 6, 'cash'),
(475, 466, '3800.00', '2013-12-04 17:45:11', 'P', 6, 'Aliasgo'),
(476, 467, '363.00', '2013-12-04 17:45:57', 'P', 6, 'cash'),
(477, 468, '0.00', '2013-12-04 17:49:22', 'P', 6, 'HB'),
(478, 469, '926.25', '2013-12-04 17:50:49', 'P', 6, 'cash'),
(479, 470, '600.00', '2013-12-05 09:12:49', 'P', 6, 'Joel Bag-ao'),
(480, 471, '3330.50', '2013-12-05 10:05:39', 'P', 6, 'cash'),
(481, 472, '2000.00', '2013-12-05 10:08:51', 'P', 6, 'Jesus Christ The Glorius King Church'),
(482, 473, '4000.00', '2013-12-05 10:25:37', 'P', 6, 'Tata Pil'),
(483, 474, '1002.50', '2013-12-05 10:35:46', 'P', 6, 'cash'),
(484, 475, '3120.00', '2013-12-05 10:57:21', 'P', 6, 'cash'),
(485, 476, '2225.00', '2013-12-05 11:05:16', 'P', 6, 'Arnel Fimaynon'),
(486, 477, '2000.00', '2013-12-05 11:06:15', 'P', 6, 'Barcenas'),
(487, 478, '2000.00', '2013-12-05 11:13:25', 'V', 6, 'Barcenas'),
(488, 479, '600.00', '2013-12-05 11:16:39', 'P', 6, 'Connex Tech.'),
(489, 480, '400.00', '2013-12-05 11:19:24', 'P', 6, 'Jandec Eng\\''ng.'),
(490, 481, '2884.50', '2013-12-05 11:43:57', 'P', 6, 'cash'),
(491, 482, '1000.00', '2013-12-05 12:37:52', 'V', 6, 'MCJ'),
(492, 483, '0.00', '2013-12-05 13:02:16', 'P', 6, 'Dodo Bade'),
(493, 484, '2392.00', '2013-12-05 14:25:40', 'P', 6, 'cash'),
(494, 485, '0.00', '2013-12-05 14:26:16', 'P', 6, 'SKLBI'),
(495, 486, '1410.00', '2013-12-05 16:03:19', 'P', 6, 'Paderna'),
(496, 487, '603.00', '2013-12-05 16:05:27', 'P', 6, 'cash'),
(497, 488, '2827.00', '2013-12-06 09:00:40', 'P', 6, 'cash'),
(498, 489, '2000.00', '2013-12-06 10:16:44', 'P', 6, 'Mikel'),
(499, 490, '953.00', '2013-12-06 10:28:40', 'P', 6, 'cash'),
(500, 491, '992.00', '2013-12-06 10:46:02', 'P', 6, 'cash'),
(501, 492, '881.50', '2013-12-06 12:05:04', 'P', 6, 'cash'),
(502, 493, '13500.00', '2013-12-06 13:02:14', 'P', 6, 'Caabay'),
(503, 494, '3540.25', '2013-12-06 13:33:04', 'P', 6, 'Lomonggo'),
(504, 495, '6771.00', '2013-12-06 14:20:05', 'P', 6, 'Irma'),
(505, 496, '1000.00', '2013-12-06 17:00:55', 'P', 2, 'cash'),
(506, 497, '1906.00', '2013-12-06 17:55:20', 'P', 6, 'Lacaden'),
(507, 498, '4260.50', '2013-12-06 18:01:45', 'P', 6, 'cash'),
(508, 499, '0.00', '2013-12-06 18:05:10', 'P', 6, 'HB-(as of 12/05-06/13)'),
(509, 500, '5000.00', '2013-12-06 18:11:41', 'P', 6, 'Patricio Costenar'),
(510, 501, '1802.50', '2013-12-06 18:17:45', 'P', 6, 'cash'),
(511, 502, '0.00', '2013-12-06 18:36:20', 'P', 6, 'Mrs.Caabay'),
(512, 503, '1000.00', '2013-12-06 18:38:02', 'P', 6, 'Isko Driver sa Coke'),
(513, 504, '2000.00', '2013-12-07 08:07:15', 'P', 2, 'cash'),
(514, 505, '1000.00', '2013-12-07 08:13:08', 'P', 6, 'Jesus Christ The Glorius King Church'),
(515, 506, '3000.00', '2013-12-07 08:34:21', 'P', 6, 'Salapang'),
(516, 507, '1000.00', '2013-12-07 09:16:20', 'P', 6, 'Nissa'),
(517, 508, '804.50', '2013-12-07 10:56:29', 'P', 6, 'cash'),
(518, 509, '2561.00', '2013-12-07 11:03:09', 'P', 6, 'Maribelle'),
(519, 510, '3610.50', '2013-12-07 11:28:23', 'P', 6, 'Baguio Michael'),
(520, 511, '6261.00', '2013-12-07 11:55:53', 'P', 6, 'Tessie Fabela'),
(521, 512, '5099.00', '2013-12-07 12:10:17', 'P', 6, 'cash'),
(522, 513, '0.00', '2013-12-07 12:14:13', 'P', 6, 'Belen Zayas'),
(523, 514, '0.00', '2013-12-07 12:17:02', 'P', 6, 'Jesus Christ The Glorius King Church'),
(524, 515, '3719.00', '2013-12-07 13:18:09', 'P', 6, 'cash'),
(525, 516, '2191.00', '2013-12-07 14:19:40', 'P', 6, 'Pado'),
(526, 517, '14950.00', '2013-12-07 14:47:25', 'P', 6, 'Jandec Engineering'),
(527, 518, '7169.00', '2013-12-07 14:56:17', 'P', 6, 'cash'),
(528, 519, '4301.00', '2013-12-07 15:31:34', 'P', 6, 'cash'),
(529, 520, '3875.50', '2013-12-07 16:03:39', 'P', 6, 'cash'),
(530, 521, '5315.25', '2013-12-07 17:05:32', 'P', 6, 'cash'),
(531, 522, '0.00', '2013-12-07 17:08:52', 'P', 6, 'Marlom Zayas'),
(532, 523, '7000.00', '2013-12-07 17:21:33', 'P', 6, 'Lugnayan Regie'),
(533, 524, '0.00', '2013-12-07 17:23:05', 'P', 6, 'Tata Janao'),
(534, 525, '0.00', '2013-12-07 17:27:14', 'P', 6, 'Dododng/Roni Marketing'),
(535, 526, '0.00', '2013-12-07 18:10:02', 'P', 6, 'Amaro-(partial payment 10k on 12/07/13)'),
(536, 527, '0.00', '2013-12-07 18:11:31', 'P', 6, 'HB'),
(537, 528, '97.00', '2013-12-07 18:15:08', 'P', 6, 'cash'),
(538, 529, '3986.50', '2013-12-09 11:18:44', 'P', NULL, 'cash'),
(539, 530, '45.00', '2013-12-09 12:45:17', 'P', 2, 'cash'),
(540, 531, '37.00', '2013-12-09 13:15:50', 'P', 2, 'cash'),
(541, 532, '170.00', '2013-12-09 13:16:21', 'P', 2, 'cash'),
(542, 533, '2554.00', '2013-12-09 13:29:01', 'P', 3, 'cash'),
(543, 534, '9329.00', '2013-12-09 14:26:55', 'P', 3, 'Valledor'),
(544, 535, '2764.00', '2013-12-09 14:39:25', 'P', 3, 'cash'),
(545, 536, '0.00', '2013-12-09 14:55:43', 'P', 6, 'Jandec Eng\\''ng.'),
(546, 537, '1000.00', '2013-12-09 16:07:20', 'P', 2, 'Cash / Pamex'),
(547, 538, '1000.00', '2013-12-09 16:11:07', 'P', 2, 'Cash'),
(548, 539, '2486.00', '2013-12-09 16:45:22', 'P', 6, 'cash'),
(549, 540, '4500.00', '2013-12-09 16:50:25', 'P', 6, 'Painagan Liklik'),
(550, 541, '1000.00', '2013-12-09 17:04:26', 'P', 6, 'Elleso c/o Bobong'),
(551, 542, '3191.50', '2013-12-09 17:19:13', 'P', 6, 'Sabio Annabelle'),
(552, 543, '0.00', '2013-12-09 17:33:57', 'P', 6, 'Lugnayan,Raje'),
(553, 544, '0.00', '2013-12-09 17:40:20', 'P', 6, 'Dodong/Roni Marketing'),
(554, 545, '1136.50', '2013-12-09 17:46:11', 'P', 6, 'Garcia'),
(555, 546, '1136.00', '2013-12-09 17:48:37', 'P', 6, 'cash'),
(556, 547, '45.00', '2013-12-09 17:54:24', 'P', 2, 'cash'),
(557, 548, '1500.00', '2013-12-10 10:28:30', 'P', 6, 'Cash'),
(558, 549, '0.00', '2013-12-10 10:55:05', 'P', 6, 'Go'),
(559, 550, '1000.00', '2013-12-10 11:00:08', 'P', 6, 'Bobong'),
(560, 551, '2209.50', '2013-12-10 11:04:16', 'P', 6, 'cash'),
(561, 552, '1279.50', '2013-12-10 11:39:50', 'P', 6, 'cash'),
(562, 553, '2336.00', '2013-12-10 11:49:14', 'P', 6, 'cash'),
(563, 554, '1127.00', '2013-12-10 11:51:33', 'P', 6, 'cash'),
(564, 555, '3137.00', '2013-12-10 12:32:23', 'P', 6, 'cash'),
(565, 556, '15136.00', '2013-12-10 13:57:28', 'P', 6, 'Tubera, Alma'),
(566, 557, '2108.00', '2013-12-10 14:12:55', 'P', 6, 'cash'),
(567, 558, '8273.00', '2013-12-10 15:30:23', 'P', 6, 'Compra'),
(568, 559, '0.00', '2013-12-10 15:32:29', 'P', 6, 'Compra'),
(569, 560, '1721.00', '2013-12-10 15:42:13', 'P', 6, 'cash'),
(570, 561, '4000.00', '2013-12-10 15:46:31', 'P', 6, 'Mendoza'),
(571, 562, '0.00', '2013-12-10 15:58:48', 'P', 6, 'Elleso c/o Bobong'),
(572, 563, '0.00', '2013-12-10 16:05:29', 'P', 6, 'HB-delivered on 12/09/13'),
(573, 564, '1250.50', '2013-12-10 17:51:35', 'P', 6, 'cash'),
(574, 565, '1000.00', '2013-12-11 08:03:33', 'V', 2, 'Kiunisala'),
(575, 566, '1000.00', '2013-12-11 08:07:05', 'P', 2, 'kiunisala'),
(576, 567, '1694.00', '2013-12-11 08:22:43', 'P', 2, 'cash'),
(577, 568, '1601.50', '2013-12-11 08:39:32', 'P', 2, 'cash'),
(578, 569, '1726.00', '2013-12-11 08:45:29', 'P', 2, 'cash'),
(579, 570, '2305.00', '2013-12-11 11:33:50', 'P', 2, 'cash'),
(580, 571, '1744.00', '2013-12-11 11:34:37', 'P', 2, 'Rio'),
(581, 572, '0.00', '2013-12-11 11:38:36', 'P', 2, 'Tri-Ohms'),
(582, 573, '0.00', '2013-12-11 11:40:15', 'P', 2, 'Raymond Pantallano c/o may2'),
(583, 574, '0.00', '2013-12-11 11:44:37', 'P', 2, 'Webster'),
(584, 575, '4714.00', '2013-12-11 11:59:09', 'P', 2, 'Alcantara'),
(585, 576, '2634.00', '2013-12-11 13:01:57', 'P', 2, 'Remo'),
(586, 577, '2705.00', '2013-12-11 14:19:42', 'P', 2, 'Jose Jamisolamin'),
(587, 578, '360.00', '2013-12-11 14:25:21', 'P', 2, 'cash'),
(588, 579, '2145.00', '2013-12-11 16:52:00', 'P', 6, 'cash'),
(589, 580, '883.00', '2013-12-11 17:29:17', 'P', 6, 'cash'),
(590, 581, '387.75', '2013-12-11 17:51:10', 'P', 6, 'cash'),
(591, 582, '490.00', '2013-12-12 07:13:57', 'P', 2, 'cash'),
(592, 583, '369.00', '2013-12-12 11:21:38', 'P', 3, 'cash'),
(593, 584, '0.00', '2013-12-12 11:22:17', 'P', 3, 'Pahunang'),
(594, 585, '514.00', '2013-12-12 11:25:22', 'P', 3, 'cash'),
(595, 586, '1057.00', '2013-12-12 11:26:03', 'P', 3, 'cash'),
(596, 587, '3356.00', '2013-12-13 15:09:15', 'P', 2, 'cash'),
(597, 588, '14529.00', '2013-12-13 16:43:42', 'P', 6, 'Jandec Eng\\''ng.'),
(598, 589, '182.00', '2013-12-13 16:46:27', 'P', 6, 'Jandec Eng\\''ng.'),
(599, 590, '1598.00', '2013-12-13 16:58:13', 'P', 6, 'Jandec Eng\\''ng.'),
(600, 591, '2524.00', '2013-12-13 17:22:23', 'P', 6, 'cash'),
(601, 592, '13633.50', '2013-12-13 17:50:57', 'P', 6, 'cash'),
(602, 593, '500.00', '2013-12-14 07:35:52', 'P', 2, 'c'),
(603, 594, '4860.50', '2013-12-14 09:58:28', 'P', 2, 'cash'),
(604, 595, '3814.25', '2013-12-14 10:50:40', 'P', 2, 'cash'),
(605, 596, '5587.50', '2013-12-14 10:58:12', 'P', 2, 'cash'),
(606, 597, '2353.00', '2013-12-14 11:34:11', 'P', 2, 'cash'),
(607, 598, '1933.75', '2013-12-14 11:39:05', 'P', 2, 'Dacobor'),
(608, 599, '2398.50', '2013-12-14 11:46:24', 'P', 2, 'Jingjing'),
(609, 600, '2000.00', '2013-12-14 14:36:05', 'P', 2, 'cash'),
(610, 601, '1520.50', '2013-12-14 15:29:40', 'P', 2, 'cash'),
(611, 602, '3483.50', '2013-12-14 16:01:00', 'P', 2, 'cash'),
(612, 603, '5755.00', '2013-12-14 16:09:21', 'P', 2, 'Dela Torre'),
(613, 604, '1000.00', '2013-12-14 17:29:20', 'P', 2, 'cash'),
(614, 605, '0.00', '2013-12-16 10:50:33', 'P', 3, 'Tri-Ohms'),
(615, 606, '700.00', '2013-12-16 13:00:44', 'P', 3, 'cash'),
(616, 607, '2882.00', '2013-12-16 13:14:52', 'P', 3, 'Belen Zayas'),
(617, 608, '1587.00', '2013-12-16 13:48:31', 'P', 3, 'cash'),
(618, 609, '4001.50', '2013-12-16 14:08:53', 'P', 3, 'cash'),
(619, 610, '4923.25', '2013-12-16 14:33:47', 'P', 3, 'cash'),
(620, 611, '1649.00', '2013-12-16 14:36:21', 'P', 3, 'cash'),
(621, 612, '0.00', '2013-12-16 14:43:25', 'P', 3, 'Amaro,Charlie'),
(622, 613, '0.00', '2013-12-16 14:49:46', 'P', 3, 'Jandec Eng\\''ng.'),
(623, 614, '1149.75', '2013-12-17 10:10:15', 'P', 6, 'cash'),
(624, 615, '4084.50', '2013-12-17 11:08:03', 'P', 6, 'cash'),
(625, 616, '3119.00', '2013-12-17 11:20:56', 'P', 6, 'cash'),
(626, 617, '900.00', '2013-12-17 12:01:45', 'P', 6, 'Clarabal'),
(627, 618, '9200.00', '2013-12-17 12:04:47', 'P', 6, 'Clarabal'),
(628, 619, '3620.00', '2013-12-17 12:35:30', 'P', 6, 'cash'),
(629, 620, '36276.40', '2013-12-17 14:05:30', 'P', 6, 'Berto'),
(630, 621, '7000.00', '2013-12-17 14:26:50', 'P', 6, 'Enerio'),
(631, 622, '6057.20', '2013-12-17 14:55:49', 'P', 6, 'Julie Tapolgo'),
(632, 623, '2190.50', '2013-12-17 15:19:20', 'P', 6, 'cash'),
(633, 624, '3000.00', '2013-12-17 16:36:03', 'V', 1, 'Customer'),
(634, 625, '0.00', '2013-12-17 17:25:18', 'P', 1, 'HI-Q'),
(635, 626, '1500.00', '2013-12-18 08:00:13', 'P', 2, 'Amaro'),
(636, 627, '165.00', '2013-12-18 08:04:51', 'P', 2, 'cash'),
(637, 628, '2500.00', '2013-12-18 08:15:38', 'P', 2, 'Lugnayan'),
(638, 629, '20.00', '2013-12-18 08:16:24', 'P', 2, 'cash'),
(639, 630, '165.00', '2013-12-18 08:30:44', 'P', 2, 'cash'),
(640, 631, '165.00', '2013-12-18 08:37:06', 'P', 2, 'cash'),
(641, 632, '1001.00', '2013-12-18 08:37:45', 'P', 2, 'cash'),
(642, 633, '671.00', '2013-12-18 08:38:20', 'P', 2, 'cash'),
(643, 634, '0.00', '2013-12-18 08:49:19', 'P', 2, 'Sang an'),
(644, 635, '0.00', '2013-12-18 09:32:16', 'P', 2, 'Mrs. caabay'),
(645, 636, '785.00', '2013-12-18 09:38:36', 'P', 2, 'Bobong'),
(646, 637, '4765.00', '2013-12-18 09:44:26', 'P', 2, 'AURING'),
(647, 638, '1500.00', '2013-12-18 09:44:42', 'P', 2, 'cash'),
(648, 639, '4765.00', '2013-12-18 09:52:57', 'P', 2, 'Auring'),
(649, 640, '2500.00', '2013-12-18 09:55:23', 'P', 2, 'Hortillano'),
(650, 641, '500.00', '2013-12-18 09:58:30', 'P', 2, 'cash'),
(651, 642, '500.00', '2013-12-18 10:00:59', 'P', 2, 'cash'),
(652, 643, '37.00', '2013-12-18 10:02:48', 'P', 2, 'cash'),
(653, 644, '7000.00', '2013-12-18 10:13:34', 'P', 2, 'Enerio/George Store (Solana/Kabulawan)'),
(654, 645, '3000.00', '2013-12-18 10:18:28', 'P', 2, 'Sabal'),
(655, 646, '3592.50', '2013-12-18 10:43:26', 'P', 2, 'cash'),
(656, 647, '293.00', '2013-12-18 13:52:17', 'P', 2, 'cash'),
(657, 648, '378.00', '2013-12-18 14:32:32', 'P', 2, 'cash'),
(658, 649, '1962.00', '2013-12-18 15:40:02', 'P', 2, 'cash'),
(659, 650, '1439.00', '2013-12-18 16:28:06', 'P', 2, 'cash'),
(660, 651, '172.00', '2013-12-18 17:05:02', 'P', 2, 'cash'),
(661, 652, '1636.00', '2013-12-18 17:40:07', 'P', 2, 'Zarate'),
(662, 653, '500.00', '2013-12-18 17:40:27', 'P', 2, 'cash'),
(663, 654, '2642.50', '2013-12-19 09:55:40', 'P', 6, 'Capin'),
(664, 655, '2840.00', '2013-12-19 10:47:00', 'P', 6, 'cash'),
(665, 656, '6245.00', '2013-12-19 11:30:39', 'P', 6, 'cash'),
(666, 657, '4282.50', '2013-12-19 11:32:25', 'P', 6, 'Andales'),
(667, 658, '1000.00', '2013-12-19 11:35:10', 'P', 6, 'Rodney Dinogyao/Tuper'),
(668, 659, '1386.00', '2013-12-19 12:53:17', 'P', 6, 'cash'),
(669, 660, '2236.00', '2013-12-19 13:30:39', 'P', 6, 'mario'),
(670, 661, '2375.00', '2013-12-19 13:48:24', 'P', 6, 'Edusma'),
(671, 662, '0.00', '2013-12-19 13:51:50', 'P', 6, 'Tri-Ohms'),
(672, 663, '1754.00', '2013-12-19 14:40:06', 'P', 6, 'cash'),
(673, 664, '930.00', '2013-12-19 15:48:37', 'P', 6, 'cash'),
(674, 665, '2418.00', '2013-12-19 16:02:46', 'P', 6, 'Auring'),
(675, 666, '740.00', '2013-12-19 16:04:32', 'P', 6, 'cash'),
(676, 667, '1186.00', '2013-12-20 08:04:04', 'P', 6, 'cash'),
(677, 668, '1000.00', '2013-12-20 08:09:14', 'P', 6, 'Bobong Casio'),
(678, 669, '0.00', '2013-12-20 08:10:43', 'P', 6, 'Belen Zayas'),
(679, 670, '200.00', '2013-12-20 08:35:10', 'P', 6, 'cash'),
(680, 671, '2696.00', '2013-12-20 10:22:21', 'P', 6, 'cash'),
(681, 672, '5356.50', '2013-12-20 10:57:46', 'P', 6, 'cash'),
(682, 673, '3781.25', '2013-12-20 11:35:54', 'P', 6, 'cash'),
(683, 674, '0.00', '2013-12-20 11:48:01', 'P', 6, 'Tri-Ohms'),
(684, 675, '0.00', '2013-12-20 11:50:51', 'P', 6, 'Dodong/Roni Marketing'),
(685, 676, '2566.50', '2013-12-20 14:37:22', 'P', 6, 'cash'),
(686, 677, '3404.00', '2013-12-20 16:46:31', 'P', 6, 'cash'),
(687, 678, '1500.00', '2013-12-20 17:10:23', 'P', 6, 'Painagan,Liklik'),
(688, 679, '0.00', '2013-12-20 17:14:54', 'P', 6, 'Amaro,Charlie'),
(689, 680, '608.00', '2013-12-20 17:30:52', 'P', 6, 'cash'),
(690, 681, '9500.00', '2013-12-21 08:48:47', 'P', 6, 'Belen Zayas'),
(691, 682, '2306.00', '2013-12-21 09:12:44', 'P', 6, 'cash'),
(692, 683, '6948.00', '2013-12-21 09:18:17', 'P', 6, 'cash'),
(693, 684, '2044.00', '2013-12-21 11:44:20', 'P', 6, 'cash'),
(694, 685, '2264.00', '2013-12-21 11:46:26', 'P', 6, 'Andalajao'),
(695, 686, '3394.00', '2013-12-21 11:58:09', 'P', 6, 'cash'),
(696, 687, '1898.50', '2013-12-21 12:04:52', 'P', 6, 'Hernan'),
(697, 688, '1068.00', '2013-12-21 13:06:38', 'P', 6, 'cash'),
(698, 689, '9000.00', '2013-12-21 13:40:46', 'P', 6, 'Miller Neri'),
(699, 690, '598.00', '2013-12-21 13:46:00', 'P', 6, 'cash'),
(700, 691, '2096.00', '2013-12-21 15:27:52', 'P', 6, 'cash'),
(701, 692, '369.25', '2013-12-21 16:17:02', 'P', 6, 'cash'),
(702, 693, '1241.50', '2013-12-21 17:09:07', 'P', 6, 'cash'),
(703, 694, '356.00', '2013-12-21 17:19:41', 'P', 6, 'cash'),
(704, 695, '3759.00', '2013-12-23 09:39:01', 'P', 2, 'cash'),
(705, 696, '5404.00', '2013-12-23 09:47:45', 'P', 2, 'cash'),
(706, 697, '2471.00', '2013-12-23 10:52:31', 'P', 2, 'cash'),
(707, 698, '3531.27', '2013-12-23 12:07:46', 'P', 2, 'cash'),
(708, 699, '16598.00', '2013-12-23 12:12:55', 'P', 2, 'Mrs. Clarabal'),
(709, 700, '5300.00', '2013-12-23 12:21:16', 'P', 2, 'Mrs. Caabay'),
(710, 701, '3219.50', '2013-12-23 13:22:12', 'P', 2, 'cash'),
(711, 702, '5191.50', '2013-12-23 14:13:42', 'P', 2, 'cash'),
(712, 703, '4141.02', '2013-12-23 14:52:13', 'P', 2, 'cash'),
(713, 704, '4056.00', '2013-12-23 15:29:15', 'P', 2, 'cash'),
(714, 705, '3500.00', '2013-12-23 15:42:24', 'P', 2, 'Jesus Christ The Glorius King Church'),
(715, 706, '0.00', '2013-12-23 15:51:07', 'P', 2, 'Jandec Engineering'),
(716, 707, '3466.00', '2013-12-23 16:41:37', 'P', 2, 'cash'),
(717, 708, '4596.25', '2013-12-26 09:16:28', 'P', 2, 'cash'),
(718, 709, '6408.50', '2013-12-26 10:40:52', 'P', 2, 'cash'),
(719, 710, '10000.00', '2013-12-26 11:20:47', 'P', 2, 'Clarabal'),
(720, 711, '4048.50', '2013-12-26 11:33:03', 'P', 2, 'cash'),
(721, 712, '1398.00', '2013-12-26 11:52:57', 'P', 2, 'cash'),
(722, 713, '5186.00', '2013-12-26 12:01:03', 'P', 2, 'cash'),
(723, 714, '3110.75', '2013-12-26 12:12:54', 'P', 2, 'cash'),
(724, 715, '200.00', '2013-12-26 14:02:00', 'P', 2, 'cash'),
(725, 716, '50.00', '2013-12-26 14:20:43', 'P', 2, 'cash'),
(726, 717, '500.00', '2013-12-26 14:47:24', 'P', 2, 'CASH'),
(727, 718, '500.00', '2013-12-26 14:48:17', 'P', 2, 'CASH'),
(728, 719, '184.50', '2013-12-26 14:49:37', 'P', 2, 'CASH'),
(729, 720, '120.00', '2013-12-26 14:59:34', 'P', 2, 'c'),
(730, 721, '500.00', '2013-12-26 15:03:27', 'P', 2, 'Jesus Christ'),
(731, 722, '100.00', '2013-12-26 15:04:20', 'P', 2, 'c'),
(732, 723, '1300.00', '2013-12-26 16:00:51', 'V', 2, 'c'),
(733, 724, '1050.00', '2013-12-26 16:39:01', 'P', 2, 'Mario'),
(734, 725, '150.00', '2013-12-26 16:50:52', 'P', 2, 'c'),
(735, 726, '1910.00', '2013-12-26 17:38:58', 'P', 2, 'cash'),
(736, 727, '3857.00', '2013-12-26 18:13:44', 'P', 2, 'cash'),
(737, 728, '5400.00', '2013-12-27 08:39:11', 'P', 6, 'Erick De Ocampo'),
(738, 729, '2649.75', '2013-12-27 08:51:53', 'P', 6, 'cash'),
(739, 730, '0.00', '2013-12-27 09:52:08', 'P', 6, 'HB'),
(740, 731, '7000.00', '2013-12-27 11:50:39', 'P', 6, 'Amy Babasol'),
(741, 732, '5594.00', '2013-12-27 13:53:36', 'P', 6, 'cash'),
(742, 733, '3413.50', '2013-12-27 14:03:55', 'P', 6, 'cash'),
(743, 734, '3275.50', '2013-12-27 17:40:21', 'P', 6, 'cash'),
(744, 735, '5144.50', '2013-12-27 17:49:33', 'P', 6, 'cash'),
(745, 736, '13181.60', '2013-12-27 17:58:42', 'V', 6, 'cash'),
(746, 737, '7159.50', '2013-12-27 18:07:05', 'P', 6, 'cash'),
(747, 738, '122.00', '2013-12-27 18:10:38', 'P', 6, 'cash'),
(748, 739, '7028.00', '2013-12-28 08:53:05', 'P', 6, 'Marangit'),
(749, 740, '4193.00', '2013-12-28 09:37:53', 'P', 6, 'cash'),
(750, 741, '8687.50', '2013-12-28 09:44:37', 'P', 6, 'cash'),
(751, 742, '2392.00', '2013-12-28 10:34:41', 'P', 6, 'cash'),
(752, 743, '2983.27', '2013-12-28 13:15:55', 'P', 6, 'cash'),
(753, 744, '3475.25', '2013-12-28 13:29:37', 'P', 6, 'cash'),
(754, 745, '7525.00', '2013-12-28 13:31:59', 'V', 6, 'Jandec Eng\\''ng.'),
(755, 746, '0.00', '2013-12-28 13:34:27', 'P', 6, 'Jandec Eng\\''ng.'),
(756, 747, '0.00', '2013-12-28 13:37:58', 'P', 6, 'Jandec Eng\\''ng.'),
(757, 748, '0.00', '2013-12-28 16:43:31', 'P', 6, 'HB'),
(758, 749, '2577.00', '2013-12-28 16:44:19', 'P', 6, 'cash'),
(759, 750, '1777.50', '2013-12-28 17:11:18', 'P', 6, 'cash'),
(760, 751, '1864.00', '2013-12-28 17:57:51', 'P', 6, 'cash'),
(761, 752, '6470.25', '2013-12-30 08:55:26', 'P', 2, 'Marangit'),
(762, 753, '2688.00', '2013-12-30 09:06:55', 'P', 2, 'cash'),
(763, 754, '3675.50', '2013-12-30 09:32:14', 'P', 2, 'cash'),
(764, 755, '0.00', '2013-12-30 09:57:30', 'P', 2, 'HB'),
(765, 756, '3044.50', '2013-12-30 10:02:19', 'P', 2, 'cash'),
(766, 757, '2892.00', '2013-12-30 10:28:25', 'P', 2, 'obasa'),
(767, 758, '2611.00', '2013-12-30 10:35:31', 'P', 2, 'cash'),
(768, 759, '1591.50', '2013-12-30 12:21:39', 'P', 2, 'cash'),
(769, 760, '4192.50', '2013-12-30 14:02:19', 'P', 2, 'cash'),
(770, 761, '0.00', '2013-12-30 14:45:34', 'P', 2, 'Mrs.Briones'),
(771, 762, '3391.50', '2013-12-30 15:09:39', 'P', 2, 'cash'),
(772, 763, '8207.00', '2013-12-30 15:45:47', 'P', 2, 'Leo Espadilla'),
(773, 764, '12429.00', '2013-12-30 15:56:29', 'P', 2, 'Leo Espadilla'),
(774, 765, '3948.25', '2013-12-30 16:34:43', 'P', 2, 'cash'),
(775, 766, '0.00', '2013-12-30 17:24:49', 'P', 2, 'Meme Patigdas'),
(776, 767, '0.00', '2013-12-30 17:29:06', 'P', 2, 'Janice Hortillano'),
(777, 768, '5413.25', '2013-12-31 09:39:10', 'P', 6, 'cash'),
(778, 769, '706.25', '2013-12-31 09:51:38', 'P', 6, 'cash'),
(779, 770, '0.00', '2013-12-31 09:51:59', 'P', 6, 'HB'),
(780, 771, '2729.00', '2013-12-31 10:50:36', 'P', 6, 'cash'),
(781, 772, '0.00', '2013-12-31 11:42:38', 'P', 6, 'Mrs. Abrio'),
(782, 773, '1172.25', '2013-12-31 11:43:30', 'P', 6, 'cash'),
(783, 774, '2951.50', '2013-12-31 11:49:27', 'P', 6, 'cash'),
(784, 775, '599.00', '2013-12-31 12:38:46', 'P', 6, 'cash'),
(785, 776, '2200.00', '2014-01-02 08:03:48', 'P', 2, 'Cash'),
(786, 777, '1075.00', '2014-01-02 08:49:03', 'P', 2, 'Mr Go'),
(787, 778, '206.00', '2014-01-02 08:50:44', 'P', 2, 'c'),
(788, 779, '700.00', '2014-01-02 08:53:24', 'P', 2, 'Cash'),
(789, 780, '2000.00', '2014-01-02 08:59:07', 'P', 2, 'Cash'),
(790, 781, '10200.00', '2014-01-02 09:07:26', 'P', 2, 'Marangit'),
(791, 782, '3700.00', '2014-01-02 09:30:03', 'P', 2, 'Cash'),
(792, 783, '3000.00', '2014-01-02 09:31:39', 'P', 2, 'Dodong'),
(793, 784, '5000.00', '2014-01-02 10:36:20', 'P', 2, 'Kapt. Ello'),
(794, 785, '1000.00', '2014-01-02 10:39:17', 'P', 2, 'Go'),
(795, 786, '600.00', '2014-01-02 10:41:30', 'P', 2, 'Begy. Imelda'),
(796, 787, '0.00', '2014-01-02 10:46:36', 'P', 2, 'Janice Hortillano'),
(797, 788, '4000.00', '2014-01-02 10:49:15', 'P', 2, 'Melchor Lood'),
(798, 789, '500.00', '2014-01-02 10:50:48', 'P', 2, 'C'),
(799, 790, '0.00', '2014-01-02 11:20:46', 'P', 2, 'Hollowbockan'),
(800, 791, '4000.00', '2014-01-02 15:26:17', 'P', 2, 'Arididon'),
(801, 792, '1704.00', '2014-01-02 15:37:01', 'P', 2, 'cash'),
(802, 793, '767.00', '2014-01-02 15:44:04', 'P', 2, 'c'),
(803, 794, '519.00', '2014-01-02 17:59:59', 'P', 2, 'c'),
(804, 795, '38.00', '2014-01-02 18:02:45', 'P', 2, 'c'),
(805, 796, '2000.00', '2014-01-03 08:43:56', 'P', 3, 'c'),
(806, 797, '780.00', '2014-01-03 08:47:25', 'P', 3, 'c'),
(807, 798, '700.00', '2014-01-03 08:48:31', 'P', 3, 'c'),
(808, 799, '328.50', '2014-01-03 09:52:41', 'P', 3, 'c'),
(809, 800, '53.00', '2014-01-03 10:02:28', 'P', 3, 'c'),
(810, 801, '1000.00', '2014-01-03 10:49:57', 'P', 3, 'c'),
(811, 802, '500.00', '2014-01-03 10:50:43', 'P', 3, 'c'),
(812, 803, '1100.00', '2014-01-03 11:00:52', 'P', 3, 'Bembem'),
(813, 804, '700.00', '2014-01-03 11:36:47', 'P', 3, 'c'),
(814, 805, '208.00', '2014-01-03 11:38:25', 'P', 3, 'c'),
(815, 806, '676.00', '2014-01-03 11:43:52', 'P', 3, 'c'),
(816, 807, '1402.00', '2014-01-03 11:45:19', 'P', 3, 'c'),
(817, 808, '256.00', '2014-01-03 11:46:10', 'P', 3, 'c'),
(818, 809, '1023.50', '2014-01-03 11:54:02', 'P', 3, 'c'),
(819, 810, '99.00', '2014-01-03 11:54:45', 'P', 3, 'c'),
(820, 811, '51.00', '2014-01-03 12:08:09', 'P', 3, 'c'),
(821, 812, '0.00', '2014-01-03 12:39:20', 'P', NULL, 'Bugo'),
(822, 813, '0.00', '2014-01-03 12:43:23', 'P', 2, 'Bugo');
INSERT INTO `orders` (`o_id`, `o_order_number`, `o_amount_tendered`, `o_date`, `o_status`, `o_attended_by`, `o_delivered_to`) VALUES
(823, 814, '6658.00', '2014-01-03 13:16:02', 'P', 2, 'Lomonggo'),
(824, 815, '0.00', '2014-01-03 13:24:33', 'P', 3, 'bugo'),
(825, 816, '6942.00', '2014-01-03 13:27:56', 'P', 2, 'Lomonggo'),
(826, 817, '0.00', '2014-01-03 13:28:01', 'P', 3, 'Level square'),
(827, 818, '12825.00', '2014-01-03 14:18:27', 'P', 2, 'cash'),
(828, 819, '0.00', '2014-01-03 15:09:14', 'P', 2, 'Tri-Ohms'),
(829, 820, '340.00', '2014-01-03 17:03:11', 'P', 2, 'cash'),
(830, 821, '288.00', '2014-01-03 17:20:21', 'P', 3, 'c'),
(831, 822, '0.00', '2014-01-03 17:26:52', 'P', 3, 'Saluaga, Roque'),
(832, 823, '0.00', '2014-01-03 17:30:50', 'P', 3, 'Jeje Demata'),
(833, 824, '2103.00', '2014-01-03 17:57:48', 'P', 2, 'cash'),
(834, 825, '0.00', '2014-01-03 17:59:49', 'P', 2, 'Ladao'),
(835, 826, '101.50', '2014-01-03 18:03:19', 'P', 3, 'c'),
(836, 827, '0.00', '2014-01-04 07:58:25', 'P', 2, 'HB'),
(837, 828, '600.00', '2014-01-04 08:28:51', 'P', 2, 'C'),
(838, 829, '1500.00', '2014-01-04 08:29:47', 'P', 2, 'C'),
(839, 830, '500.00', '2014-01-04 08:30:55', 'P', 2, 'C'),
(840, 831, '78.00', '2014-01-04 08:31:49', 'P', 2, 'C'),
(841, 832, '0.00', '2014-01-04 08:33:39', 'P', 2, 'Gemma Gonzales'),
(842, 833, '0.00', '2014-01-04 08:34:41', 'P', 2, 'Joel Bag-ao'),
(843, 834, '1000.00', '2014-01-04 08:36:36', 'P', 2, 'Allan'),
(844, 835, '500.00', '2014-01-04 08:55:16', 'P', 2, 'C'),
(845, 836, '164.00', '2014-01-04 09:09:05', 'P', 2, 'C'),
(846, 837, '640.00', '2014-01-04 10:13:25', 'P', 2, 'C'),
(847, 838, '1483.00', '2014-01-04 11:20:52', 'P', 2, 'c'),
(848, 839, '193.00', '2014-01-04 11:23:20', 'P', 2, 'c'),
(849, 840, '1000.00', '2014-01-04 11:26:15', 'P', 2, 'c'),
(850, 841, '42.00', '2014-01-04 11:29:07', 'P', 2, 'C'),
(851, 842, '42.00', '2014-01-04 11:30:01', 'P', 2, 'C'),
(852, 843, '0.00', '2014-01-04 12:53:01', 'P', 2, 'Bugo'),
(853, 844, '0.00', '2014-01-04 12:54:49', 'P', 2, 'Caabay'),
(854, 845, '1000.00', '2014-01-04 13:16:15', 'P', 2, 'cash'),
(855, 846, '0.00', '2014-01-04 13:19:13', 'P', 2, 'Tri-Ohms'),
(856, 847, '331.00', '2014-01-04 13:27:46', 'P', 2, 'cash'),
(857, 848, '1310.00', '2014-01-04 13:50:28', 'P', 2, 'cash'),
(858, 849, '1253.00', '2014-01-04 15:05:21', 'P', 2, 'cash'),
(859, 850, '2520.00', '2014-01-04 15:08:16', 'P', 2, 'Cahalin'),
(860, 851, '3025.50', '2014-01-04 17:45:08', 'P', 2, 'cash'),
(861, 852, '3685.50', '2014-01-04 17:57:51', 'P', 2, 'cash'),
(862, 853, '4025.00', '2014-01-04 18:09:29', 'P', 2, 'Marangit'),
(863, 854, '0.00', '2014-01-06 08:46:27', 'P', 2, 'HB'),
(864, 855, '2414.00', '2014-01-06 11:41:28', 'P', 2, 'cash'),
(865, 856, '3142.50', '2014-01-06 12:06:34', 'P', 2, 'cash'),
(866, 857, '1669.00', '2014-01-06 12:40:32', 'P', 2, 'cash'),
(867, 858, '4532.75', '2014-01-06 13:31:37', 'P', 2, 'cash'),
(868, 859, '3234.25', '2014-01-06 13:44:50', 'P', 2, 'Calunsag'),
(869, 860, '2983.50', '2014-01-06 14:17:11', 'P', 2, 'cash'),
(870, 861, '2575.50', '2014-01-06 14:24:17', 'P', 2, 'cash'),
(871, 862, '14005.00', '2014-01-06 14:39:32', 'P', 2, 'Valledor'),
(872, 863, '3768.00', '2014-01-06 14:47:14', 'P', 2, 'Kag.Nabong'),
(873, 864, '0.00', '2014-01-06 16:30:46', 'P', 2, 'Zayas,Feliza'),
(874, 865, '0.00', '2014-01-06 16:36:57', 'P', 2, 'BUGO'),
(875, 866, '1557.00', '2014-01-06 16:45:39', 'P', 2, 'cash'),
(876, 867, '9220.00', '2014-01-06 17:20:50', 'P', 2, 'cash'),
(877, 868, '2291.00', '2014-01-06 17:50:17', 'P', 2, 'cash'),
(878, 869, '3000.00', '2014-01-07 09:44:10', 'P', 3, 'Banaag'),
(879, 870, '1460.00', '2014-01-07 10:42:40', 'P', 2, 'Dinogyao'),
(880, 871, '3309.50', '2014-01-07 10:49:03', 'P', 2, 'c'),
(881, 872, '201.00', '2014-01-07 10:55:49', 'P', 2, 'c'),
(882, 873, '455.00', '2014-01-07 10:58:04', 'P', 2, 'c'),
(883, 874, '0.00', '2014-01-07 11:08:13', 'P', 2, 'Janice Hortillano'),
(884, 875, '0.00', '2014-01-07 11:08:57', 'P', 2, 'Tri-Ohms'),
(885, 876, '593.00', '2014-01-07 11:12:19', 'P', 2, 'C'),
(886, 877, '234.50', '2014-01-07 11:15:45', 'P', 2, 'C'),
(887, 878, '4515.00', '2014-01-07 11:25:42', 'P', 2, 'Al'),
(888, 879, '85.50', '2014-01-07 11:27:35', 'P', 2, 'c'),
(889, 880, '280.00', '2014-01-07 11:29:23', 'P', 2, 'c'),
(890, 881, '1000.00', '2014-01-07 11:46:52', 'P', 2, 'c'),
(891, 882, '2500.00', '2014-01-07 11:59:41', 'P', 2, 'Ybanez'),
(892, 883, '851.00', '2014-01-07 12:02:01', 'P', 2, 'c'),
(893, 884, '1681.00', '2014-01-07 12:05:08', 'P', 2, 'Gales'),
(894, 885, '1500.00', '2014-01-07 12:11:36', 'P', 2, 'Quino'),
(895, 886, '500.00', '2014-01-07 13:47:43', 'P', 2, 'c'),
(896, 887, '2000.00', '2014-01-07 13:48:27', 'P', 2, 'Andalajao'),
(897, 888, '590.50', '2014-01-07 13:51:31', 'P', 2, 'c'),
(898, 889, '4444.00', '2014-01-07 16:09:41', 'P', 2, 'Janao'),
(899, 890, '1820.00', '2014-01-07 16:18:09', 'P', 2, 'C'),
(900, 891, '2702.25', '2014-01-07 17:13:02', 'P', 2, 'C'),
(901, 892, '2553.00', '2014-01-07 17:55:43', 'P', 2, 'C'),
(902, 893, '2426.50', '2014-01-07 18:02:53', 'P', 2, 'C'),
(903, 894, '0.00', '2014-01-07 18:05:03', 'P', 2, 'Ladao'),
(904, 895, '875.00', '2014-01-08 08:50:38', 'P', 2, 'Cq'),
(905, 896, '3628.00', '2014-01-08 09:39:21', 'P', 2, 'cash'),
(906, 897, '0.00', '2014-01-08 10:15:13', 'P', 2, 'HB'),
(907, 898, '0.00', '2014-01-08 10:23:36', 'P', 2, 'BUGO'),
(908, 899, '2138.00', '2014-01-08 10:51:13', 'P', 2, 'Alcantara'),
(909, 900, '6368.00', '2014-01-08 10:58:23', 'P', 2, 'Cabanday'),
(910, 901, '3872.00', '2014-01-08 11:25:36', 'P', 2, 'Florindo'),
(911, 902, '5344.00', '2014-01-08 11:37:13', 'P', 2, 'cash'),
(912, 903, '1221.00', '2014-01-08 11:50:48', 'P', 2, 'cash'),
(913, 904, '0.00', '2014-01-08 11:55:46', 'P', 2, 'Tri-Ohms'),
(914, 905, '797.50', '2014-01-08 14:39:59', 'P', 2, 'cash'),
(915, 906, '0.00', '2014-01-08 15:04:15', 'P', 2, 'bugo'),
(916, 907, '0.00', '2014-01-08 15:50:08', 'P', 2, 'Cabillo'),
(917, 908, '2039.00', '2014-01-08 16:57:21', 'P', 2, 'cash'),
(918, 909, '0.00', '2014-01-08 17:45:41', 'P', 2, 'Mr.Go'),
(919, 910, '5371.00', '2014-01-08 17:51:01', 'P', 2, 'cash'),
(920, 911, '1459.75', '2014-01-09 09:00:39', 'P', 2, 'cash'),
(921, 912, '1581.00', '2014-01-09 09:21:49', 'P', 2, 'cash'),
(922, 913, '565.00', '2014-01-09 09:59:02', 'P', 2, 'cash'),
(923, 914, '0.00', '2014-01-09 10:03:26', 'P', 2, 'BUGO'),
(924, 915, '1342.50', '2014-01-09 12:14:27', 'P', 2, 'cash'),
(925, 916, '1155.50', '2014-01-09 13:37:52', 'P', 2, 'cash'),
(926, 917, '4590.00', '2014-01-09 13:43:34', 'P', 2, 'Ybaez'),
(927, 918, '0.00', '2014-01-09 13:45:37', 'P', 2, 'Tri-Ohms'),
(928, 919, '2181.00', '2014-01-09 18:20:10', 'P', 7, 'cash'),
(929, 920, '1636.00', '2014-01-09 18:21:52', 'P', 7, 'cash'),
(930, 921, '1904.00', '2014-01-09 18:25:24', 'P', 7, 'cash'),
(931, 922, '1500.00', '2014-01-09 18:26:15', 'P', 7, 'Janao'),
(932, 923, '2625.25', '2014-01-10 09:00:58', 'P', 7, 'cash'),
(933, 924, '2578.00', '2014-01-10 09:12:08', 'P', 7, 'cash'),
(934, 925, '3319.00', '2014-01-10 11:08:03', 'P', 7, 'cash'),
(935, 926, '4315.00', '2014-01-10 11:52:48', 'P', 7, 'Valcueba'),
(936, 927, '435.50', '2014-01-10 12:21:10', 'P', 7, 'cash'),
(937, 928, '875.50', '2014-01-10 15:16:03', 'P', NULL, 'cash'),
(938, 929, '1940.50', '2014-01-10 17:32:53', 'P', 7, 'cash'),
(939, 930, '1300.00', '2014-01-10 17:33:21', 'P', 7, 'Carlson'),
(940, 931, '71.60', '2014-01-11 10:39:40', 'P', 2, 'c'),
(941, 932, '700.00', '2014-01-11 10:40:15', 'P', 2, 'c'),
(942, 933, '1500.00', '2014-01-11 11:01:43', 'P', 2, 'c'),
(943, 934, '0.00', '2014-01-11 11:06:19', 'P', 2, 'Albert Lomonggo'),
(944, 935, '1000.00', '2014-01-11 11:07:51', 'P', 2, 'C'),
(945, 936, '408.00', '2014-01-11 11:10:02', 'P', 2, 'C'),
(946, 937, '200.00', '2014-01-11 11:11:12', 'P', 2, 'C'),
(947, 938, '1000.00', '2014-01-11 11:15:20', 'P', 2, 'Gonzales'),
(948, 939, '712.00', '2014-01-11 11:29:41', 'P', 2, 'C'),
(949, 940, '1000.00', '2014-01-11 11:37:55', 'P', 2, 'janao'),
(950, 941, '461.00', '2014-01-11 11:49:23', 'P', 2, 'C'),
(951, 942, '18000.00', '2014-01-11 11:57:48', 'P', 2, 'Absin'),
(952, 943, '1486.50', '2014-01-11 13:25:22', 'P', 7, 'Alcantara'),
(953, 944, '909.00', '2014-01-11 14:37:18', 'P', 3, 'cash'),
(954, 945, '0.00', '2014-01-11 15:14:11', 'P', 3, 'BUGO'),
(955, 946, '834.50', '2014-01-11 15:16:01', 'P', 3, 'cash'),
(956, 947, '2334.00', '2014-01-11 15:38:41', 'P', 3, 'cash'),
(957, 948, '1064.75', '2014-01-11 16:31:42', 'P', 3, 'cash'),
(958, 949, '310.00', '2014-01-11 17:56:51', 'P', 3, 'cash'),
(959, 950, '0.00', '2014-01-11 17:58:58', 'P', 3, 'Sabas'),
(960, 951, '0.00', '2014-01-13 09:46:30', 'P', 3, 'Brgy. Looc'),
(961, 952, '1000.00', '2014-01-13 10:17:48', 'P', 3, 'C'),
(962, 953, '1069.50', '2014-01-13 10:42:14', 'P', 3, 'C'),
(963, 954, '1023.00', '2014-01-13 10:49:36', 'P', 3, 'C'),
(964, 955, '658.00', '2014-01-13 10:52:52', 'P', 3, 'C'),
(965, 956, '1209.00', '2014-01-13 10:54:27', 'P', 3, 'C'),
(966, 957, '207.00', '2014-01-13 10:56:06', 'P', 3, 'C'),
(967, 958, '337.00', '2014-01-13 11:06:48', 'P', 3, 'C'),
(968, 959, '3000.00', '2014-01-13 14:01:09', 'P', 2, 'Bade'),
(969, 960, '1184.00', '2014-01-13 14:05:43', 'P', 2, 'C'),
(970, 961, '7000.00', '2014-01-13 14:19:42', 'P', 2, 'Polly Tacbobo'),
(971, 962, '500.00', '2014-01-13 14:26:24', 'P', 2, 'C'),
(972, 963, '76.00', '2014-01-13 14:36:29', 'P', 2, 'C'),
(973, 964, '412.50', '2014-01-13 14:49:56', 'P', 2, 'C'),
(974, 965, '2045.00', '2014-01-13 16:02:29', 'P', 2, 'C'),
(975, 966, '2000.00', '2014-01-13 16:17:29', 'P', 2, 'C'),
(976, 967, '1000.00', '2014-01-13 16:19:28', 'P', 2, 'C'),
(977, 968, '0.00', '2014-01-13 16:21:10', 'P', 2, 'Jimmy dayday'),
(978, 969, '4000.00', '2014-01-13 17:51:36', 'P', 2, 'Bautista'),
(979, 970, '1190.50', '2014-01-13 17:53:48', 'P', 2, 'C'),
(980, 971, '6250.00', '2014-01-13 17:57:40', 'P', 2, 'Tanny'),
(981, 972, '4300.00', '2014-01-13 18:08:41', 'P', 2, 'Terso, Abcede'),
(982, 973, '420.00', '2014-01-14 08:20:51', 'P', 7, 'cash'),
(983, 974, '3000.00', '2014-01-14 09:19:21', 'P', 7, 'Dodo Bade'),
(984, 975, '1404.00', '2014-01-14 10:51:36', 'P', 7, 'cash'),
(985, 976, '1400.50', '2014-01-14 11:39:24', 'P', 7, 'cash'),
(986, 977, '362.00', '2014-01-14 12:54:32', 'P', 7, 'cash'),
(987, 978, '0.00', '2014-01-14 13:13:28', 'P', 7, 'Julie Tapolgo'),
(988, 979, '2000.00', '2014-01-14 13:15:59', 'P', 7, 'cash'),
(989, 980, '538.00', '2014-01-14 14:47:20', 'P', 7, 'cash'),
(990, 981, '427.50', '2014-01-14 15:35:30', 'P', 7, 'cash'),
(991, 982, '1330.00', '2014-01-14 16:49:55', 'P', 2, 'cash'),
(992, 983, '0.00', '2014-01-14 17:48:38', 'P', 7, 'Col. Agodo'),
(993, 984, '2000.00', '2014-01-15 08:40:03', 'P', 7, 'Dodo Bade'),
(994, 985, '691.00', '2014-01-15 08:41:36', 'P', 7, 'cash'),
(995, 986, '500.00', '2014-01-15 08:54:59', 'P', 7, 'Corr Tech.'),
(996, 987, '228.00', '2014-01-15 09:57:45', 'P', 2, 'cash'),
(997, 988, '520.00', '2014-01-15 10:49:35', 'P', 2, 'cash'),
(998, 989, '0.00', '2014-01-15 11:08:26', 'P', 7, 'BUGO'),
(999, 990, '0.00', '2014-01-15 11:56:06', 'P', 7, 'HB'),
(1000, 991, '11390.00', '2014-01-15 12:07:27', 'P', 2, 'Ladao'),
(1001, 992, '0.00', '2014-01-15 12:24:12', 'P', 7, 'HB on 01/13/14 - Monday'),
(1002, 993, '338.00', '2014-01-15 12:28:57', 'P', 7, 'cash'),
(1003, 994, '1500.00', '2014-01-15 13:37:59', 'P', 7, 'Mike'),
(1004, 995, '1655.75', '2014-01-15 15:02:00', 'P', 2, 'cash'),
(1005, 996, '576.00', '2014-01-15 17:11:02', 'P', 7, 'cash'),
(1006, 997, '70.00', '2014-01-15 18:11:42', 'P', 2, 'cash'),
(1007, 998, '500.00', '2014-01-15 18:34:25', 'P', 7, 'cash'),
(1008, 999, '109.00', '2014-01-15 19:12:53', 'P', 2, 'cash'),
(1009, 1000, '3365.25', '2014-01-16 09:56:48', 'P', 2, 'cash'),
(1010, 1001, '1236.00', '2014-01-16 10:26:42', 'P', 7, 'cash'),
(1011, 1002, '2145.50', '2014-01-16 10:35:30', 'P', 7, 'cash'),
(1012, 1003, '1500.00', '2014-01-16 10:58:19', 'P', 7, 'Andales'),
(1013, 1004, '3682.00', '2014-01-16 11:14:19', 'P', 7, 'Joel Valledor'),
(1014, 1005, '3547.00', '2014-01-16 11:36:56', 'P', 7, 'Paduganan Store'),
(1015, 1006, '1602.00', '2014-01-16 11:57:42', 'P', 7, 'cash'),
(1016, 1007, '1901.00', '2014-01-16 13:38:00', 'P', 2, 'cash'),
(1017, 1008, '2147.00', '2014-01-16 13:52:52', 'P', 2, 'susan'),
(1018, 1009, '2338.00', '2014-01-16 14:00:17', 'P', 2, 'cash'),
(1019, 1010, '2452.00', '2014-01-16 14:29:25', 'P', 7, 'Dagasuhan'),
(1020, 1011, '7418.00', '2014-01-16 18:04:15', 'P', 7, 'cash'),
(1021, 1012, '1250.00', '2014-01-16 18:06:37', 'P', 7, 'Andales'),
(1022, 1013, '0.00', '2014-01-17 08:38:33', 'P', 7, 'Mrs. Gales'),
(1023, 1014, '1538.75', '2014-01-17 08:53:22', 'P', 7, 'cash'),
(1024, 1015, '777.00', '2014-01-17 09:01:00', 'P', 7, 'cash'),
(1025, 1016, '1128.25', '2014-01-17 12:23:59', 'P', 7, 'cash'),
(1026, 1017, '3654.00', '2014-01-17 12:31:33', 'P', 7, 'cash'),
(1027, 1018, '947.00', '2014-01-17 12:36:48', 'P', 7, 'Cabanigan'),
(1028, 1019, '1259.50', '2014-01-17 13:19:17', 'P', 7, 'cash'),
(1029, 1020, '667.50', '2014-01-17 13:22:16', 'P', 7, 'cash'),
(1030, 1021, '931.00', '2014-01-17 13:23:53', 'P', 7, 'Dodo Bade');

-- --------------------------------------------------------

--
-- Table structure for table `order_details`
--

CREATE TABLE IF NOT EXISTS `order_details` (
  `od_id` int(11) NOT NULL AUTO_INCREMENT,
  `od_selling_price` decimal(15,2) DEFAULT NULL,
  `od_purchase_price` decimal(15,2) DEFAULT NULL,
  `od_discount` decimal(15,2) DEFAULT NULL,
  `od_qty` decimal(15,2) DEFAULT NULL,
  `od_vat` tinyint(1) DEFAULT NULL,
  `i_id` int(11) DEFAULT NULL,
  `o_id` int(11) DEFAULT NULL,
  PRIMARY KEY (`od_id`)
) ENGINE=InnoDB  DEFAULT CHARSET=latin1 AUTO_INCREMENT=5703 ;

--
-- Dumping data for table `order_details`
--

INSERT INTO `order_details` (`od_id`, `od_selling_price`, `od_purchase_price`, `od_discount`, `od_qty`, `od_vat`, `i_id`, `o_id`) VALUES
(14, '45.00', '33.00', '0.00', '1.00', 1, 1339, 10),
(15, '105.00', '90.00', '0.00', '1.00', 1, 1255, 10),
(16, '45.00', '33.00', '0.00', '1.00', 1, 1339, 11),
(17, '105.00', '90.00', '0.00', '1.00', 1, 1255, 11),
(18, '7.00', '5.00', '0.00', '100.00', 0, 1080, 12),
(19, '12.00', '6.00', '0.00', '100.00', 0, 1110, 12),
(20, '50.00', '31.00', '0.00', '2.00', 0, 928, 12),
(21, '216.00', '210.00', '0.00', '1.00', 0, 100, 13),
(22, '216.00', '210.00', '0.00', '1.00', 0, 100, 14),
(23, '16.00', '12.00', '0.00', '1.00', 0, 1294, 15),
(24, '13.00', '8.00', '3.00', '1.00', 0, 334, 15),
(25, '95.00', '71.25', '0.00', '1.00', 0, 1119, 16),
(26, '13.00', '8.00', '3.00', '1.00', 0, 334, 16),
(27, '154.00', '144.00', '0.00', '1.00', 0, 85, 17),
(28, '47.00', '40.00', '0.00', '1.00', 0, 256, 17),
(29, '75.00', '60.00', '0.00', '0.25', 0, 115, 17),
(30, '67.50', '52.00', '4.50', '2.00', 0, 972, 18),
(31, '62.50', '47.50', '0.00', '12.00', 0, 1354, 19),
(32, '83.00', '63.50', '0.00', '3.00', 0, 1353, 19),
(33, '154.00', '144.00', '0.00', '10.00', 0, 85, 19),
(34, '218.00', '210.00', '0.00', '4.00', 0, 107, 19),
(35, '120.00', '109.00', '0.00', '1.00', 0, 122, 19),
(36, '53.00', '39.00', '0.00', '1.00', 0, 113, 19),
(37, '56.00', '40.00', '0.00', '1.00', 0, 112, 19),
(38, '68.00', '60.00', '0.00', '1.00', 0, 1355, 19),
(39, '51.00', '35.00', '0.00', '0.50', 0, 108, 20),
(40, '54.00', '44.00', '0.00', '0.25', 0, 111, 20),
(41, '125.00', '95.00', '0.00', '1.00', 0, 1360, 20),
(42, '62.50', '47.50', '0.00', '1.00', 0, 1354, 20),
(43, '254.00', '235.00', '2.00', '4.00', 0, 89, 21),
(44, '105.00', '81.25', '0.00', '0.25', 0, 114, 21),
(45, '21.00', '15.50', '0.00', '1.00', 0, 558, 21),
(46, '62.50', '47.50', '0.00', '4.00', 0, 1354, 22),
(47, '7.00', '5.00', '0.00', '300.00', 0, 1080, 23),
(48, '89.00', '79.00', '0.00', '20.00', 0, 739, 23),
(49, '216.00', '210.00', '0.00', '15.00', 0, 100, 23),
(50, '68.00', '60.00', '0.00', '1.00', 0, 1355, 23),
(51, '48.00', '38.00', '0.00', '8.00', 1, 125, 23),
(52, '7.00', '5.00', '0.00', '130.00', 0, 1080, 24),
(53, '218.00', '210.00', '1.00', '4.00', 0, 107, 24),
(54, '127.00', '120.00', '0.00', '5.00', 1, 1249, 24),
(55, '48.00', '38.00', '3.00', '2.00', 1, 125, 24),
(56, '68.00', '60.00', '0.00', '0.50', 0, 1355, 24),
(57, '232.00', '216.00', '2.00', '3.00', 0, 87, 24),
(58, '195.00', '180.00', '0.00', '1.00', 0, 86, 24),
(59, '62.50', '47.50', '0.00', '5.00', 0, 1354, 24),
(60, '41.60', '31.60', '0.00', '3.00', 0, 1359, 24),
(61, '51.00', '35.00', '0.00', '1.00', 0, 108, 24),
(62, '75.00', '60.00', '0.00', '0.50', 0, 116, 24),
(63, '120.00', '100.00', '4.00', '1.00', 0, 704, 25),
(64, '170.00', '135.00', '0.00', '3.00', 0, 1363, 26),
(65, '76.00', '50.00', '1.00', '2.00', 1, 1364, 26),
(66, '240.00', '224.00', '5.00', '7.00', 0, 78, 27),
(67, '120.00', '100.00', '0.00', '1.00', 0, 1365, 27),
(68, '717.00', '367.00', '92.00', '2.00', 0, 1116, 27),
(69, '56.00', '40.00', '0.00', '1.00', 0, 112, 27),
(70, '218.00', '210.00', '0.00', '3.00', 0, 107, 28),
(71, '135.00', '100.00', '0.00', '1.00', 1, 1375, 29),
(72, '133.30', '101.30', '3.30', '3.00', 0, 1371, 30),
(73, '66.00', '51.00', '2.00', '3.00', 0, 1351, 30),
(74, '83.00', '63.50', '3.00', '4.00', 0, 1353, 30),
(75, '75.00', '65.00', '3.00', '6.00', 0, 1373, 30),
(76, '50.00', '40.00', '2.00', '12.00', 0, 1374, 30),
(77, '33.00', '30.00', '1.00', '14.00', 0, 1201, 30),
(78, '120.00', '100.00', '0.00', '1.00', 0, 255, 31),
(79, '18.00', '13.00', '0.00', '11.00', 0, 419, 32),
(80, '10.50', '6.58', '0.50', '12.00', 0, 551, 32),
(81, '105.00', '69.00', '5.00', '0.25', 0, 121, 32),
(82, '154.00', '144.00', '0.00', '8.00', 0, 85, 33),
(83, '155.00', '144.00', '0.00', '1.00', 0, 103, 33),
(84, '120.00', '100.00', '0.00', '1.00', 0, 1365, 33),
(85, '218.00', '210.00', '0.00', '10.00', 0, 107, 34),
(86, '127.00', '120.00', '0.00', '10.00', 1, 1249, 34),
(87, '48.00', '38.00', '0.00', '10.00', 1, 125, 34),
(88, '165.00', '145.00', '0.00', '2.00', 0, 1276, 35),
(89, '60.00', '50.00', '0.00', '1.00', 0, 579, 36),
(90, '51.00', '42.00', '0.00', '0.25', 0, 110, 36),
(91, '355.00', '320.00', '5.00', '3.00', 0, 98, 37),
(92, '180.00', '160.00', '0.00', '1.00', 0, 88, 37),
(93, '105.00', '81.25', '0.00', '0.25', 0, 114, 37),
(94, '232.00', '216.00', '2.00', '10.00', 0, 87, 38),
(95, '155.00', '144.00', '0.00', '1.00', 0, 103, 38),
(96, '75.00', '60.00', '0.00', '1.50', 0, 116, 38),
(97, '51.00', '35.00', '0.00', '2.00', 0, 108, 38),
(98, '56.00', '40.00', '7.00', '1.00', 0, 112, 38),
(99, '53.00', '39.00', '0.00', '1.00', 0, 113, 38),
(100, '260.00', '200.00', '0.00', '1.00', 0, 1387, 39),
(101, '180.00', '170.00', '0.00', '1.00', 0, 444, 39),
(102, '14.00', '9.00', '0.00', '1.00', 0, 325, 39),
(103, '165.00', '142.00', '5.00', '1.00', 0, 1225, 40),
(104, '120.00', '109.00', '0.00', '2.00', 0, 122, 41),
(105, '65.00', '42.75', '0.00', '3.50', 0, 953, 42),
(106, '950.00', '920.00', '10.00', '9.00', 0, 95, 43),
(107, '56.00', '40.00', '0.00', '3.00', 0, 112, 43),
(108, '49.00', '39.00', '0.00', '0.25', 0, 109, 44),
(109, '53.00', '39.00', '0.00', '0.25', 0, 113, 44),
(110, '100.00', '60.00', '0.00', '1.00', 0, 326, 45),
(111, '14.00', '9.00', '0.00', '1.00', 0, 325, 45),
(112, '16.00', '15.00', '0.00', '1.00', 0, 430, 45),
(113, '12.00', '7.00', '0.00', '1.00', 0, 521, 45),
(114, '12.00', '8.00', '2.00', '2.00', 0, 635, 46),
(115, '166.66', '126.66', '6.66', '6.00', 0, 1372, 47),
(116, '180.00', '160.00', '0.00', '3.00', 0, 88, 48),
(117, '100.00', '78.00', '5.00', '1.00', 0, 75, 49),
(118, '450.00', '400.00', '10.00', '1.00', 0, 222, 50),
(119, '47.00', '40.00', '0.00', '2.00', 0, 256, 51),
(120, '33.00', '30.00', '0.00', '15.00', 0, 1201, 52),
(121, '51.00', '42.00', '0.00', '1.00', 0, 110, 52),
(122, '56.00', '40.00', '7.00', '0.50', 0, 112, 52),
(123, '216.00', '210.00', '0.00', '8.00', 0, 100, 53),
(124, '180.00', '160.00', '0.00', '2.00', 0, 88, 54),
(125, '170.00', '135.00', '5.00', '2.00', 0, 1363, 54),
(126, '140.00', '130.00', '5.00', '2.00', 0, 1391, 54),
(127, '50.00', '38.00', '0.00', '20.00', 0, 1202, 55),
(128, '50.00', '38.00', '0.00', '20.00', 0, 1202, 56),
(129, '60.00', '38.00', '0.00', '1.00', 0, 1393, 57),
(130, '105.00', '81.25', '0.00', '0.25', 0, 114, 57),
(131, '160.00', '135.00', '5.00', '1.00', 0, 1392, 57),
(132, '155.00', '144.00', '0.00', '1.00', 0, 103, 57),
(133, '221.00', '210.00', '0.00', '12.00', 0, 107, 58),
(134, '900.00', '167.00', '0.00', '2.00', 0, 1115, 58),
(135, '14.00', '10.50', '0.00', '24.00', 0, 349, 58),
(136, '64.00', '43.20', '0.00', '1.00', 0, 290, 58),
(137, '56.00', '38.40', '0.00', '1.00', 0, 297, 58),
(138, '240.00', '200.00', '10.00', '1.00', 0, 722, 58),
(139, '14.00', '9.00', '0.00', '1.00', 0, 325, 58),
(140, '17.00', '11.17', '0.00', '6.00', 0, 1178, 59),
(141, '16.00', '12.00', '0.00', '1.00', 0, 1294, 59),
(142, '41.60', '31.60', '0.00', '6.00', 0, 1359, 60),
(143, '50.00', '40.00', '0.00', '8.00', 0, 1374, 60),
(144, '50.00', '38.00', '0.00', '4.00', 0, 1202, 60),
(145, '33.00', '30.00', '0.00', '2.00', 0, 1201, 60),
(146, '125.00', '93.75', '0.00', '1.00', 0, 759, 60),
(147, '218.00', '210.00', '0.00', '3.00', 0, 107, 61),
(148, '30.00', '20.00', '0.00', '1.00', 0, 1394, 62),
(149, '47.00', '40.00', '0.00', '1.00', 0, 256, 62),
(150, '20.00', '10.00', '0.00', '1.00', 0, 1395, 62),
(151, '67.00', '50.25', '0.00', '1.00', 0, 1155, 62),
(152, '8.00', '5.00', '0.00', '20.00', 1, 1403, 63),
(153, '24.00', '20.00', '0.00', '35.00', 1, 1402, 63),
(154, '33.00', '30.00', '0.00', '5.00', 0, 1201, 64),
(155, '41.60', '31.60', '0.00', '1.00', 0, 1359, 64),
(156, '75.00', '60.00', '0.00', '0.50', 0, 115, 64),
(157, '33.00', '30.00', '1.00', '11.00', 0, 1201, 65),
(158, '254.00', '235.00', '2.00', '3.00', 0, 89, 65),
(159, '790.00', '760.00', '5.00', '3.00', 0, 96, 65),
(160, '180.00', '160.00', '5.00', '1.00', 0, 88, 65),
(161, '54.00', '40.00', '0.00', '1.00', 0, 1404, 65),
(162, '54.00', '45.00', '0.00', '1.00', 0, 1405, 65),
(163, '54.00', '44.00', '0.00', '0.50', 0, 111, 65),
(164, '66.00', '51.00', '2.00', '1.00', 0, 1351, 65),
(165, '83.00', '63.50', '3.00', '1.00', 0, 1353, 65),
(166, '38.00', '30.00', '0.00', '3.00', 0, 892, 65),
(167, '216.00', '210.00', '0.00', '1.00', 0, 100, 66),
(168, '218.00', '210.00', '3.00', '12.00', 0, 107, 67),
(169, '195.00', '180.00', '0.00', '20.00', 0, 86, 68),
(170, '500.00', '167.00', '66.66', '3.00', 0, 1113, 68),
(171, '68.00', '60.00', '3.00', '1.00', 0, 1355, 68),
(172, '216.00', '210.00', '1.00', '7.00', 0, 100, 68),
(173, '89.00', '79.00', '2.00', '12.00', 0, 739, 68),
(174, '170.00', '135.00', '10.00', '3.00', 0, 1363, 68),
(175, '240.00', '200.00', '0.00', '5.00', 0, 1410, 69),
(176, '154.00', '144.00', '0.00', '5.00', 0, 85, 70),
(177, '50.00', '38.00', '0.00', '7.00', 0, 1202, 71),
(178, '66.00', '51.00', '0.00', '4.00', 0, 1351, 71),
(179, '53.00', '39.00', '0.00', '1.00', 0, 113, 71),
(180, '105.00', '69.00', '0.00', '1.00', 0, 121, 71),
(181, '49.00', '30.00', '0.00', '1.00', 0, 112, 71),
(182, '42.00', '32.00', '0.00', '10.00', 0, 1359, 71),
(183, '8.00', '3.00', '0.00', '5.00', 0, 1413, 72),
(184, '68.00', '60.00', '0.00', '1.00', 0, 1355, 72),
(185, '51.00', '42.00', '0.00', '0.50', 0, 110, 72),
(186, '154.00', '144.00', '0.00', '1.00', 0, 85, 72),
(187, '100.00', '78.00', '0.00', '1.00', 0, 312, 73),
(188, '40.00', '30.00', '0.00', '1.00', 0, 1414, 73),
(189, '33.00', '30.00', '0.00', '6.00', 0, 1201, 74),
(190, '51.00', '35.00', '0.00', '1.00', 0, 108, 74),
(191, '51.00', '42.00', '0.00', '1.00', 0, 110, 74),
(192, '8.00', '3.00', '0.00', '5.00', 0, 1413, 74),
(193, '75.00', '65.00', '0.00', '6.00', 0, 1373, 74),
(194, '62.50', '47.50', '0.00', '7.00', 0, 1354, 74),
(195, '72.00', '60.00', '0.00', '1.00', 0, 391, 74),
(196, '33.00', '30.00', '1.00', '5.00', 0, 1201, 75),
(197, '105.00', '69.00', '5.00', '0.25', 0, 121, 75),
(198, '282.00', '267.00', '2.00', '1.00', 0, 90, 75),
(199, '54.00', '44.00', '0.00', '0.25', 0, 111, 75),
(200, '49.00', '30.00', '0.00', '0.25', 0, 112, 75),
(201, '555.00', '515.00', '0.00', '1.00', 0, 179, 76),
(202, '70.00', '48.75', '0.00', '1.00', 0, 287, 76),
(203, '105.00', '90.00', '0.00', '1.00', 0, 434, 76),
(204, '34.00', '11.00', '0.00', '1.00', 0, 306, 76),
(205, '240.00', '224.00', '5.00', '8.00', 0, 78, 77),
(206, '75.00', '60.00', '0.00', '0.50', 0, 116, 77),
(207, '42.00', '32.00', '2.00', '4.00', 0, 1359, 78),
(208, '267.00', '252.00', '0.00', '2.00', 0, 106, 78),
(209, '300.00', '280.00', '0.00', '18.00', 0, 79, 78),
(210, '250.00', '200.00', '5.00', '1.00', 0, 254, 78),
(211, '75.00', '60.00', '0.00', '3.00', 0, 116, 78),
(212, '134.00', '106.87', '0.00', '1.00', 1, 1247, 79),
(213, '134.00', '101.00', '0.00', '1.00', 1, 1252, 79),
(214, '45.00', '30.00', '10.00', '10.00', 0, 754, 79),
(215, '15.00', '7.50', '0.00', '2.00', 0, 846, 79),
(216, '18.00', '13.00', '0.00', '3.00', 0, 419, 79),
(217, '166.66', '126.66', '6.66', '1.00', 0, 1372, 79),
(218, '310.00', '290.00', '0.00', '2.00', 0, 93, 79),
(219, '7.00', '5.00', '0.00', '50.00', 0, 1080, 79),
(220, '37.00', '25.00', '0.00', '1.00', 0, 162, 79),
(221, '60.00', '44.00', '0.00', '0.25', 0, 111, 79),
(222, '56.00', '39.00', '0.00', '0.50', 0, 109, 79),
(223, '68.00', '60.00', '0.00', '0.25', 0, 1355, 79),
(224, '224.00', '210.00', '0.00', '2.00', 1, 1420, 80),
(225, '13.00', '8.00', '0.00', '1.00', 0, 334, 80),
(226, '155.00', '144.00', '0.00', '1.00', 0, 103, 81),
(227, '123.50', '100.00', '0.00', '1.00', 0, 263, 82),
(228, '270.00', '202.50', '0.00', '1.00', 1, 1322, 82),
(229, '33.00', '30.00', '0.00', '1.00', 0, 1201, 82),
(230, '62.50', '47.50', '0.00', '1.00', 0, 1354, 82),
(231, '150.00', '130.00', '0.00', '3.00', 0, 1422, 82),
(232, '42.00', '32.00', '0.00', '4.00', 0, 1359, 82),
(233, '56.00', '30.00', '0.00', '0.50', 0, 112, 82),
(234, '58.00', '42.00', '0.00', '1.00', 0, 110, 82),
(235, '228.00', '220.00', '0.00', '4.00', 0, 1421, 82),
(236, '218.00', '210.00', '1.00', '2.00', 0, 107, 82),
(237, '130.00', '120.00', '3.00', '6.00', 0, 119, 82),
(238, '144.00', '132.00', '0.00', '0.25', 0, 1368, 83),
(239, '58.00', '42.00', '0.00', '0.25', 0, 110, 83),
(240, '228.00', '220.00', '0.00', '8.00', 0, 1421, 84),
(241, '123.50', '100.00', '0.00', '1.00', 0, 263, 85),
(242, '240.00', '180.00', '0.00', '1.00', 1, 1323, 85),
(243, '161.00', '136.00', '0.00', '2.00', 0, 46, 85),
(244, '37.00', '25.00', '0.00', '1.00', 0, 162, 85),
(245, '100.00', '97.00', '0.00', '2.00', 0, 148, 85),
(246, '10.00', '5.00', '0.00', '1.00', 0, 302, 85),
(247, '282.00', '267.00', '0.00', '1.00', 0, 90, 85),
(248, '58.00', '42.00', '0.00', '0.25', 0, 110, 85),
(249, '144.00', '132.00', '2.00', '1.00', 0, 1368, 85),
(250, '216.00', '210.00', '0.00', '2.00', 0, 100, 85),
(251, '170.00', '135.00', '0.00', '1.00', 0, 1363, 85),
(252, '230.00', '180.00', '5.00', '1.00', 0, 339, 86),
(253, '75.00', '70.00', '0.00', '1.00', 0, 1426, 86),
(254, '195.00', '165.00', '0.00', '1.00', 0, 231, 86),
(255, '676.00', '666.00', '0.00', '1.00', 0, 1430, 86),
(256, '170.00', '135.00', '0.00', '1.00', 0, 1363, 86),
(257, '197.00', '185.00', '0.00', '8.00', 1, 81, 87),
(258, '75.00', '60.00', '0.00', '1.00', 0, 116, 87),
(259, '56.00', '39.00', '0.00', '0.50', 0, 109, 87),
(260, '51.00', '35.00', '0.00', '0.50', 0, 108, 87),
(261, '177.00', '165.00', '0.00', '4.00', 0, 1369, 88),
(262, '144.00', '132.00', '0.00', '8.00', 0, 1368, 88),
(263, '50.00', '40.00', '0.00', '7.00', 0, 1374, 88),
(264, '93.75', '83.00', '0.00', '3.00', 0, 1432, 88),
(265, '53.00', '39.00', '0.00', '0.50', 0, 113, 88),
(266, '51.00', '35.00', '0.00', '1.00', 0, 108, 88),
(267, '197.00', '185.00', '0.00', '8.00', 1, 81, 89),
(268, '75.00', '60.00', '0.00', '1.00', 0, 115, 89),
(269, '56.00', '39.00', '0.00', '0.50', 0, 109, 89),
(270, '51.00', '35.00', '0.00', '0.50', 0, 108, 89),
(271, '26.00', '19.50', '0.00', '2.00', 0, 1130, 89),
(272, '23.00', '17.86', '0.00', '5.00', 0, 1177, 89),
(273, '100.00', '75.00', '0.00', '1.00', 0, 1098, 89),
(274, '11.00', '8.25', '0.00', '1.00', 0, 1297, 90),
(275, '20.00', '15.00', '0.00', '1.00', 0, 1142, 90),
(276, '76.00', '60.00', '0.00', '3.00', 0, 711, 90),
(277, '17.00', '11.17', '0.00', '5.00', 0, 1178, 90),
(278, '500.00', '470.00', '10.00', '1.00', 0, 1434, 91),
(279, '120.00', '100.00', '0.00', '1.00', 0, 466, 91),
(280, '125.00', '100.00', '0.00', '1.00', 0, 255, 92),
(281, '25.00', '42.00', '0.00', '1.00', 0, 316, 92),
(282, '18.00', '11.00', '0.00', '2.00', 0, 283, 92),
(283, '52.50', '42.50', '0.00', '4.00', 0, 320, 92),
(284, '83.00', '63.50', '0.00', '1.00', 0, 1353, 93),
(285, '100.00', '85.00', '0.00', '1.00', 1, 1417, 93),
(286, '89.00', '79.00', '0.00', '2.00', 0, 739, 94),
(287, '83.00', '63.50', '2.00', '4.00', 0, 1353, 95),
(288, '62.50', '47.50', '2.00', '4.00', 0, 1354, 95),
(289, '50.00', '40.00', '2.00', '10.00', 0, 1374, 95),
(290, '155.00', '135.00', '0.00', '2.00', 0, 202, 96),
(291, '161.00', '136.00', '1.00', '1.00', 0, 47, 96),
(292, '75.00', '65.00', '0.00', '3.00', 0, 1373, 97),
(293, '51.00', '35.00', '0.00', '1.00', 0, 108, 97),
(294, '450.00', '400.00', '0.00', '1.00', 0, 222, 97),
(295, '340.00', '290.00', '0.00', '1.00', 0, 225, 97),
(296, '450.00', '430.00', '0.00', '1.00', 0, 221, 97),
(297, '555.00', '515.00', '0.00', '1.00', 0, 179, 97),
(298, '8.00', '5.00', '0.00', '2.00', 1, 1403, 97),
(299, '33.00', '30.00', '0.00', '4.00', 0, 1201, 98),
(300, '42.00', '32.00', '0.00', '6.00', 0, 1359, 98),
(301, '154.00', '140.00', '0.00', '6.00', 1, 1418, 98),
(302, '53.00', '39.00', '0.00', '1.00', 0, 113, 98),
(303, '51.00', '35.00', '0.00', '0.25', 0, 108, 98),
(304, '75.00', '60.00', '0.00', '0.50', 0, 116, 98),
(305, '154.00', '144.00', '0.00', '4.00', 0, 85, 99),
(306, '66.00', '51.00', '2.00', '5.00', 0, 1351, 99),
(307, '83.00', '63.50', '3.00', '3.00', 0, 1353, 99),
(308, '100.00', '76.00', '4.00', '4.00', 0, 1352, 99),
(309, '47.00', '40.00', '0.00', '2.00', 0, 256, 99),
(310, '155.00', '144.00', '0.00', '1.00', 0, 103, 99),
(311, '58.00', '42.00', '0.00', '2.00', 0, 110, 99),
(312, '56.00', '30.00', '0.00', '2.00', 0, 112, 99),
(313, '53.00', '39.00', '0.00', '2.00', 0, 113, 99),
(314, '51.00', '35.00', '0.00', '2.00', 0, 108, 99),
(315, '815.00', '765.00', '5.00', '1.00', 0, 92, 99),
(316, '2.00', '1.00', '0.00', '6.00', 1, 1445, 100),
(317, '62.50', '47.50', '0.00', '1.00', 0, 1354, 100),
(318, '8.00', '5.00', '0.00', '8.00', 1, 1403, 100),
(319, '60.00', '44.00', '6.00', '0.25', 0, 111, 100),
(320, '48.00', '20.00', '0.00', '1.00', 0, 809, 100),
(321, '56.00', '39.00', '0.00', '0.50', 0, 109, 100),
(322, '58.00', '42.00', '0.00', '0.50', 0, 110, 100),
(323, '228.00', '220.00', '0.00', '1.00', 0, 1421, 101),
(324, '35.00', '20.00', '0.00', '1.00', 0, 1446, 101),
(325, '290.00', '270.00', '0.00', '1.00', 1, 1436, 101),
(326, '62.00', '50.00', '0.00', '1.00', 1, 1444, 101),
(327, '160.00', '135.00', '5.00', '7.00', 0, 1392, 101),
(328, '38.00', '23.75', '0.00', '1.00', 0, 957, 101),
(329, '47.00', '40.00', '0.00', '2.00', 0, 256, 101),
(330, '120.00', '118.00', '2.00', '15.00', 0, 117, 102),
(331, '130.00', '100.00', '3.00', '3.00', 0, 748, 102),
(332, '165.00', '145.00', '10.00', '1.00', 0, 1276, 102),
(333, '55.00', '44.00', '0.00', '3.00', 0, 323, 103),
(334, '65.00', '45.00', '0.00', '1.00', 0, 217, 103),
(335, '8.00', '5.00', '0.00', '2.00', 1, 1403, 103),
(336, '180.00', '160.00', '0.00', '2.00', 0, 88, 103),
(337, '75.00', '60.00', '0.00', '0.50', 0, 710, 103),
(338, '95.00', '75.00', '0.00', '1.00', 0, 620, 103),
(339, '56.00', '39.00', '0.00', '0.50', 0, 109, 103),
(340, '155.00', '135.00', '0.00', '2.00', 0, 202, 103),
(341, '161.00', '136.00', '0.00', '1.00', 0, 47, 103),
(342, '450.00', '400.00', '0.00', '1.00', 0, 222, 104),
(343, '340.00', '290.00', '0.00', '1.00', 0, 225, 104),
(344, '450.00', '430.00', '0.00', '1.00', 0, 221, 104),
(345, '555.00', '515.00', '0.00', '1.00', 0, 179, 104),
(346, '555.00', '515.00', '0.00', '2.00', 0, 175, 105),
(347, '10.00', '7.00', '0.00', '2.00', 0, 564, 105),
(348, '11.50', '8.00', '1.50', '1.00', 0, 647, 105),
(349, '52.50', '42.50', '0.00', '2.00', 0, 320, 105),
(350, '24.00', '8.40', '0.00', '2.00', 0, 305, 105),
(351, '48.00', '36.00', '0.00', '2.00', 0, 310, 105),
(352, '65.00', '32.50', '5.00', '1.00', 0, 279, 105),
(353, '551.00', '501.00', '0.00', '1.00', 0, 34, 105),
(354, '254.00', '235.00', '0.00', '2.00', 0, 89, 106),
(355, '33.00', '30.00', '0.00', '14.00', 0, 1201, 106),
(356, '53.00', '39.00', '0.00', '1.00', 0, 113, 106),
(357, '58.00', '42.00', '0.00', '0.25', 0, 110, 106),
(358, '18.00', '11.00', '0.00', '2.00', 0, 283, 106),
(359, '49.00', '44.00', '0.00', '1.00', 0, 1448, 107),
(360, '51.00', '35.00', '0.00', '1.00', 0, 108, 107),
(361, '75.00', '60.00', '0.00', '0.50', 0, 116, 107),
(362, '170.00', '135.00', '10.00', '1.00', 0, 1363, 107),
(363, '165.00', '140.00', '0.00', '1.00', 0, 1450, 108),
(364, '75.00', '65.00', '0.00', '4.00', 0, 1373, 108),
(365, '51.00', '35.00', '0.00', '0.50', 0, 108, 108),
(366, '160.00', '148.00', '0.00', '8.00', 1, 1366, 109),
(367, '228.00', '220.00', '2.00', '6.00', 0, 1421, 109),
(368, '75.00', '60.00', '0.00', '1.00', 0, 115, 109),
(369, '1300.00', '550.00', '0.00', '1.00', 1, 1113, 109),
(370, '160.00', '148.00', '0.00', '8.00', 1, 1366, 110),
(371, '228.00', '220.00', '2.00', '6.00', 0, 1421, 110),
(372, '75.00', '60.00', '0.00', '1.00', 0, 115, 110),
(373, '550.00', '330.00', '0.00', '1.00', 1, 1451, 110),
(374, '65.00', '30.00', '10.00', '2.00', 1, 1452, 110),
(375, '160.00', '135.00', '5.00', '2.00', 0, 1392, 111),
(376, '33.00', '30.00', '1.00', '5.00', 0, 1201, 111),
(377, '58.00', '42.00', '0.00', '0.50', 0, 110, 111),
(378, '56.00', '39.00', '0.00', '0.50', 0, 109, 111),
(379, '53.00', '39.00', '0.00', '0.50', 0, 113, 111),
(380, '170.00', '135.00', '10.00', '1.00', 0, 1363, 111),
(381, '65.00', '48.75', '0.00', '1.00', 0, 1287, 111),
(382, '290.00', '270.00', '0.00', '1.00', 1, 1436, 111),
(383, '32.00', '20.00', '0.00', '1.00', 0, 1453, 111),
(384, '228.00', '220.00', '2.00', '2.00', 0, 1421, 111),
(385, '40.00', '30.00', '5.00', '2.00', 0, 1454, 112),
(386, '43.00', '37.50', '3.00', '10.00', 0, 163, 112),
(387, '178.00', '158.00', '0.00', '1.00', 1, 1265, 112),
(388, '47.00', '40.00', '0.00', '1.00', 0, 256, 112),
(389, '7.00', '5.00', '0.00', '80.00', 0, 1080, 112),
(390, '51.00', '35.00', '0.00', '2.50', 0, 108, 112),
(391, '53.00', '39.00', '0.00', '1.00', 0, 113, 112),
(392, '68.00', '60.00', '0.00', '2.00', 0, 1355, 112),
(393, '58.00', '42.00', '0.00', '0.50', 0, 110, 112),
(394, '120.00', '100.00', '0.00', '1.50', 0, 1365, 113),
(395, '53.00', '39.00', '0.00', '1.00', 0, 113, 113),
(396, '56.00', '30.00', '0.00', '0.25', 0, 112, 113),
(397, '74.00', '58.00', '0.00', '6.00', 0, 1455, 114),
(398, '100.00', '85.00', '0.00', '1.00', 1, 1417, 115),
(399, '160.00', '135.00', '0.00', '2.00', 0, 1392, 115),
(400, '23.00', '18.00', '0.00', '6.00', 0, 1458, 115),
(401, '35.00', '26.25', '0.00', '6.00', 1, 1314, 115),
(402, '25.00', '18.75', '0.00', '2.00', 1, 1315, 115),
(403, '7.00', '5.00', '0.00', '3.00', 0, 1191, 115),
(404, '12.75', '25.00', '0.00', '2.00', 1, 1327, 115),
(405, '67.00', '50.25', '0.00', '1.00', 0, 1155, 115),
(406, '50.00', '40.00', '0.00', '4.00', 0, 1374, 116),
(407, '42.00', '32.00', '0.00', '10.00', 0, 1359, 116),
(408, '154.00', '144.00', '0.00', '4.00', 0, 85, 116),
(409, '232.00', '216.00', '0.00', '3.00', 0, 87, 116),
(410, '51.00', '35.00', '0.00', '0.50', 0, 108, 116),
(411, '53.00', '39.00', '0.00', '0.50', 0, 113, 116),
(412, '56.00', '39.00', '0.00', '0.50', 0, 109, 116),
(413, '75.00', '60.00', '0.00', '1.00', 0, 115, 116),
(414, '195.00', '180.00', '2.00', '9.00', 0, 86, 117),
(415, '232.00', '216.00', '2.00', '9.00', 0, 87, 117),
(416, '7.00', '5.00', '0.00', '200.00', 0, 1080, 117),
(417, '218.00', '210.00', '0.00', '4.00', 0, 107, 117),
(418, '48.00', '38.00', '0.00', '4.00', 1, 125, 117),
(419, '68.00', '60.00', '0.00', '1.00', 0, 1355, 117),
(420, '56.00', '39.00', '0.00', '1.00', 0, 109, 117),
(421, '155.00', '144.00', '0.00', '2.00', 0, 103, 117),
(422, '234.00', '222.00', '0.00', '9.00', 1, 1367, 118),
(423, '160.00', '148.00', '0.00', '9.00', 1, 1366, 118),
(424, '7.00', '5.00', '0.00', '200.00', 0, 1080, 118),
(425, '218.00', '210.00', '0.00', '4.00', 0, 107, 118),
(426, '48.00', '38.00', '0.00', '4.00', 1, 125, 118),
(427, '68.00', '60.00', '0.00', '1.00', 0, 1355, 118),
(428, '56.00', '39.00', '0.00', '1.00', 0, 109, 118),
(429, '155.00', '144.00', '0.00', '2.00', 0, 103, 118),
(430, '234.00', '222.00', '2.00', '9.00', 1, 1367, 119),
(431, '197.00', '185.00', '2.00', '9.00', 1, 81, 119),
(432, '7.00', '5.00', '0.00', '200.00', 0, 1080, 119),
(433, '218.00', '210.00', '0.00', '4.00', 0, 107, 119),
(434, '48.00', '38.00', '0.00', '4.00', 1, 125, 119),
(435, '68.00', '60.00', '0.00', '1.00', 0, 1355, 119),
(436, '56.00', '39.00', '0.00', '1.00', 0, 109, 119),
(437, '155.00', '144.00', '0.00', '2.00', 0, 103, 119),
(438, '216.00', '210.00', '0.00', '1.00', 0, 100, 120),
(439, '48.00', '38.00', '0.00', '2.00', 1, 125, 120),
(440, '50.00', '38.00', '0.00', '4.00', 0, 1202, 121),
(441, '56.00', '30.00', '0.00', '1.25', 0, 112, 121),
(442, '58.00', '42.00', '0.00', '1.50', 0, 110, 121),
(443, '155.00', '144.00', '0.00', '1.00', 0, 103, 121),
(444, '170.00', '135.00', '0.00', '1.00', 0, 1363, 121),
(445, '882.00', '866.00', '7.00', '1.00', 0, 1220, 121),
(446, '198.00', '8.00', '0.00', '1.00', 1, 1234, 121),
(447, '144.00', '132.00', '0.00', '1.00', 0, 1368, 121),
(448, '32.00', '20.00', '0.00', '7.00', 0, 1453, 121),
(449, '170.00', '135.00', '0.00', '2.00', 0, 1363, 122),
(450, '33.00', '30.00', '0.00', '8.00', 0, 1201, 122),
(451, '53.00', '39.00', '0.00', '0.50', 0, 113, 122),
(452, '33.00', '30.00', '0.00', '4.00', 0, 1201, 123),
(453, '180.00', '160.00', '0.00', '1.00', 0, 88, 123),
(454, '60.00', '44.00', '0.00', '0.25', 0, 111, 123),
(455, '56.00', '30.00', '0.00', '0.25', 0, 112, 123),
(456, '33.00', '30.00', '0.00', '10.00', 0, 1201, 124),
(457, '310.00', '290.00', '0.00', '4.00', 0, 93, 124),
(458, '33.00', '30.00', '0.00', '10.00', 0, 1201, 125),
(459, '310.00', '290.00', '0.00', '4.00', 0, 93, 125),
(460, '105.00', '81.25', '0.00', '0.50', 0, 114, 125),
(461, '7.00', '5.00', '0.00', '20.00', 0, 64, 126),
(462, '89.00', '79.00', '0.00', '1.00', 0, 739, 126),
(463, '68.00', '60.00', '0.00', '0.50', 0, 1355, 126),
(464, '282.00', '267.00', '2.00', '4.00', 0, 90, 126),
(465, '60.00', '44.00', '0.00', '1.00', 0, 111, 126),
(466, '53.00', '39.00', '0.00', '3.00', 0, 113, 126),
(467, '218.00', '210.00', '2.00', '3.00', 0, 107, 126),
(468, '1800.00', '550.00', '0.00', '1.00', 1, 1113, 127),
(469, '7.00', '5.00', '0.00', '150.00', 0, 1080, 127),
(470, '230.00', '180.00', '0.00', '1.00', 0, 339, 127),
(471, '600.00', '450.00', '0.00', '1.00', 0, 594, 127),
(472, '48.00', '38.00', '0.00', '4.00', 1, 125, 127),
(473, '130.00', '120.00', '0.00', '2.00', 0, 119, 127),
(474, '179.00', '156.00', '0.00', '0.50', 0, 685, 127),
(475, '43.50', '30.00', '0.00', '1.00', 0, 687, 127),
(476, '222.00', '210.00', '0.00', '4.00', 0, 107, 128),
(477, '40.00', '30.00', '0.00', '6.00', 0, 1460, 129),
(478, '48.00', '40.00', '0.00', '2.00', 0, 1461, 129),
(479, '48.00', '38.00', '0.00', '4.00', 1, 125, 129),
(480, '8.00', '5.00', '0.00', '3.00', 1, 1403, 129),
(481, '170.00', '135.00', '0.00', '2.00', 0, 1363, 129),
(482, '33.00', '30.00', '0.00', '10.00', 0, 1201, 129),
(483, '53.00', '39.00', '0.00', '0.50', 0, 113, 129),
(484, '56.00', '39.00', '0.00', '0.50', 0, 109, 129),
(485, '56.00', '30.00', '0.00', '0.50', 0, 112, 129),
(486, '155.00', '135.00', '0.00', '2.00', 0, 195, 129),
(487, '33.00', '30.00', '0.00', '10.00', 0, 1201, 130),
(488, '7.50', '5.00', '0.00', '200.00', 1, 1464, 131),
(489, '33.00', '30.00', '0.00', '10.00', 0, 1201, 131),
(490, '127.00', '120.00', '0.00', '16.00', 1, 1249, 131),
(491, '56.00', '39.00', '0.00', '0.50', 0, 109, 131),
(492, '216.00', '210.00', '0.00', '3.00', 0, 107, 132),
(493, '130.00', '120.00', '0.00', '3.00', 0, 119, 132),
(494, '33.00', '30.00', '0.00', '5.00', 0, 1201, 132),
(495, '7.00', '5.00', '0.00', '4.00', 0, 64, 132),
(496, '105.00', '90.00', '5.00', '1.00', 0, 434, 132),
(497, '62.50', '47.50', '0.00', '9.00', 0, 1354, 133),
(498, '52.00', '39.00', '0.00', '1.00', 0, 113, 133),
(499, '47.00', '35.00', '0.00', '0.25', 0, 108, 133),
(500, '54.00', '42.00', '0.00', '0.50', 0, 110, 133),
(501, '42.00', '32.00', '0.00', '2.00', 0, 1359, 133),
(502, '70.00', '52.50', '0.00', '1.00', 0, 1084, 133),
(503, '66.00', '50.00', '0.00', '1.00', 0, 1011, 133),
(504, '40.00', '26.00', '0.00', '1.00', 0, 280, 133),
(505, '155.00', '135.00', '0.00', '1.00', 0, 206, 133),
(506, '54.00', '42.00', '0.00', '0.25', 0, 110, 134),
(507, '52.00', '39.00', '0.00', '0.25', 0, 109, 134),
(508, '105.00', '69.00', '0.00', '0.25', 0, 121, 134),
(509, '14.00', '9.00', '0.00', '1.00', 0, 325, 134),
(510, '50.00', '40.00', '2.00', '12.00', 0, 1374, 135),
(511, '216.00', '210.00', '0.00', '5.00', 0, 107, 135),
(512, '254.00', '235.00', '2.00', '6.00', 0, 89, 135),
(513, '105.00', '81.25', '0.00', '0.25', 0, 114, 135),
(514, '47.00', '35.00', '0.00', '0.50', 0, 108, 135),
(515, '48.00', '38.00', '1.00', '5.00', 1, 125, 135),
(516, '33.00', '30.00', '0.00', '8.00', 0, 1201, 136),
(517, '50.00', '38.00', '0.00', '4.00', 0, 1202, 137),
(518, '52.00', '30.00', '0.00', '1.00', 0, 112, 137),
(519, '54.00', '42.00', '0.00', '2.00', 0, 110, 137),
(520, '155.00', '144.00', '0.00', '1.00', 0, 103, 137),
(521, '170.00', '135.00', '0.00', '1.00', 0, 1363, 137),
(522, '882.00', '866.00', '7.00', '1.00', 0, 1220, 137),
(523, '198.00', '8.00', '0.00', '1.00', 1, 1234, 137),
(524, '146.00', '132.00', '0.00', '1.00', 0, 1368, 137),
(525, '32.00', '20.00', '0.00', '7.00', 0, 1453, 137),
(526, '8.00', '5.00', '0.00', '3.00', 1, 1403, 137),
(527, '300.00', '280.00', '5.00', '3.00', 0, 79, 137),
(528, '75.00', '60.00', '0.00', '1.00', 0, 116, 137),
(529, '14.00', '6.06', '0.00', '8.00', 0, 1179, 138),
(530, '25.00', '10.00', NULL, '14.00', 1, 1465, 139),
(531, '15.00', '10.00', '0.00', '14.00', 1, 1466, 139),
(532, '14.00', '10.50', '0.50', '100.00', 0, 349, 140),
(533, '16.00', '9.00', '1.00', '1.00', 0, 485, 140),
(534, '365.00', '335.00', '15.00', '1.00', 0, 1469, 140),
(535, '24.00', '14.00', '4.00', '1.00', 0, 332, 140),
(536, '224.00', '210.00', '2.00', '10.00', 1, 1420, 141),
(537, '10.00', '7.50', '0.00', '1.00', 1, 1319, 141),
(538, '62.50', '47.50', '0.00', '4.00', 0, 1354, 142),
(539, '52.00', '39.00', '0.00', '1.00', 0, 113, 142),
(540, '52.50', '42.50', '0.00', '1.00', 0, 320, 142),
(541, '18.00', '11.00', '0.00', '1.00', 0, 288, 142),
(542, '32.00', '17.00', '0.00', '1.00', 0, 1472, 142),
(543, '150.00', '125.00', '0.00', '1.00', 0, 223, 142),
(544, '100.00', '78.00', '0.00', '1.00', 0, 71, 142),
(545, '20.00', '15.00', '0.00', '1.00', 0, 1473, 142),
(546, '60.00', '50.00', '0.00', '0.25', 0, 1474, 142),
(547, '89.00', '79.00', '2.00', '15.00', 0, 739, 143),
(548, '216.00', '210.00', '0.00', '20.00', 0, 107, 144),
(549, '50.00', '38.00', '2.00', '5.00', 0, 1202, 145),
(550, '33.00', '30.00', '1.00', '12.00', 0, 1201, 145),
(551, '20.00', '16.00', '0.00', '4.00', 0, 1475, 145),
(552, '75.00', '60.00', '0.00', '0.50', 0, 115, 145),
(553, '52.00', '39.00', '0.00', '1.00', 0, 113, 145),
(554, '47.00', '35.00', '0.00', '1.00', 0, 108, 145),
(555, '146.00', '132.00', '0.00', '6.00', 0, 1368, 145),
(556, '42.00', '32.00', '0.00', '1.00', 0, 1197, 146),
(557, '56.00', '39.00', '0.00', '1.00', 0, 109, 146),
(558, '75.00', '60.00', '0.00', '0.50', 0, 710, 146),
(559, '47.00', '40.00', '0.00', '1.00', 0, 256, 146),
(560, '154.00', '140.00', '0.00', '1.00', 1, 1418, 147),
(561, '75.00', '60.00', '0.00', '0.25', 0, 115, 147),
(562, '33.00', '30.00', '0.00', '2.00', 0, 1201, 147),
(563, '47.00', '40.00', '0.00', '1.00', 0, 256, 147),
(564, '822.00', '806.00', '7.00', '1.00', 0, 1219, 147),
(565, '236.00', '222.00', '0.00', '20.00', 1, 1367, 148),
(566, '75.00', '65.00', '0.00', '1.00', 0, 1373, 149),
(567, '50.00', '38.00', '0.00', '2.00', 0, 1202, 149),
(568, '68.00', '60.00', '0.00', '1.00', 0, 1355, 150),
(569, '45.00', '34.00', '0.00', '3.00', 0, 816, 151),
(570, '75.00', '60.00', '0.00', '3.00', 0, 115, 151),
(571, '267.00', '252.00', '0.00', '2.00', 0, 106, 152),
(572, '245.00', '222.00', '0.00', '20.00', 1, 1367, 153),
(573, '33.00', '30.00', '0.00', '3.00', 0, 1201, 154),
(574, '170.00', '135.00', '0.00', '2.00', 0, 1363, 154),
(575, '56.00', '39.00', '0.00', '1.00', 0, 109, 154),
(576, '87.00', '65.00', '0.00', '0.50', 0, 664, 154),
(577, '16.00', '10.00', '0.00', '1.00', 0, 677, 154),
(578, '133.00', '115.00', '0.00', '2.00', 0, 674, 154),
(579, '43.50', '30.00', '0.00', '1.00', 0, 687, 154),
(580, '179.00', '156.00', '0.00', '0.50', 0, 685, 154),
(581, '65.00', '45.00', '20.00', '4.00', 0, 352, 154),
(582, '12.00', '7.00', '0.00', '3.00', 0, 946, 154),
(583, '180.00', '160.00', '0.00', '2.00', 0, 88, 154),
(584, '216.00', '210.00', '0.00', '1.00', 0, 107, 154),
(585, '7.00', '5.00', '0.00', '4.00', 0, 64, 154),
(586, '35.00', '20.00', '5.00', '4.00', 0, 1447, 154),
(587, '218.00', '210.00', '0.00', '3.00', 0, 107, 155),
(588, '68.00', '60.00', '0.00', '1.00', 0, 1355, 155),
(589, '130.00', '120.00', '5.00', '10.00', 0, 119, 156),
(590, '154.00', '140.00', '0.00', '8.00', 1, 1418, 157),
(591, '224.00', '210.00', '0.00', '2.00', 1, 1420, 157),
(592, '33.00', '30.00', '0.00', '8.00', 0, 1201, 157),
(593, '53.00', '39.00', '0.00', '0.25', 0, 113, 157),
(594, '56.00', '30.00', '0.00', '0.25', 0, 112, 157),
(595, '75.00', '60.00', '0.00', '0.50', 0, 115, 157),
(596, '125.00', '100.00', '0.00', '1.00', 0, 255, 157),
(597, '33.00', '30.00', '0.00', '15.00', 0, 1201, 158),
(598, '310.00', '290.00', '0.00', '4.00', 0, 93, 158),
(599, '51.00', '35.00', '0.00', '0.50', 0, 108, 158),
(600, '53.00', '39.00', '0.00', '0.50', 0, 113, 158),
(601, '370.00', '300.00', '10.00', '2.00', 0, 884, 159),
(602, '175.00', '100.00', '5.00', '1.00', 0, 865, 159),
(603, '232.00', '200.00', '5.00', '1.00', 0, 867, 159),
(604, '195.00', '180.00', '0.00', '20.00', 0, 86, 160),
(605, '232.00', '216.00', '0.00', '56.00', 0, 87, 160),
(606, '75.00', '60.00', '0.00', '15.00', 0, 115, 160),
(607, '400.00', '383.00', '0.00', '2.00', 0, 160, 160),
(608, '18.00', '11.00', '0.00', '2.00', 0, 283, 161),
(609, '10.50', '6.58', '0.50', '4.00', 0, 551, 161),
(610, '58.00', '40.00', '0.00', '1.00', 0, 824, 161),
(611, '34.00', '11.00', '0.00', '1.00', 0, 306, 161),
(612, '48.00', '36.45', '0.00', '1.00', 0, 164, 161),
(613, '45.00', '35.00', '0.00', '2.00', 0, 324, 161),
(614, '55.00', '44.00', '0.00', '2.00', 0, 323, 161),
(615, '95.00', '80.00', '0.00', '1.50', 0, 708, 161),
(616, '170.00', '135.00', '0.00', '1.00', 0, 1363, 161),
(617, '20.00', '18.00', '0.00', '4.00', 0, 1425, 161),
(618, '42.00', '32.00', '0.00', '2.00', 0, 1359, 161),
(619, '180.00', '160.00', '0.00', '1.00', 0, 88, 161),
(620, '56.00', '30.00', '0.00', '0.25', 0, 112, 161),
(621, '45.00', '35.00', '0.00', '4.00', 0, 1477, 161),
(622, '372.00', '336.00', '0.00', '5.00', 0, 80, 161),
(623, '199.00', '185.00', '0.00', '3.00', 1, 81, 161),
(624, '162.00', '148.00', '0.00', '4.00', 1, 1366, 161),
(625, '280.00', '250.00', '0.00', '3.00', 0, 1478, 161),
(626, '332.00', '315.00', '0.00', '10.00', 0, 123, 162),
(627, '185.00', '172.00', '0.00', '10.00', 0, 118, 162),
(628, '140.00', '130.00', '0.00', '1.00', 0, 1391, 163),
(629, '33.00', '30.00', '1.00', '3.00', 0, 1201, 163),
(630, '130.00', '120.00', '0.00', '6.00', 0, 119, 163),
(631, '48.00', '38.00', '0.00', '3.00', 1, 125, 163),
(632, '165.00', '140.00', '0.00', '1.00', 0, 1450, 163),
(633, '7.00', '5.00', '0.00', '35.00', 0, 64, 163),
(634, '218.00', '210.00', '0.00', '3.00', 0, 107, 163),
(635, '146.00', '132.00', '2.00', '3.00', 0, 1368, 163),
(636, '60.00', '44.00', '0.00', '0.25', 0, 111, 163),
(637, '29.00', '20.00', '0.00', '2.00', 0, 688, 163),
(638, '68.00', '60.00', '0.00', '0.50', 0, 1355, 163),
(639, '228.00', '220.00', '0.00', '1.00', 0, 1421, 163),
(640, '33.00', '30.00', '0.00', '2.00', 0, 1201, 164),
(641, '50.00', '38.00', '0.00', '1.00', 0, 1202, 164),
(642, '170.00', '135.00', '0.00', '1.00', 0, 1363, 164),
(643, '56.00', '30.00', '0.00', '0.50', 0, 112, 164),
(644, '245.00', '222.00', '0.00', '5.00', 1, 1367, 165),
(645, '218.00', '210.00', '0.00', '4.00', 0, 107, 165),
(646, '1300.00', '550.00', '0.00', '1.00', 1, 1114, 166),
(647, '218.00', '210.00', '0.00', '3.00', 0, 107, 166),
(648, '89.00', '79.00', '0.00', '4.00', 0, 739, 166),
(649, '68.00', '60.00', '0.00', '1.00', 0, 1355, 166),
(650, '76.00', '56.00', '0.00', '4.00', 0, 740, 166),
(651, '150.00', '130.00', '0.00', '1.00', 0, 21, 167),
(652, '460.00', '366.00', '0.00', '1.00', 0, 32, 167),
(653, '90.00', '80.00', '0.00', '1.00', 1, 1481, 168),
(654, '282.00', '267.00', '2.00', '2.00', 0, 90, 168),
(655, '56.00', '39.00', '0.00', '0.25', 0, 109, 168),
(656, '60.00', '44.00', '0.00', '0.25', 0, 111, 168),
(657, '117.00', '100.00', '0.00', '1.00', 1, 1482, 169),
(658, '97.00', '80.00', '0.00', '1.00', 1, 1483, 169),
(659, '218.00', '210.00', '0.00', '1.00', 0, 107, 169),
(660, '33.00', '17.41', '0.00', '2.50', 0, 1180, 169),
(661, '47.50', '37.50', '0.00', '3.00', 0, 322, 169),
(662, '24.00', '8.40', '0.00', '1.00', 0, 305, 169),
(663, '33.00', '30.00', '0.00', '50.00', 0, 1201, 169),
(664, '42.00', '32.00', '0.00', '3.00', 0, 1359, 169),
(665, '50.00', '40.00', '0.00', '4.00', 0, 1374, 169),
(666, '179.00', '165.00', '0.00', '8.00', 0, 1369, 169),
(667, '51.00', '35.00', '0.00', '5.00', 0, 108, 169),
(668, '75.00', '60.00', '0.00', '1.00', 0, 116, 169),
(669, '20.00', '18.00', '0.00', '1.00', 0, 1425, 170),
(670, '74.00', '58.00', '0.00', '1.00', 0, 1455, 171),
(671, '37.00', '24.00', '0.00', '3.00', 0, 1362, 172),
(672, '140.50', '100.00', '0.00', '1.00', 0, 266, 172),
(673, '125.00', '100.00', '0.00', '1.00', 0, 274, 172),
(674, '218.00', '210.00', '0.00', '2.00', 0, 107, 172),
(675, '5.00', '2.00', '0.00', '1.00', 0, 501, 172),
(676, '148.00', '123.00', '0.00', '1.00', 0, 43, 172),
(677, '14.00', '9.00', '0.00', '4.00', 0, 860, 172),
(678, '7.00', '5.00', '0.00', '1.00', 0, 654, 172),
(679, '48.00', '40.00', '0.00', '1.00', 0, 376, 172),
(680, '7.00', '3.00', '0.00', '1.00', 0, 942, 172),
(681, '65.00', '48.75', '0.00', '1.00', 0, 1128, 172),
(682, '66.00', '50.00', '0.00', '2.00', 0, 1008, 172),
(683, '40.00', '30.00', '0.00', '1.00', 0, 1414, 173),
(684, '115.00', '86.25', '0.00', '1.00', 0, 1086, 173),
(685, '50.00', '40.00', '2.00', '50.00', 0, 1374, 174),
(686, '62.50', '47.50', '2.50', '15.00', 0, 1354, 174),
(687, '53.00', '39.00', '0.00', '2.00', 0, 113, 174),
(688, '51.00', '35.00', '0.00', '2.00', 0, 108, 174),
(689, '51.00', '35.00', '0.00', '0.50', 0, 108, 175),
(690, '56.00', '30.00', '0.00', '0.25', 0, 112, 175),
(691, '53.00', '39.00', '0.00', '0.25', 0, 113, 175),
(692, '58.00', '42.00', '0.00', '0.50', 0, 110, 175),
(693, '56.00', '39.00', '0.00', '0.50', 0, 109, 175),
(694, '12.00', '7.00', '0.00', '8.00', 0, 946, 175),
(695, '10.00', '5.00', '0.00', '1.00', 0, 944, 175),
(696, '50.00', '40.00', '2.00', '10.00', 0, 1374, 176),
(697, '600.00', '575.00', '5.00', '1.00', 0, 94, 177),
(698, '130.00', '120.00', '0.00', '5.00', 0, 119, 178),
(699, '68.00', '60.00', '0.00', '0.50', 0, 1355, 178),
(700, '165.00', '140.00', '0.00', '1.00', 0, 1450, 178),
(701, '1160.00', '1120.00', '20.00', '1.00', 0, 177, 179),
(702, '48.00', '40.00', '0.00', '2.00', 1, 1484, 180),
(703, '218.00', '210.00', '2.00', '20.00', 0, 107, 181),
(704, '33.00', '30.00', '2.00', '5.00', 0, 1201, 182),
(705, '154.00', '144.00', '0.00', '5.00', 0, 85, 182),
(706, '53.00', '39.00', '0.00', '0.50', 0, 113, 182),
(707, '47.00', '40.00', '0.00', '1.00', 0, 256, 183),
(708, '140.00', '100.00', '0.00', '1.00', 1, 1485, 184),
(709, '140.00', '130.00', '5.00', '1.00', 0, 1391, 185),
(710, '200.00', '160.00', '0.00', '3.00', 0, 340, 186),
(711, '230.00', '180.00', '0.00', '3.00', 0, 339, 186),
(712, '25.00', '12.00', '10.00', '10.00', 0, 922, 186),
(713, '51.00', '35.00', '0.00', '5.00', 0, 108, 186),
(714, '53.00', '39.00', '0.00', '3.00', 0, 113, 186),
(715, '58.00', '42.00', '0.00', '2.00', 0, 110, 186),
(716, '100.00', '60.20', '0.00', '2.00', 0, 924, 186),
(717, '12.00', '7.00', '0.00', '1.00', 0, 1435, 187),
(718, '68.00', '60.00', '0.00', '2.00', 0, 1355, 188),
(719, '882.00', '866.00', '12.00', '1.00', 0, 1220, 189),
(720, '56.00', '39.00', '0.00', '1.00', 0, 109, 190),
(721, '56.00', '30.00', '0.00', '1.00', 0, 112, 190),
(722, '53.00', '39.00', '0.00', '0.50', 0, 113, 190),
(723, '51.00', '35.00', '0.00', '0.50', 0, 108, 190),
(724, '105.00', '69.00', '0.00', '0.25', 0, 121, 190),
(725, '410.00', '380.00', '5.00', '12.00', 1, 1396, 190),
(726, '372.00', '336.00', '22.00', '5.00', 0, 80, 190),
(727, '105.00', '81.25', '0.00', '1.00', 0, 114, 190),
(728, '72.00', '60.00', '22.00', '1.00', 0, 391, 190),
(729, '205.00', '190.00', '0.00', '1.00', 0, 720, 190),
(730, '23.00', '17.86', '0.00', '6.00', 0, 1177, 191),
(731, '80.00', '60.00', '0.00', '1.00', 0, 1289, 191),
(732, '14.00', '10.50', '0.00', '20.00', 0, 349, 192),
(733, '70.00', '55.20', '0.00', '2.00', 0, 292, 192),
(734, '14.00', '9.00', '0.00', '2.00', 0, 325, 192),
(735, '64.00', '43.20', '0.00', '1.00', 0, 290, 192),
(736, '12.00', '10.00', '0.00', '2.00', 0, 422, 192),
(737, '65.00', '50.40', '0.00', '2.00', 0, 291, 192),
(738, '21.00', '16.00', '0.00', '2.00', 0, 487, 192),
(739, '100.00', '90.00', '5.00', '2.00', 0, 435, 192),
(740, '154.00', '144.00', '0.00', '1.00', 0, 85, 193),
(741, '75.00', '60.00', '0.00', '0.25', 0, 116, 193),
(742, '125.00', '100.00', '0.00', '1.00', 0, 255, 193),
(743, '130.00', '100.00', '0.00', '5.00', 0, 748, 194),
(744, '255.00', '230.00', '0.00', '1.00', 0, 730, 194),
(745, '162.00', '128.70', '0.00', '2.00', 0, 126, 194),
(746, '75.00', '65.00', '5.00', '2.00', 0, 1500, 194),
(747, '42.00', '32.00', '0.00', '2.00', 0, 1359, 195),
(748, '140.00', '135.00', '0.00', '1.00', 0, 1427, 195),
(749, '53.00', '39.00', '0.00', '0.25', 0, 113, 195),
(750, '815.00', '765.00', '0.00', '2.00', 0, 92, 196),
(751, '254.00', '235.00', '0.00', '1.00', 0, 89, 196),
(752, '56.00', '39.00', '0.00', '1.00', 0, 109, 196),
(753, '160.00', '140.00', '0.00', '1.00', 0, 756, 197),
(754, '56.00', '30.00', '0.00', '0.25', 0, 112, 197),
(755, '37.00', '24.00', '0.00', '3.00', 0, 1362, 197),
(756, '42.00', '32.00', '0.00', '5.00', 0, 1359, 198),
(757, '218.00', '210.00', '1.00', '5.00', 0, 107, 198),
(758, '68.00', '60.00', '0.00', '0.50', 0, 1355, 198),
(759, '62.50', '47.50', '0.00', '3.00', 0, 1354, 198),
(760, '75.00', '65.00', '0.00', '3.00', 0, 1373, 198),
(761, '90.00', '70.00', '0.00', '2.00', 1, 1501, 199),
(762, '165.00', '140.00', '15.00', '2.00', 0, 224, 199),
(763, '155.00', '135.00', '0.00', '1.00', 0, 202, 199),
(764, '70.00', '48.75', '0.00', '1.00', 0, 287, 199),
(765, '15.00', '7.50', '0.00', '2.00', 0, 633, 199),
(766, '10.00', '6.00', '0.00', '1.00', 0, 304, 199),
(767, '185.00', '165.00', '0.00', '1.00', 0, 194, 200),
(768, '282.00', '267.00', '5.00', '10.00', 0, 90, 201),
(769, '56.00', '39.00', '2.00', '2.00', 0, 109, 201),
(770, '56.00', '30.00', '2.00', '0.50', 0, 112, 201),
(771, '60.00', '44.00', '2.00', '1.00', 0, 111, 201),
(772, '355.00', '330.00', '10.00', '3.00', 1, 1397, 202),
(773, '105.00', '81.25', '0.00', '0.25', 0, 114, 202),
(774, '7.00', '5.00', '0.00', '30.00', 0, 64, 203),
(775, '218.00', '210.00', '0.00', '2.00', 0, 107, 203),
(776, '180.00', '160.00', '0.00', '1.00', 0, 88, 203),
(777, '189.00', '175.00', '0.00', '2.00', 1, 1419, 203),
(778, '75.00', '60.00', '0.00', '1.00', 0, 115, 203),
(779, '58.00', '42.00', '0.00', '0.50', 0, 110, 203),
(780, '42.00', '32.00', '1.00', '2.00', 0, 1359, 203),
(781, '62.50', '47.50', '0.00', '1.00', 0, 1354, 203),
(782, '53.00', '39.00', '0.00', '0.50', 0, 113, 203),
(783, '108.00', '88.00', '0.00', '1.00', 0, 663, 203),
(784, '110.00', '100.00', '0.00', '1.00', 0, 467, 203),
(785, '45.00', '40.00', '0.00', '1.00', 0, 672, 203),
(786, '11.00', '5.00', '0.00', '1.00', 0, 668, 203),
(787, '555.00', '515.00', '0.00', '1.00', 0, 174, 204),
(788, '551.00', '501.00', '0.00', '1.00', 0, 34, 204),
(789, '37.00', '25.00', '0.00', '4.00', 0, 162, 204),
(790, '55.00', '35.00', '0.00', '1.00', 0, 1502, 204),
(791, '218.00', '210.00', '2.00', '1.00', 0, 107, 204),
(792, '42.00', '32.00', '0.00', '50.00', 0, 1359, 205),
(793, '56.00', '30.00', '0.00', '1.00', 0, 112, 205),
(794, '53.00', '39.00', '0.00', '1.00', 0, 113, 205),
(795, '65.00', '45.00', '0.00', '1.00', 0, 553, 205),
(796, '12.00', '10.00', '0.00', '1.00', 0, 475, 205),
(797, '8.00', '5.00', '0.00', '1.00', 0, 666, 206),
(798, '11.00', '5.00', '0.00', '1.00', 0, 668, 206),
(799, '45.00', '40.00', '0.00', '1.00', 0, 672, 206),
(800, '11.00', '5.00', '0.00', '1.00', 0, 668, 207),
(801, '8.00', '5.00', '0.00', '1.00', 0, 666, 207),
(802, '45.00', '40.00', '0.00', '1.00', 0, 672, 207),
(803, '125.00', '100.00', '0.00', '1.00', 0, 255, 207),
(804, '218.00', '210.00', '0.00', '1.00', 0, 107, 208),
(805, '42.00', '30.00', '0.00', '1.00', 0, 843, 208),
(806, '85.00', '70.00', '0.00', '2.00', 0, 1505, 208),
(807, '178.00', '158.00', '0.00', '1.00', 1, 1265, 208),
(808, '282.00', '267.00', '0.00', '3.00', 0, 90, 208),
(809, '600.00', '565.00', '0.00', '1.00', 0, 1504, 208),
(810, '89.00', '79.00', '0.00', '1.00', 0, 739, 208),
(811, '155.00', '144.00', '0.00', '2.00', 0, 103, 208),
(812, '35.00', '30.00', '0.00', '1.00', 0, 480, 208),
(813, '254.00', '235.00', '0.00', '1.00', 0, 89, 208),
(814, '161.00', '136.00', '0.00', '1.00', 0, 46, 208),
(815, '37.00', '25.00', '0.00', '1.00', 0, 162, 208),
(816, '68.00', '60.00', '0.00', '0.25', 0, 1355, 209),
(817, '48.00', '38.00', '0.00', '1.00', 1, 125, 209),
(818, '1300.00', '550.00', '0.00', '1.00', 1, 1114, 210),
(819, '33.00', '30.00', '1.00', '20.00', 0, 1201, 211),
(820, '66.00', '51.00', '2.00', '2.00', 0, 1351, 211),
(821, '51.00', '35.00', '0.00', '1.00', 0, 108, 211),
(822, '53.00', '39.00', '0.00', '1.00', 0, 113, 211),
(823, '56.00', '39.00', '0.00', '1.00', 0, 109, 211),
(824, '75.00', '65.00', '0.00', '1.00', 0, 1500, 212),
(825, '100.00', '82.00', '45.00', '1.00', 0, 141, 213),
(826, '286.00', '200.00', '6.00', '5.00', 0, 869, 214),
(827, '53.00', '39.00', '0.00', '1.00', 0, 113, 214),
(828, '56.00', '30.00', '0.00', '1.00', 0, 112, 214),
(829, '54.00', '50.00', '0.00', '1.00', 0, 378, 214),
(830, '90.00', '70.00', '0.00', '1.00', 1, 1501, 215),
(831, '166.66', '126.66', '6.66', '3.00', 0, 1372, 216),
(832, '62.50', '47.50', '2.50', '3.00', 0, 1354, 216),
(833, '75.00', '65.00', '3.00', '4.00', 0, 1373, 216),
(834, '50.00', '40.00', '2.00', '10.00', 0, 1374, 216),
(835, '189.00', '175.00', '2.00', '10.00', 1, 1419, 216),
(836, '51.00', '35.00', '3.00', '1.00', 0, 108, 216),
(837, '53.00', '39.00', '3.00', '1.00', 0, 113, 216),
(838, '58.00', '42.00', '3.00', '1.00', 0, 110, 216),
(839, '42.00', '32.00', '0.00', '10.00', 0, 1359, 217),
(840, '51.00', '35.00', '0.00', '1.00', 0, 108, 217),
(841, '53.00', '39.00', '0.00', '1.00', 0, 113, 217),
(842, '20.00', '15.00', '0.00', '2.00', 0, 1507, 217),
(843, '32.00', '19.00', '0.00', '1.00', 0, 588, 217),
(844, '154.00', '140.00', '2.00', '7.00', 1, 1418, 217),
(845, '170.00', '135.00', '0.00', '2.00', 0, 1363, 217),
(846, '282.00', '267.00', '0.00', '1.00', 0, 90, 217),
(847, '56.00', '30.00', '0.00', '1.00', 0, 112, 217),
(848, '7.00', '5.00', '0.00', '30.00', 0, 64, 218),
(849, '218.00', '210.00', '0.00', '24.00', 0, 107, 218),
(850, '600.00', '200.00', '50.00', '1.00', 0, 1506, 218),
(851, '1300.00', '500.00', '0.00', '1.00', 0, 1508, 218),
(852, '65.00', '55.00', '2.00', '5.00', 0, 1509, 218),
(853, '45.00', '40.00', '0.00', '1.00', 0, 400, 218),
(854, '109.00', '81.75', '0.00', '1.00', 0, 1148, 218),
(855, '269.00', '240.00', '0.00', '1.00', 0, 684, 218),
(856, '372.00', '273.70', '0.00', '1.00', 0, 248, 218),
(857, '310.00', '290.00', '5.00', '20.00', 0, 93, 218),
(858, '500.00', '470.00', '50.00', '1.00', 0, 1434, 218),
(859, '45.00', '40.00', '0.00', '1.00', 0, 672, 218),
(860, '11.00', '5.00', '0.00', '1.00', 0, 668, 218),
(861, '1250.00', '1050.00', '100.00', '2.00', 0, 908, 218),
(862, '15.00', '10.00', '0.00', '3.00', 0, 667, 219),
(863, '70.00', '60.00', '0.00', '20.00', 0, 960, 219),
(864, '66.00', '50.00', '0.00', '1.00', 0, 1012, 219),
(865, '38.00', '23.75', '3.00', '3.00', 0, 957, 219),
(866, '108.00', '88.00', '3.00', '1.00', 0, 663, 219),
(867, '120.00', '88.00', '10.00', '1.00', 0, 508, 219),
(868, '45.00', '34.00', '0.00', '1.00', 0, 816, 219),
(869, '20.00', '15.00', '0.00', '2.00', 0, 1507, 219),
(870, '700.00', '550.00', '20.00', '1.00', 0, 592, 219),
(871, '43.50', '30.00', '0.00', '1.00', 0, 687, 219),
(872, '52.50', '40.00', '0.00', '1.00', 0, 693, 219),
(873, '120.00', '100.00', '0.00', '1.00', 0, 466, 219),
(874, '105.00', '81.25', '0.00', '2.00', 0, 114, 219),
(875, '105.00', '69.00', '0.00', '0.50', 0, 1510, 219),
(876, '60.00', '46.00', '0.00', '10.00', 0, 890, 219),
(877, '300.00', '250.00', '5.00', '2.00', 0, 1511, 219),
(878, '115.00', '105.00', '5.00', '1.00', 0, 1512, 219),
(879, '218.00', '210.00', '0.00', '8.00', 0, 107, 219),
(880, '162.00', '148.00', '2.00', '2.00', 1, 1366, 220),
(881, '199.00', '185.00', '2.00', '1.00', 1, 81, 220),
(882, '155.00', '144.00', '0.00', '3.00', 0, 103, 220),
(883, '282.00', '267.00', '2.00', '4.00', 0, 90, 220),
(884, '32.00', '17.00', '0.00', '2.00', 0, 1472, 220),
(885, '150.00', '125.00', '0.00', '1.00', 0, 226, 220),
(886, '218.00', '210.00', '0.00', '4.00', 0, 107, 220),
(887, '267.00', '252.00', '9.00', '4.00', 0, 106, 220),
(888, '15.00', '9.00', '0.00', '18.00', 0, 935, 220),
(889, '24.00', '20.00', '0.00', '4.00', 1, 1402, 220),
(890, '37.00', '25.00', '0.00', '1.00', 0, 162, 220),
(891, '90.00', '70.00', '0.00', '2.00', 1, 1501, 220),
(892, '20.00', '15.00', '0.00', '1.00', 0, 1518, 220),
(893, '245.00', '222.00', '9.00', '3.00', 1, 1367, 221),
(894, '66.00', '51.00', '0.00', '6.00', 0, 1351, 221),
(895, '18.00', '4.00', '0.00', '2.00', 0, 549, 221),
(896, '60.00', '35.00', '0.00', '2.00', 0, 556, 221),
(897, '42.00', '32.00', '0.00', '8.00', 0, 1359, 222),
(898, '154.00', '144.00', '0.00', '9.00', 0, 85, 222),
(899, '75.00', '60.00', '0.00', '1.00', 0, 115, 222),
(900, '51.00', '35.00', '0.00', '1.00', 0, 108, 222),
(901, '47.00', '40.00', '0.00', '1.00', 0, 256, 222),
(902, '200.00', '160.00', '0.00', '1.00', 0, 340, 222),
(903, '218.00', '210.00', '0.00', '1.00', 0, 107, 222),
(904, '218.00', '210.00', '0.00', '100.00', 0, 107, 223),
(905, '355.00', '330.00', '0.00', '17.00', 1, 1397, 223),
(906, '245.00', '200.00', '0.00', '3.00', 0, 881, 223),
(907, '48.00', '38.00', '0.00', '10.00', 1, 125, 223),
(908, '232.00', '216.00', '2.00', '1.00', 0, 87, 224),
(909, '50.00', '40.00', '1.00', '3.00', 0, 1374, 224),
(910, '56.00', '30.00', '0.00', '0.25', 0, 112, 224),
(911, '56.00', '39.00', '0.00', '0.25', 0, 109, 224),
(912, '154.00', '144.00', '0.00', '1.00', 0, 85, 224),
(913, '218.00', '210.00', '1.00', '7.00', 0, 107, 225),
(914, '35.00', '27.00', '5.00', '1.00', 0, 921, 225),
(915, '18.00', '11.00', '0.00', '4.00', 0, 289, 225),
(916, '46.00', '30.00', '0.00', '5.00', 0, 1456, 226),
(917, '20.00', '15.00', '0.00', '1.00', 0, 491, 226),
(918, '48.00', '40.00', '1.00', '3.00', 1, 1484, 227),
(919, '124.00', '99.00', '0.00', '1.00', 0, 48, 227),
(920, '45.00', '35.00', '6.00', '35.00', 0, 1477, 227),
(921, '33.00', '30.00', '1.00', '16.00', 0, 1201, 228),
(922, '42.00', '32.00', '2.00', '4.00', 0, 1359, 228),
(923, '53.00', '39.00', '0.00', '0.50', 0, 113, 228),
(924, '56.00', '30.00', '0.00', '0.50', 0, 112, 228),
(925, '32.00', '10.00', '0.00', '35.00', 0, 62, 229),
(926, '145.00', '140.00', '0.00', '1.00', 0, 382, 229),
(927, '157.00', '135.00', '7.00', '1.00', 1, 1520, 230),
(928, '218.00', '210.00', '0.00', '2.00', 0, 107, 231),
(929, '58.00', '42.00', '0.00', '1.00', 0, 110, 231),
(930, '56.00', '39.00', '0.00', '1.00', 0, 109, 231),
(931, '53.00', '39.00', '0.00', '1.00', 0, 113, 231),
(932, '51.00', '35.00', '0.00', '1.00', 0, 108, 231),
(933, '218.00', '210.00', '0.00', '2.00', 0, 107, 232),
(934, '42.00', '36.24', '0.00', '30.00', 0, 1158, 233),
(935, '400.00', '300.00', '0.00', '1.00', 1, 1521, 233),
(936, '25.00', '17.25', '0.00', '3.00', 1, 1326, 233),
(937, '35.00', '20.00', '0.00', '1.00', 1, 1522, 233),
(938, '20.00', '15.00', '0.00', '5.00', 0, 1303, 233),
(939, '50.00', '35.00', '0.00', '2.00', 0, 827, 233),
(940, '45.00', '33.75', '0.00', '4.00', 1, 1279, 233),
(941, '32.00', '19.00', '0.00', '1.00', 0, 588, 233),
(942, '11.00', '8.25', '0.00', '2.00', 0, 1297, 233),
(943, '55.00', '30.00', '0.00', '2.00', 0, 1285, 233),
(944, '212.00', '138.00', '0.00', '2.00', 0, 1153, 233),
(945, '100.00', '75.00', '0.00', '1.00', 0, 1097, 233),
(946, '50.00', '37.50', '0.00', '2.00', 1, 1108, 233),
(947, '90.00', '70.00', '0.00', '1.00', 1, 1501, 234),
(948, '37.00', '25.00', '0.00', '1.00', 0, 162, 234),
(949, '47.00', '38.00', '0.00', '1.00', 0, 286, 234),
(950, '250.00', '230.00', '0.00', '2.00', 1, 1523, 234),
(951, '14.00', '10.50', '1.00', '50.00', 0, 349, 235),
(952, '50.00', '40.00', '2.00', '3.00', 0, 1374, 236),
(953, '42.00', '32.00', '2.00', '6.00', 0, 1359, 236),
(954, '14.00', '10.50', '0.50', '25.00', 0, 349, 237),
(955, '46.00', '31.20', '0.00', '2.00', 0, 293, 237),
(956, '33.00', '30.00', '0.00', '12.00', 0, 1201, 238),
(957, '50.00', '38.00', '0.00', '2.00', 0, 1202, 238),
(958, '60.00', '35.00', '0.00', '1.00', 0, 556, 238),
(959, '218.00', '210.00', '0.00', '20.00', 0, 107, 239);
INSERT INTO `order_details` (`od_id`, `od_selling_price`, `od_purchase_price`, `od_discount`, `od_qty`, `od_vat`, `i_id`, `o_id`) VALUES
(960, '120.00', '100.00', '0.00', '2.00', 0, 1365, 239),
(961, '282.00', '267.00', '0.00', '1.00', 0, 90, 239),
(962, '162.00', '128.70', '2.00', '5.00', 0, 126, 239),
(963, '410.00', '380.00', '0.00', '1.00', 1, 1396, 239),
(964, '250.00', '160.00', '20.00', '1.00', 0, 493, 240),
(965, '100.00', '80.00', '0.00', '3.00', 0, 367, 241),
(966, '100.00', '100.00', '0.00', '1.00', 0, 395, 241),
(967, '89.00', '69.00', '0.00', '18.00', 0, 751, 242),
(968, '45.00', '35.00', '3.00', '5.00', 0, 324, 243),
(969, '265.00', '235.00', '5.00', '1.00', 0, 152, 243),
(970, '161.00', '131.00', '1.00', '1.00', 0, 270, 243),
(971, '50.00', '40.00', '0.00', '1.00', 0, 373, 244),
(972, '882.00', '866.00', '0.00', '1.00', 0, 1220, 245),
(973, '178.00', '158.00', '0.00', '1.00', 1, 1265, 246),
(974, '33.00', '30.00', '0.00', '14.00', 0, 1201, 246),
(975, '282.00', '267.00', '0.00', '3.00', 0, 90, 246),
(976, '53.00', '39.00', '0.00', '0.50', 0, 113, 246),
(977, '56.00', '39.00', '0.00', '1.00', 0, 109, 246),
(978, '30.00', '20.00', '0.00', '1.00', 0, 1394, 246),
(979, '35.00', '25.00', '0.00', '1.00', 0, 1007, 246),
(980, '46.00', '30.00', '0.00', '5.00', 0, 1456, 246),
(981, '20.00', '15.00', '0.00', '1.00', 0, 491, 246),
(982, '20.00', '12.00', '0.00', '1.00', 0, 1194, 246),
(983, '35.00', '30.00', '5.00', '1.00', 0, 480, 246),
(984, '32.00', '10.00', '0.00', '1.00', 0, 62, 246),
(985, '170.00', '125.00', '0.00', '1.00', 0, 1533, 246),
(986, '58.00', '42.00', '0.00', '0.25', 0, 110, 246),
(987, '254.00', '235.00', '0.00', '1.00', 0, 89, 246),
(988, '400.00', '400.00', '0.00', '1.00', 0, 245, 247),
(989, '185.00', '165.00', '0.00', '2.00', 0, 194, 247),
(990, '218.00', '210.00', '0.00', '2.00', 0, 107, 248),
(991, '555.00', '515.00', '5.00', '1.00', 0, 181, 248),
(992, '148.00', '123.00', '0.00', '1.00', 0, 43, 248),
(993, '48.00', '40.00', '1.00', '3.00', 1, 1484, 248),
(994, '124.00', '99.00', '0.00', '1.00', 0, 48, 248),
(995, '45.00', '35.00', '6.00', '35.00', 0, 1477, 248),
(996, '65.00', '48.75', '0.00', '2.00', 0, 1128, 249),
(997, '16.00', '12.00', '6.00', '2.00', 0, 1294, 249),
(998, '17.00', '11.17', '0.00', '7.00', 0, 1178, 249),
(999, '75.00', '65.00', '6.00', '2.00', 0, 1373, 250),
(1000, '62.50', '47.50', '2.50', '4.00', 0, 1354, 250),
(1001, '50.00', '38.00', '2.00', '2.00', 0, 1202, 250),
(1002, '14.00', '10.50', '0.00', '25.00', 0, 349, 251),
(1003, '46.00', '31.20', '20.00', '2.00', 0, 293, 251),
(1004, '46.00', '36.97', '0.00', '5.00', 0, 1160, 252),
(1005, '20.00', '12.00', '0.00', '1.00', 0, 1195, 252),
(1006, '162.00', '148.00', '2.00', '9.00', 1, 1366, 253),
(1007, '75.00', '65.00', '3.00', '6.00', 0, 1373, 253),
(1008, '75.00', '60.00', '0.00', '0.50', 0, 115, 253),
(1009, '33.00', '30.00', '1.00', '8.00', 0, 1201, 254),
(1010, '51.00', '35.00', '0.00', '0.50', 0, 108, 254),
(1011, '56.00', '30.00', '0.00', '0.50', 0, 112, 254),
(1012, '53.00', '39.00', '0.00', '0.50', 0, 113, 254),
(1013, '8.00', '5.00', '0.00', '10.00', 1, 1403, 255),
(1014, '62.50', '47.50', '0.00', '3.00', 0, 1354, 255),
(1015, '33.00', '30.00', '0.00', '5.00', 0, 1201, 255),
(1016, '47.50', '37.50', '0.00', '1.00', 0, 322, 255),
(1017, '218.00', '210.00', '0.00', '1.00', 0, 107, 255),
(1018, '8.00', '5.00', '0.00', '11.00', 1, 1403, 256),
(1019, '162.00', '128.70', '0.00', '2.00', 0, 126, 256),
(1020, '40.00', '35.00', '0.00', '4.00', 0, 1536, 256),
(1021, '31.00', '24.24', '0.00', '7.00', 0, 1161, 256),
(1022, '46.00', '30.00', '0.00', '8.00', 0, 1456, 256),
(1023, '2.00', '1.25', '0.00', '6.00', 0, 1537, 256),
(1024, '20.00', '15.00', '0.00', '2.00', 0, 1507, 256),
(1025, '117.00', '97.00', '0.00', '2.00', 0, 1539, 256),
(1026, '218.00', '210.00', '0.00', '1.00', 0, 107, 256),
(1027, '58.00', '42.00', '0.00', '1.25', 0, 110, 256),
(1028, '56.00', '39.00', '0.00', '2.00', 0, 109, 256),
(1029, '56.00', '30.00', '0.00', '2.00', 0, 112, 256),
(1030, '170.00', '125.00', '0.00', '1.00', 0, 1533, 256),
(1031, '60.00', '44.00', '0.00', '0.25', 0, 111, 256),
(1032, '41.00', '30.75', '0.00', '1.00', 1, 1324, 256),
(1033, '16.00', '12.00', '0.00', '1.00', 0, 1294, 256),
(1034, '23.00', '17.86', '0.00', '2.00', 0, 1177, 256),
(1035, '342.00', '310.00', '0.00', '1.00', 0, 732, 257),
(1036, '25.00', '18.75', '0.00', '1.00', 1, 1317, 257),
(1037, '25.00', '12.75', '7.00', '1.00', 1, 1327, 257),
(1038, '400.00', '300.00', '0.25', '1.00', 1, 1521, 257),
(1039, '75.00', '65.00', '10.00', '0.25', 0, 1500, 257),
(1040, '950.00', '920.00', '5.00', '1.00', 0, 95, 257),
(1041, '310.00', '290.00', '5.00', '3.00', 0, 93, 257),
(1042, '440.00', '435.00', '0.00', '1.00', 0, 1429, 257),
(1043, '56.00', '44.00', '0.00', '4.00', 0, 1541, 257),
(1044, '551.00', '501.00', '0.00', '1.00', 0, 34, 257),
(1045, '154.00', '144.00', '2.00', '4.00', 0, 85, 257),
(1046, '75.00', '60.00', '0.00', '0.50', 0, 115, 257),
(1047, '105.00', '81.25', '0.00', '0.25', 0, 114, 257),
(1048, '58.00', '42.00', '0.00', '0.25', 0, 110, 257),
(1049, '62.50', '47.50', '0.00', '3.00', 0, 1354, 258),
(1050, '149.00', '117.00', '0.00', '2.00', 0, 1539, 258),
(1051, '282.00', '267.00', '0.00', '6.00', 0, 90, 258),
(1052, '7.00', '5.00', '0.00', '200.00', 0, 64, 258),
(1053, '105.00', '81.25', '0.00', '1.00', 0, 114, 258),
(1054, '75.00', '58.00', '0.00', '10.00', 0, 1455, 258),
(1055, '218.00', '210.00', '2.00', '4.00', 0, 107, 259),
(1056, '17.00', '11.17', '0.00', '10.00', 0, 1178, 259),
(1057, '35.00', '26.25', '0.00', '1.00', 1, 1312, 259),
(1058, '35.00', '22.75', '0.00', '1.00', 0, 281, 259),
(1059, '37.00', '24.00', '0.00', '9.00', 0, 1362, 259),
(1060, '75.00', '60.00', '0.00', '0.50', 0, 115, 259),
(1061, '450.00', '430.00', '5.00', '1.00', 0, 448, 259),
(1062, '70.00', '60.00', '0.00', '3.00', 0, 960, 259),
(1063, '14.00', '9.00', '0.00', '1.00', 0, 325, 259),
(1064, '14.00', '10.00', '0.00', '1.00', 0, 431, 259),
(1065, '15.00', '10.00', '0.00', '2.00', 0, 667, 259),
(1066, '56.00', '39.00', '0.00', '0.50', 0, 109, 259),
(1067, '68.00', '60.00', '0.00', '1.00', 0, 1355, 259),
(1068, '58.00', '42.00', '0.00', '0.25', 0, 110, 259),
(1069, '45.00', '35.00', '0.00', '5.00', 0, 324, 259),
(1070, '14.00', '10.50', '0.50', '3.00', 0, 349, 259),
(1071, '70.00', '55.20', '2.00', '4.00', 0, 292, 259),
(1072, '65.00', '50.40', '2.00', '3.00', 0, 291, 260),
(1073, '33.00', '30.00', '0.00', '10.00', 0, 1201, 260),
(1074, '53.00', '39.00', '0.00', '1.00', 0, 113, 260),
(1075, '600.00', '200.00', '50.00', '1.00', 0, 1506, 260),
(1076, '218.00', '210.00', '0.00', '3.00', 0, 107, 260),
(1077, '600.00', '575.00', '0.00', '1.00', 0, 94, 260),
(1078, '250.00', '239.00', '10.00', '1.00', 0, 1543, 260),
(1079, '290.00', '230.00', '0.00', '1.00', 0, 535, 260),
(1080, '22.00', '17.00', '0.00', '2.00', 0, 1544, 260),
(1081, '35.00', '20.00', '5.00', '4.00', 0, 1447, 260),
(1082, '22.00', '17.00', '0.00', '4.00', 0, 1545, 260),
(1083, '75.00', '65.00', '0.00', '0.50', 0, 1500, 260),
(1084, '150.00', '125.00', '0.00', '2.00', 0, 223, 260),
(1085, '48.00', '36.45', '0.00', '1.00', 0, 164, 260),
(1086, '100.00', '82.00', '0.00', '1.00', 0, 141, 260),
(1087, '550.00', '330.00', '0.00', '1.00', 1, 1451, 261),
(1088, '218.00', '210.00', '0.00', '5.00', 0, 107, 261),
(1089, '310.00', '290.00', '0.00', '2.00', 0, 93, 261),
(1090, '555.00', '515.00', '0.00', '1.00', 0, 188, 261),
(1091, '600.00', '200.00', '50.00', '1.00', 0, 1506, 261),
(1092, '7.00', '5.00', '0.00', '10.00', 0, 64, 261),
(1093, '48.00', '38.00', '0.00', '1.00', 1, 125, 261),
(1094, '68.00', '60.00', '0.00', '0.50', 0, 1355, 261),
(1095, '51.00', '35.00', '3.00', '1.00', 0, 108, 261),
(1096, '53.00', '39.00', '3.00', '1.00', 0, 113, 261),
(1097, '56.00', '39.00', '4.00', '0.50', 0, 109, 261),
(1098, '154.00', '144.00', '2.00', '2.00', 0, 85, 261),
(1099, '33.00', '30.00', '1.00', '20.00', 0, 1201, 261),
(1100, '154.00', '140.00', '6.00', '20.00', 1, 1418, 262),
(1101, '51.00', '35.00', '0.00', '2.00', 0, 108, 262),
(1102, '53.00', '39.00', '0.00', '2.00', 0, 113, 262),
(1103, '218.00', '210.00', '0.00', '5.00', 0, 107, 262),
(1104, '48.00', '38.00', '0.00', '3.00', 1, 125, 262),
(1105, '75.00', '60.00', '0.00', '1.50', 0, 115, 262),
(1106, '70.00', '52.50', '0.00', '1.00', 0, 1084, 262),
(1107, '882.00', '866.00', '0.00', '1.00', 0, 1220, 262),
(1108, '166.66', '126.66', '0.00', '6.00', 0, 1372, 262),
(1109, '33.00', '30.00', '0.00', '12.00', 0, 1201, 262),
(1110, '212.00', '198.00', '0.00', '1.00', 1, 1370, 263),
(1111, '155.00', '144.00', '1.00', '2.00', 0, 103, 263),
(1112, '62.50', '47.50', '2.50', '5.00', 0, 1354, 263),
(1113, '42.00', '32.00', '2.00', '6.00', 0, 1359, 263),
(1114, '53.00', '39.00', '1.00', '0.50', 0, 113, 263),
(1115, '56.00', '39.00', '4.00', '0.50', 0, 109, 263),
(1116, '56.00', '30.00', '8.00', '0.50', 0, 112, 263),
(1117, '75.00', '60.00', '1.00', '0.50', 0, 115, 263),
(1118, '218.00', '210.00', '0.00', '1.00', 0, 107, 263),
(1119, '35.00', '20.00', '5.00', '2.00', 0, 1447, 263),
(1120, '70.00', '42.00', '0.00', '1.00', 0, 511, 263),
(1121, '110.00', '82.50', '0.00', '1.00', 0, 1546, 263),
(1122, '32.00', '10.00', '0.00', '6.00', 0, 62, 264),
(1123, '150.00', '125.00', '0.00', '1.00', 0, 223, 265),
(1124, '790.00', '760.00', '0.00', '1.00', 0, 96, 265),
(1125, '37.50', '22.75', '0.00', '2.00', 0, 281, 265),
(1126, '115.00', '97.00', '0.00', '1.00', 0, 148, 265),
(1127, '38.00', '25.00', '0.00', '1.00', 0, 162, 265),
(1128, '7.00', '5.00', '0.00', '200.00', 0, 64, 266),
(1129, '218.00', '210.00', '0.00', '10.00', 0, 107, 266),
(1130, '282.00', '267.00', '0.00', '3.00', 0, 90, 266),
(1131, '130.00', '120.00', '5.00', '10.00', 0, 119, 266),
(1132, '68.00', '60.00', '0.00', '2.00', 0, 1355, 267),
(1133, '50.00', '38.00', '2.00', '3.00', 0, 1202, 268),
(1134, '50.00', '40.00', '2.00', '3.00', 0, 1374, 268),
(1135, '33.00', '30.00', '1.00', '6.00', 0, 1201, 268),
(1136, '146.00', '132.00', '3.00', '3.00', 0, 1368, 268),
(1137, '7.00', '5.00', '0.00', '150.00', 0, 64, 268),
(1138, '75.00', '60.00', '15.00', '0.50', 0, 115, 268),
(1139, '51.00', '35.00', '9.00', '0.50', 0, 108, 268),
(1140, '56.00', '39.00', '10.00', '0.50', 0, 109, 268),
(1141, '48.00', '38.00', '6.00', '7.00', 1, 125, 268),
(1142, '218.00', '210.00', '3.00', '4.00', 0, 107, 268),
(1143, '7.00', '5.00', '0.00', '300.00', 0, 64, 269),
(1144, '218.00', '210.00', '0.00', '20.00', 0, 107, 269),
(1145, '18.00', '13.00', '0.00', '6.00', 0, 1518, 270),
(1146, '21.00', '7.00', '1.00', '2.00', 0, 607, 270),
(1147, '25.00', '18.75', '0.00', '2.00', 0, 1548, 270),
(1148, '883.00', '793.00', '3.00', '1.00', 0, 1547, 270),
(1149, '60.00', '53.00', '0.00', '11.00', 0, 1549, 270),
(1150, '65.00', '30.00', '0.00', '1.50', 1, 1452, 270),
(1151, '222.00', '190.00', '2.00', '1.00', 1, 1273, 270),
(1152, '212.00', '198.00', '2.00', '7.00', 1, 1370, 270),
(1153, '64.00', '43.20', '0.00', '1.00', 0, 290, 271),
(1154, '120.00', '100.00', '0.00', '1.00', 0, 1365, 271),
(1155, '35.00', '25.00', '0.00', '1.00', 0, 1550, 271),
(1156, '100.00', '85.00', '0.00', '1.00', 0, 627, 271),
(1157, '60.00', '53.00', '1.00', '40.00', 0, 1549, 271),
(1158, '68.00', '60.00', '0.00', '0.25', 0, 1355, 271),
(1159, '7.00', '5.00', '0.00', '300.00', 0, 64, 272),
(1160, '130.00', '120.00', '0.00', '5.00', 0, 119, 272),
(1161, '89.00', '79.00', '0.00', '10.00', 0, 739, 272),
(1162, '68.00', '60.00', '0.00', '1.00', 0, 1355, 272),
(1163, '35.00', '30.00', '0.00', '1.00', 0, 480, 272),
(1164, '218.00', '210.00', '0.00', '10.00', 0, 107, 272),
(1165, '400.00', '370.00', '0.00', '1.00', 0, 273, 273),
(1166, '218.00', '210.00', '0.00', '2.00', 0, 107, 273),
(1167, '45.00', '35.00', '0.00', '2.00', 0, 324, 273),
(1168, '282.00', '267.00', '0.00', '12.00', 0, 90, 274),
(1169, '50.00', '40.00', '0.00', '15.00', 0, 1374, 274),
(1170, '170.00', '135.00', '0.00', '2.00', 0, 1363, 274),
(1171, '56.00', '30.00', '3.00', '1.00', 0, 112, 274),
(1172, '56.00', '39.00', '3.00', '1.00', 0, 109, 274),
(1173, '60.00', '44.00', '2.00', '0.50', 0, 111, 274),
(1174, '282.00', '267.00', '2.00', '5.00', 0, 90, 275),
(1175, '170.00', '135.00', '10.00', '5.00', 0, 1363, 275),
(1176, '56.00', '39.00', '0.00', '1.00', 0, 109, 275),
(1177, '60.00', '44.00', '0.00', '0.50', 0, 111, 275),
(1178, '56.00', '30.00', '0.00', '1.00', 0, 112, 275),
(1179, '38.00', '25.00', '0.00', '5.00', 1, 1551, 276),
(1180, '481.00', '450.00', '0.00', '2.00', 0, 734, 277),
(1181, '1650.00', '1250.00', '0.00', '1.00', 1, 1552, 278),
(1182, '792.00', '740.00', '0.00', '1.00', 0, 1528, 279),
(1183, '62.50', '47.50', '0.00', '6.00', 0, 1354, 280),
(1184, '51.00', '35.00', '0.00', '0.50', 0, 108, 280),
(1185, '75.00', '60.00', '0.00', '0.50', 0, 115, 280),
(1186, '125.00', '100.00', '0.00', '1.00', 0, 255, 280),
(1187, '60.00', '38.00', '0.00', '1.00', 0, 1393, 281),
(1188, '42.00', '32.00', '0.00', '2.00', 0, 1359, 281),
(1189, '162.00', '148.00', '0.00', '3.00', 1, 1366, 282),
(1190, '51.00', '35.00', '0.00', '1.00', 0, 108, 282),
(1191, '218.00', '210.00', '0.00', '2.00', 0, 107, 282),
(1192, '56.00', '30.00', '0.00', '1.00', 0, 112, 282),
(1193, '410.00', '380.00', '0.00', '8.00', 1, 1396, 283),
(1194, '254.00', '235.00', '0.00', '4.00', 0, 89, 283),
(1195, '51.00', '35.00', '0.00', '1.00', 0, 108, 283),
(1196, '53.00', '39.00', '0.00', '2.00', 0, 113, 283),
(1197, '56.00', '39.00', '0.00', '2.00', 0, 109, 283),
(1198, '60.00', '44.00', '0.00', '1.00', 0, 111, 283),
(1199, '218.00', '210.00', '0.00', '5.00', 0, 107, 283),
(1200, '105.00', '81.25', '0.00', '1.00', 0, 114, 283),
(1201, '1800.00', '550.00', '0.00', '1.00', 1, 1113, 283),
(1202, '220.00', '120.00', '10.00', '1.00', 0, 554, 283),
(1203, '150.00', '115.00', '0.00', '1.00', 0, 1553, 283),
(1204, '17.00', '12.00', '0.00', '1.00', 0, 1016, 284),
(1205, '155.00', '144.00', '3.00', '1.00', 0, 103, 284),
(1206, '218.00', '210.00', '0.00', '3.00', 0, 107, 284),
(1207, '310.00', '290.00', '0.00', '2.00', 0, 93, 284),
(1208, '60.00', '44.00', '0.00', '1.00', 0, 111, 284),
(1209, '148.00', '123.00', '0.00', '1.00', 0, 43, 284),
(1210, '18.00', '11.00', '0.00', '1.00', 0, 1529, 284),
(1211, '1.00', '0.25', '0.00', '8.00', 0, 1554, 284),
(1212, '120.00', '100.00', '0.00', '2.00', 0, 709, 284),
(1213, '172.00', '78.00', '0.00', '1.00', 0, 1378, 284),
(1214, '60.00', '51.00', '0.00', '1.00', 0, 578, 284),
(1215, '18.00', '11.00', '0.00', '1.00', 0, 284, 284),
(1216, '7.00', '5.00', '0.00', '10.00', 0, 64, 284),
(1217, '60.00', '45.00', '0.00', '1.00', 0, 1556, 284),
(1218, '54.00', '48.00', '0.00', '0.75', 0, 1489, 284),
(1219, '45.00', '35.00', '0.00', '5.00', 0, 324, 284),
(1220, '34.00', '11.00', '0.00', '1.00', 0, 306, 284),
(1221, '123.00', '117.00', '0.00', '11.00', 0, 1539, 285),
(1222, '42.00', '32.00', '0.00', '2.00', 0, 1359, 285),
(1223, '154.00', '144.00', '0.00', '2.00', 0, 85, 285),
(1224, '75.00', '60.00', '0.00', '0.25', 0, 115, 285),
(1225, '53.00', '39.00', '0.00', '0.25', 0, 113, 285),
(1226, '51.00', '35.00', '0.00', '0.25', 0, 108, 285),
(1227, '14.00', '10.00', '0.00', '1.00', 0, 675, 285),
(1228, '42.00', '32.00', '0.00', '30.00', 0, 1359, 286),
(1229, '33.00', '30.00', '0.00', '50.00', 0, 1201, 286),
(1230, '125.00', '95.00', '0.00', '12.00', 0, 1360, 286),
(1231, '35.00', '25.00', '3.00', '12.00', 0, 1550, 286),
(1232, '130.00', '120.00', '0.00', '10.00', 0, 119, 286),
(1233, '70.00', '52.50', '0.00', '1.00', 0, 1082, 287),
(1234, '16.00', '12.00', '0.00', '1.00', 0, 1294, 287),
(1235, '20.00', '15.00', '0.00', '1.00', 0, 1142, 287),
(1236, '14.00', '6.06', '0.00', '2.00', 0, 1179, 287),
(1237, '65.00', '60.00', '0.00', '1.00', 0, 403, 288),
(1238, '20.00', '15.00', '0.00', '6.00', 0, 491, 288),
(1239, '20.00', '12.00', '0.00', '2.00', 0, 1194, 288),
(1240, '24.00', '8.40', '0.00', '1.00', 0, 305, 288),
(1241, '170.00', '125.00', '0.00', '2.00', 0, 1533, 288),
(1242, '125.00', '100.00', '0.00', '1.00', 0, 1565, 288),
(1243, '120.00', '100.00', '0.00', '2.00', 0, 709, 288),
(1244, '23.00', '15.84', '0.00', '8.00', 0, 1162, 288),
(1245, '700.00', '330.00', '0.00', '1.00', 1, 1451, 288),
(1246, '218.00', '210.00', '0.00', '7.00', 0, 107, 288),
(1247, '48.00', '36.00', '0.00', '1.00', 0, 310, 288),
(1248, '750.00', '330.00', '0.00', '1.00', 1, 1451, 289),
(1249, '218.00', '210.00', '0.00', '3.00', 0, 107, 289),
(1250, '84.00', '40.00', '0.00', '1.00', 0, 624, 289),
(1251, '100.00', '60.00', '0.00', '1.00', 0, 326, 289),
(1252, '232.00', '216.00', '0.00', '7.00', 0, 87, 290),
(1253, '267.00', '252.00', '0.00', '10.00', 0, 106, 290),
(1254, '155.00', '144.00', '0.00', '20.00', 0, 1575, 290),
(1255, '155.00', '144.00', '0.00', '20.00', 0, 1576, 290),
(1256, '617.00', '550.00', '0.00', '1.00', 0, 875, 290),
(1257, '905.00', '850.00', '0.00', '1.00', 0, 874, 290),
(1258, '254.00', '235.00', '0.00', '20.00', 0, 89, 290),
(1259, '250.00', '230.00', '10.00', '1.00', 0, 457, 291),
(1260, '15.00', '8.40', '0.00', '1.00', 0, 484, 292),
(1261, '24.00', '16.00', '0.00', '1.00', 0, 332, 292),
(1262, '133.30', '101.30', '0.00', '4.00', 0, 1371, 293),
(1263, '66.00', '51.00', '0.00', '6.00', 0, 1351, 293),
(1264, '50.00', '38.00', '0.00', '4.00', 0, 1202, 293),
(1265, '33.00', '30.00', '0.00', '10.00', 0, 1201, 293),
(1266, '62.50', '47.50', '0.00', '2.00', 0, 1354, 293),
(1267, '254.00', '235.00', '2.00', '4.00', 0, 89, 294),
(1268, '68.00', '60.00', '0.00', '0.25', 0, 1355, 294),
(1269, '58.00', '42.00', '0.00', '0.50', 0, 110, 294),
(1270, '42.00', '32.00', '0.00', '5.00', 0, 1359, 294),
(1271, '178.00', '158.00', '0.00', '1.00', 1, 1265, 295),
(1272, '83.00', '63.50', '3.00', '2.00', 0, 1353, 296),
(1273, '62.50', '47.50', '2.50', '10.00', 0, 1354, 296),
(1274, '130.00', '120.00', '0.00', '4.00', 0, 119, 296),
(1275, '48.00', '38.00', '0.00', '4.00', 1, 125, 296),
(1276, '51.00', '35.00', '0.00', '1.00', 0, 108, 296),
(1277, '53.00', '39.00', '0.00', '1.00', 0, 113, 296),
(1278, '68.00', '60.00', '0.00', '1.00', 0, 1355, 296),
(1279, '7.00', '5.00', '0.00', '400.00', 0, 64, 297),
(1280, '218.00', '210.00', '0.00', '10.00', 0, 107, 297),
(1281, '65.00', '30.00', '0.00', '8.00', 1, 1452, 297),
(1282, '224.00', '210.00', '0.00', '12.00', 1, 1420, 297),
(1283, '154.00', '140.00', '0.00', '6.00', 1, 1418, 297),
(1284, '51.00', '35.00', '0.00', '5.00', 0, 108, 297),
(1285, '53.00', '39.00', '0.00', '5.00', 0, 113, 297),
(1286, '130.00', '120.00', '0.00', '10.00', 0, 119, 297),
(1287, '48.00', '38.00', '0.00', '10.00', 1, 125, 297),
(1288, '75.00', '60.00', '0.00', '5.00', 0, 116, 297),
(1289, '155.00', '144.00', '0.00', '3.00', 0, 1575, 297),
(1290, '68.00', '60.00', '0.00', '3.00', 0, 1355, 297),
(1291, '400.00', '383.00', '0.00', '1.00', 0, 160, 297),
(1292, '72.00', '66.50', '0.00', '1.00', 0, 300, 297),
(1293, '300.00', '250.00', '0.00', '1.00', 0, 1511, 297),
(1294, '710.00', '604.00', '0.00', '2.00', 0, 236, 297),
(1295, '790.00', '760.00', '0.00', '1.00', 0, 96, 298),
(1296, '199.00', '185.00', '0.00', '1.00', 1, 81, 298),
(1297, '56.00', '30.00', '0.00', '1.00', 0, 112, 298),
(1298, '148.00', '123.00', '0.00', '1.00', 0, 43, 298),
(1299, '161.00', '131.00', '0.00', '1.00', 0, 270, 298),
(1300, '37.00', '25.00', '0.00', '3.00', 0, 162, 298),
(1301, '154.00', '140.00', '0.00', '30.00', 1, 1418, 299),
(1302, '155.00', '144.00', '0.00', '2.00', 0, 1575, 299),
(1303, '120.00', '100.00', '0.00', '2.00', 0, 1365, 299),
(1304, '218.00', '210.00', '0.00', '10.00', 0, 107, 299),
(1305, '66.00', '50.00', '0.00', '1.00', 0, 1011, 299),
(1306, '75.00', '65.00', '3.00', '6.00', 0, 1373, 300),
(1307, '62.50', '47.50', '2.50', '26.00', 0, 1354, 300),
(1308, '42.00', '32.00', '2.00', '15.00', 0, 1359, 300),
(1309, '230.00', '215.00', '5.00', '12.00', 0, 97, 300),
(1310, '790.00', '760.00', '5.00', '3.00', 0, 96, 300),
(1311, '267.00', '252.00', '35.00', '2.00', 0, 106, 300),
(1312, '240.00', '224.00', '8.00', '6.00', 0, 78, 300),
(1313, '120.00', '100.00', '0.00', '3.00', 0, 1365, 300),
(1314, '105.00', '81.25', '0.00', '1.00', 0, 114, 300),
(1315, '45.00', '35.00', '0.00', '3.00', 0, 324, 301),
(1316, '154.00', '140.00', '0.00', '15.00', 1, 1418, 302),
(1317, '189.00', '175.00', '0.00', '15.00', 1, 1419, 302),
(1318, '155.00', '144.00', '0.00', '2.00', 0, 1575, 302),
(1319, '120.00', '100.00', '0.00', '2.00', 0, 1365, 302),
(1320, '218.00', '210.00', '0.00', '10.00', 0, 107, 302),
(1321, '66.00', '50.00', '0.00', '1.00', 0, 1011, 302),
(1322, '52.50', '42.50', '0.00', '3.00', 0, 320, 303),
(1323, '42.00', '32.00', '2.00', '10.00', 0, 1359, 304),
(1324, '154.00', '144.00', '0.00', '1.00', 0, 85, 305),
(1325, '155.00', '144.00', '0.00', '1.00', 0, 103, 305),
(1326, '170.00', '135.00', '0.00', '1.00', 0, 1363, 306),
(1327, '200.00', '150.00', '0.00', '1.00', 0, 714, 306),
(1328, '60.00', '35.00', '0.00', '1.00', 0, 556, 306),
(1329, '224.00', '210.00', '3.00', '3.00', 1, 1420, 307),
(1330, '155.00', '144.00', '3.00', '2.00', 0, 1575, 307),
(1331, '230.00', '215.00', '2.00', '2.00', 0, 97, 307),
(1332, '50.00', '40.00', '2.00', '11.00', 0, 1374, 307),
(1333, '53.00', '39.00', '0.00', '1.00', 0, 113, 307),
(1334, '56.00', '30.00', '4.00', '1.00', 0, 112, 307),
(1335, '133.30', '101.30', '0.00', '6.00', 0, 1371, 307),
(1336, '138.00', '120.00', '0.00', '2.00', 0, 706, 307),
(1337, '48.00', '38.00', '0.00', '16.00', 1, 125, 308),
(1338, '170.00', '135.00', '0.00', '1.00', 0, 1363, 309),
(1339, '17.00', '11.17', '0.00', '5.00', 0, 1178, 310),
(1340, '11.00', '8.25', '1.00', '1.00', 0, 1297, 310),
(1341, '18.00', '8.00', '0.00', '1.00', 0, 589, 310),
(1342, '2.00', '1.00', '0.00', '3.00', 1, 1445, 310),
(1343, '282.00', '267.00', '0.00', '3.00', 0, 90, 310),
(1344, '60.00', '44.00', '0.00', '0.50', 0, 111, 310),
(1345, '58.00', '42.00', '0.00', '0.50', 0, 110, 310),
(1346, '240.00', '180.00', '0.00', '1.00', 1, 1323, 310),
(1347, '25.00', '18.75', '0.00', '2.00', 0, 1143, 310),
(1348, '100.00', '75.00', '0.00', '1.00', 0, 1099, 310),
(1349, '56.00', '39.00', '0.00', '0.75', 0, 109, 310),
(1350, '254.00', '235.00', '0.00', '1.00', 0, 89, 310),
(1351, '20.00', '18.00', '2.00', '4.00', 0, 1425, 310),
(1352, '33.00', '30.00', '0.00', '3.00', 0, 1201, 310),
(1353, '51.00', '35.00', '0.00', '0.25', 0, 108, 310),
(1354, '53.00', '39.00', '0.00', '0.50', 0, 113, 310),
(1355, '154.00', '144.00', '0.00', '3.00', 0, 85, 310),
(1356, '81.00', '66.20', '0.00', '1.00', 0, 1582, 311),
(1357, '37.00', '24.00', '0.00', '3.00', 0, 1362, 311),
(1358, '58.00', '42.00', '0.00', '0.50', 0, 110, 311),
(1359, '60.00', '38.00', '0.00', '1.00', 0, 1393, 311),
(1360, '51.00', '35.00', '0.00', '1.00', 0, 108, 311),
(1361, '53.00', '39.00', '0.00', '2.50', 0, 113, 311),
(1362, '50.00', '38.00', '0.00', '1.00', 0, 1202, 311),
(1363, '33.00', '30.00', '0.00', '1.00', 0, 1201, 311),
(1364, '90.00', '75.00', '0.00', '1.00', 0, 1580, 311),
(1365, '19.00', '15.00', '0.00', '2.00', 0, 1578, 311),
(1366, '88.00', '76.00', '0.00', '5.00', 0, 1584, 311),
(1367, '58.00', '40.00', '0.00', '1.00', 0, 824, 311),
(1368, '48.00', '38.00', '0.00', '2.00', 1, 125, 311),
(1369, '170.00', '125.00', '0.00', '1.00', 0, 1533, 311),
(1370, '100.00', '88.00', '0.00', '1.00', 0, 142, 311),
(1371, '37.00', '25.00', '0.00', '2.00', 0, 162, 311),
(1372, '25.00', '20.00', '0.00', '1.00', 0, 318, 311),
(1373, '60.00', '38.00', '0.00', '1.00', 0, 1393, 312),
(1374, '45.00', '30.00', '0.00', '1.00', 0, 815, 312),
(1375, '250.00', '230.00', '10.00', '1.00', 0, 457, 312),
(1376, '161.00', '131.00', '1.00', '1.00', 0, 270, 312),
(1377, '28.00', '15.75', '3.00', '2.00', 0, 587, 312),
(1378, '13.00', '6.00', '0.00', '120.00', 0, 1110, 312),
(1379, '50.00', '40.00', '2.00', '2.00', 0, 1374, 312),
(1380, '47.00', '40.00', '0.00', '1.00', 0, 256, 312),
(1381, '8.00', '5.00', '0.00', '1.00', 1, 1403, 312),
(1382, '100.00', '75.00', '0.00', '1.00', 0, 1120, 312),
(1383, '60.00', '45.00', '0.00', '2.00', 0, 1556, 312),
(1384, '250.00', '212.50', '0.00', '1.00', 0, 1583, 312),
(1385, '115.00', '109.25', '0.00', '2.00', 0, 1585, 312),
(1386, '53.00', '39.00', '0.00', '0.25', 0, 113, 312),
(1387, '33.00', '30.00', '0.00', '3.00', 0, 1201, 312),
(1388, '37.00', '25.00', '1.00', '1.00', 0, 162, 312),
(1389, '47.00', '38.00', '0.00', '1.00', 0, 286, 312),
(1390, '33.00', '30.00', '1.00', '20.00', 0, 1201, 313),
(1391, '282.00', '267.00', '2.00', '1.00', 0, 90, 314),
(1392, '165.00', '135.00', '0.00', '1.00', 0, 1392, 314),
(1393, '50.00', '40.00', '0.00', '2.00', 0, 1374, 314),
(1394, '37.00', '24.00', '0.00', '1.00', 0, 1362, 314),
(1395, '60.00', '44.00', '0.00', '0.25', 0, 111, 314),
(1396, '56.00', '30.00', '0.00', '0.25', 0, 112, 314),
(1397, '21.00', '15.50', '0.00', '2.00', 0, 558, 314),
(1398, '11.50', '8.00', '0.00', '1.00', 0, 647, 314),
(1399, '20.00', '13.00', '0.00', '1.00', 0, 1518, 314),
(1400, '290.00', '270.00', '5.00', '1.00', 1, 1440, 314),
(1401, '290.00', '270.00', '5.00', '1.00', 1, 1438, 314),
(1402, '42.00', '32.00', '2.00', '8.00', 0, 1359, 315),
(1403, '50.00', '40.00', '2.00', '18.00', 0, 1374, 315),
(1404, '33.00', '30.00', '1.00', '10.00', 0, 1201, 315),
(1405, '51.00', '35.00', '0.00', '1.00', 0, 108, 315),
(1406, '53.00', '39.00', '0.00', '1.00', 0, 113, 315),
(1407, '56.00', '30.00', '0.00', '1.00', 0, 112, 315),
(1408, '58.00', '42.00', '0.00', '1.00', 0, 110, 315),
(1409, '282.00', '267.00', '2.00', '10.00', 0, 90, 315),
(1410, '218.00', '210.00', '0.00', '5.00', 0, 107, 316),
(1411, '9.00', '6.00', '0.25', '220.00', 0, 1479, 317),
(1412, '220.00', '210.00', '0.00', '10.00', 0, 107, 317),
(1413, '130.00', '120.00', '0.00', '11.00', 0, 119, 317),
(1414, '1800.00', '550.00', '0.00', '1.00', 1, 1113, 317),
(1415, '90.00', '63.50', '0.00', '4.00', 0, 1353, 317),
(1416, '180.00', '126.66', '0.00', '5.00', 0, 1372, 317),
(1417, '67.50', '47.50', '0.00', '15.00', 0, 1354, 317),
(1418, '45.00', '32.00', '0.00', '50.00', 0, 1359, 317),
(1419, '300.00', '280.00', '5.00', '9.00', 0, 79, 317),
(1420, '189.00', '175.00', '0.00', '4.00', 1, 1419, 317),
(1421, '660.00', '200.00', '0.00', '2.00', 0, 885, 317),
(1422, '75.00', '60.00', '0.00', '2.00', 0, 115, 317),
(1423, '51.00', '35.00', '3.00', '2.00', 0, 108, 317),
(1424, '53.00', '39.00', '1.00', '4.00', 0, 113, 317),
(1425, '56.00', '39.00', '2.00', '2.00', 0, 109, 317),
(1426, '68.00', '60.00', '0.00', '0.25', 0, 1355, 317),
(1427, '195.00', '165.00', '0.00', '1.00', 0, 231, 317),
(1428, '130.00', '120.00', '0.00', '12.00', 0, 119, 318),
(1429, '48.00', '38.00', '0.00', '10.00', 1, 125, 318),
(1430, '218.00', '210.00', '0.00', '10.00', 0, 107, 318),
(1431, '7.00', '5.00', '0.00', '50.00', 0, 64, 318),
(1432, '282.00', '267.00', '0.00', '1.00', 0, 90, 318),
(1433, '137.00', '127.00', '0.00', '1.00', 0, 1588, 318),
(1434, '105.00', '81.25', '0.00', '0.25', 0, 114, 318),
(1435, '32.00', '10.00', '0.00', '6.00', 0, 62, 318),
(1436, '41.00', '30.75', '0.00', '1.00', 0, 1137, 318),
(1437, '1.00', '0.25', '0.00', '10.00', 0, 1589, 318),
(1438, '83.00', '63.50', '0.00', '20.00', 0, 1353, 318),
(1439, '150.00', '130.00', '0.00', '3.00', 0, 1422, 318),
(1440, '56.00', '39.00', '0.00', '2.50', 0, 109, 318),
(1441, '140.00', '80.00', '0.00', '1.00', 0, 1534, 318),
(1442, '140.00', '105.00', '0.00', '1.00', 1, 1102, 318),
(1443, '58.00', '42.00', '0.00', '0.50', 0, 110, 318),
(1444, '73.00', '54.75', '0.00', '4.00', 1, 1318, 319),
(1445, '35.00', '26.25', '0.00', '1.00', 1, 1314, 319),
(1446, '355.00', '330.00', '0.00', '1.00', 1, 1397, 319),
(1447, '282.00', '267.00', '0.00', '1.00', 0, 90, 319),
(1448, '254.00', '235.00', '0.00', '2.00', 0, 89, 319),
(1449, '105.00', '81.25', '0.00', '0.50', 0, 114, 319),
(1450, '42.00', '32.00', '0.00', '6.00', 0, 1359, 319),
(1451, '8.00', '3.00', '0.00', '6.00', 0, 1413, 319),
(1452, '12.00', '7.00', '0.00', '1.00', 0, 1435, 319),
(1453, '55.00', '33.00', '0.00', '2.00', 0, 1590, 319),
(1454, '50.00', '38.00', '2.00', '1.00', 0, 1202, 320),
(1455, '62.50', '47.50', '2.50', '2.00', 0, 1354, 320),
(1456, '75.00', '65.00', '3.00', '1.00', 0, 1373, 320),
(1457, '66.00', '51.00', '2.00', '1.00', 0, 1351, 320),
(1458, '100.00', '85.00', '4.00', '1.00', 1, 1417, 320),
(1459, '150.00', '130.00', '6.00', '2.00', 0, 1422, 320),
(1460, '200.00', '176.00', '8.00', '1.00', 0, 1587, 320),
(1461, '47.00', '35.00', '0.00', '0.53', 0, 1449, 320),
(1462, '51.00', '35.00', '0.00', '0.50', 0, 108, 320),
(1463, '7.50', '5.00', '0.00', '100.00', 0, 64, 321),
(1464, '218.00', '210.00', '0.00', '2.00', 0, 107, 321),
(1465, '170.00', '135.00', '0.00', '2.00', 0, 1392, 321),
(1466, '48.00', '38.00', '1.00', '4.00', 1, 125, 321),
(1467, '138.00', '120.00', '0.00', '1.25', 0, 706, 321),
(1468, '55.00', '33.00', '0.00', '1.00', 0, 1590, 321),
(1469, '33.00', '30.00', '1.00', '3.00', 0, 1201, 321),
(1470, '170.00', '125.00', '0.00', '1.00', 0, 1533, 321),
(1471, '58.00', '42.00', '0.00', '0.50', 0, 110, 321),
(1472, '199.00', '185.00', '0.00', '3.00', 1, 81, 322),
(1473, '236.00', '222.00', '0.00', '2.00', 1, 1367, 322),
(1474, '68.00', '60.00', '0.00', '1.00', 0, 1355, 323),
(1475, '218.00', '210.00', '0.00', '20.00', 0, 107, 324),
(1476, '170.00', '125.00', '0.00', '30.00', 0, 1533, 324),
(1477, '140.00', '80.00', '0.00', '3.00', 0, 1534, 324),
(1478, '218.00', '210.00', '0.00', '5.00', 0, 107, 325),
(1479, '550.00', '330.00', '0.00', '1.00', 1, 1451, 325),
(1480, '190.00', '172.00', '0.00', '25.00', 0, 118, 326),
(1481, '33.00', '30.00', '0.00', '7.00', 0, 1201, 327),
(1482, '170.00', '135.00', '5.00', '3.00', 0, 1392, 327),
(1483, '47.00', '35.00', '0.00', '0.50', 0, 1449, 327),
(1484, '51.00', '35.00', '0.00', '0.25', 0, 108, 327),
(1485, '53.00', '39.00', '0.00', '0.25', 0, 113, 327),
(1486, '56.00', '39.00', '0.00', '0.50', 0, 109, 327),
(1487, '58.00', '42.00', '0.00', '0.50', 0, 110, 327),
(1488, '1300.00', '550.00', '0.00', '1.00', 1, 1113, 328),
(1489, '7.00', '5.00', '0.00', '100.00', 0, 64, 328),
(1490, '218.00', '210.00', '1.00', '5.00', 0, 107, 328),
(1491, '130.00', '120.00', '2.00', '6.00', 0, 119, 328),
(1492, '48.00', '38.00', '3.00', '8.00', 1, 125, 328),
(1493, '282.00', '267.00', '0.00', '1.00', 0, 90, 328),
(1494, '53.00', '37.00', '5.00', '0.50', 0, 111, 328),
(1495, '47.00', '31.00', '0.00', '0.50', 0, 112, 328),
(1496, '45.00', '31.00', '0.00', '0.50', 0, 113, 328),
(1497, '68.00', '60.00', '0.00', '0.50', 0, 1355, 328),
(1498, '75.00', '65.00', '3.00', '10.00', 0, 1373, 328),
(1499, '120.00', '118.00', '0.00', '1.00', 0, 117, 329),
(1500, '50.00', '38.00', '0.00', '2.00', 0, 1202, 329),
(1501, '33.00', '30.00', '0.00', '3.00', 0, 1201, 329),
(1502, '47.00', '31.00', '0.00', '0.50', 0, 112, 329),
(1503, '75.00', '45.00', '3.00', '12.00', 1, 1600, 329),
(1504, '218.00', '210.00', '0.00', '5.00', 0, 107, 330),
(1505, '48.00', '38.00', '1.00', '16.00', 1, 125, 331),
(1506, '130.00', '120.00', '3.00', '10.00', 0, 119, 331),
(1507, '218.00', '210.00', '2.00', '15.00', 0, 107, 331),
(1508, '212.00', '198.00', '0.00', '3.00', 1, 1370, 332),
(1509, '7.00', '5.00', '0.00', '300.00', 0, 64, 333),
(1510, '130.00', '120.00', '5.00', '25.00', 0, 119, 333),
(1511, '33.00', '30.00', '0.00', '20.00', 0, 1201, 333),
(1512, '342.00', '310.00', '5.00', '8.00', 0, 732, 334),
(1513, '68.00', '60.00', '3.00', '3.00', 0, 1355, 334),
(1514, '55.00', '30.00', '0.00', '1.00', 0, 1285, 335),
(1515, '16.00', '12.00', '0.00', '1.00', 0, 1294, 335),
(1516, '18.00', '8.00', '0.00', '1.00', 0, 589, 335),
(1517, '14.00', '9.00', '0.00', '1.00', 0, 325, 335),
(1518, '170.00', '110.00', '0.00', '1.00', 0, 616, 335),
(1519, '17.00', '11.17', '1.00', '5.00', 0, 1178, 335),
(1520, '84.50', '76.05', '0.50', '1.00', 0, 1602, 335),
(1521, '520.00', '460.00', '10.00', '2.00', 1, 1581, 335),
(1522, '310.00', '290.00', '5.00', '10.00', 0, 93, 336),
(1523, '265.00', '240.00', '0.00', '10.00', 0, 601, 337),
(1524, '550.00', '425.00', '0.00', '4.00', 0, 355, 337),
(1525, '43.00', '28.00', '0.00', '3.00', 0, 1601, 337),
(1526, '48.00', '30.00', '0.00', '1.00', 0, 807, 337),
(1527, '20.00', '10.00', '0.00', '8.00', 0, 812, 337),
(1528, '38.00', '15.00', '0.00', '1.00', 0, 813, 337),
(1529, '250.00', '200.00', '0.00', '5.00', 0, 254, 337),
(1530, '125.00', '100.00', '0.00', '3.00', 0, 255, 337),
(1531, '140.00', '135.00', '0.00', '2.00', 0, 1427, 337),
(1532, '30.00', '1.50', '0.00', '20.00', 0, 417, 337),
(1533, '100.00', '86.00', '0.00', '2.00', 0, 755, 337),
(1534, '60.00', '51.00', '0.00', '9.00', 0, 578, 337),
(1535, '25.00', '12.75', '0.00', '15.00', 1, 1327, 337),
(1536, '137.00', '127.00', '0.00', '5.00', 0, 1588, 337),
(1537, '71.00', '63.90', '0.00', '6.00', 0, 1603, 337),
(1538, '310.00', '290.00', '5.00', '1.00', 0, 93, 338),
(1539, '790.00', '760.00', '5.00', '2.00', 0, 96, 339),
(1540, '310.00', '290.00', '5.00', '1.00', 0, 93, 339),
(1541, '355.00', '330.00', '5.00', '3.00', 1, 1397, 340),
(1542, '790.00', '760.00', '5.00', '2.00', 0, 96, 340),
(1543, '310.00', '290.00', '5.00', '1.00', 0, 93, 340),
(1544, '254.00', '235.00', '0.00', '1.00', 0, 89, 341),
(1545, '60.00', '38.00', '0.00', '1.00', 0, 1393, 341),
(1546, '53.00', '37.00', '0.00', '0.25', 0, 111, 341),
(1547, '47.00', '31.00', '0.00', '0.50', 0, 109, 341),
(1548, '45.00', '31.00', '0.00', '0.50', 0, 113, 341),
(1549, '7.00', '5.00', '0.00', '50.00', 0, 64, 341),
(1550, '218.00', '210.00', '0.00', '2.00', 0, 107, 341),
(1551, '600.00', '330.00', '0.00', '1.00', 1, 1451, 341),
(1552, '882.00', '866.00', '5.00', '1.00', 0, 1220, 341),
(1553, '55.00', '33.00', '0.00', '1.00', 0, 1590, 341),
(1554, '7.00', '5.00', '0.00', '50.00', 0, 64, 342),
(1555, '218.00', '210.00', '0.00', '3.00', 0, 107, 342),
(1556, '130.00', '120.00', '0.00', '2.00', 0, 119, 342),
(1557, '70.00', '55.20', '0.00', '1.00', 0, 292, 342),
(1558, '33.00', '30.00', '0.00', '6.00', 0, 1201, 342),
(1559, '45.00', '31.00', '0.00', '1.00', 0, 113, 342),
(1560, '35.00', '20.00', '5.00', '2.00', 0, 1446, 342),
(1561, '30.00', '20.00', '0.00', '2.00', 0, 1394, 342),
(1562, '23.00', '17.86', '0.00', '6.00', 0, 1177, 342),
(1563, '70.00', '52.50', '0.00', '2.00', 0, 1082, 342),
(1564, '20.00', '15.00', '0.00', '1.00', 0, 1303, 342),
(1565, '23.00', '17.25', '0.00', '12.00', 0, 1132, 342),
(1566, '60.00', '45.00', '0.00', '1.00', 0, 1555, 342),
(1567, '89.00', '79.00', '0.00', '3.00', 0, 739, 343),
(1568, '130.00', '120.00', '0.00', '2.00', 0, 119, 343),
(1569, '218.00', '210.00', '0.00', '5.00', 0, 107, 343),
(1570, '68.00', '60.00', '0.00', '0.25', 0, 1355, 343),
(1571, '87.00', '65.00', '0.00', '1.00', 0, 664, 343),
(1572, '15.00', '10.00', '0.00', '4.00', 0, 667, 343),
(1573, '150.00', '120.00', '0.00', '1.00', 0, 1525, 343),
(1574, '8.68', '5.00', '0.00', '30.00', 0, 64, 343),
(1575, '33.00', '30.00', '0.00', '3.00', 0, 1201, 343),
(1576, '45.00', '31.00', '0.00', '0.50', 0, 113, 343),
(1577, '72.00', '45.50', '0.00', '1.00', 0, 557, 343),
(1578, '269.00', '240.00', '2.00', '4.00', 0, 684, 343),
(1579, '29.00', '20.00', '0.00', '2.00', 0, 688, 343),
(1580, '83.00', '63.50', '3.00', '4.00', 0, 1353, 343),
(1581, '62.50', '47.50', '2.50', '6.00', 0, 1354, 343),
(1582, '40.00', '35.00', '0.00', '1.00', 0, 1424, 343),
(1583, '45.00', '35.00', '0.00', '4.00', 0, 1477, 344),
(1584, '43.00', '27.00', '0.00', '0.50', 0, 108, 344),
(1585, '45.00', '31.00', '0.00', '0.50', 0, 113, 344),
(1586, '49.00', '33.00', '0.00', '1.50', 0, 110, 344),
(1587, '130.00', '38.90', '0.00', '0.50', 0, 640, 344),
(1588, '103.00', '29.80', '0.00', '0.75', 0, 641, 344),
(1589, '155.00', '144.00', '0.00', '2.00', 0, 103, 344),
(1590, '220.00', '210.00', '0.00', '4.00', 0, 107, 344),
(1591, '180.00', '160.00', '0.00', '3.00', 0, 88, 344),
(1592, '310.00', '290.00', '0.00', '1.00', 0, 93, 344),
(1593, '33.00', '30.00', '1.00', '18.00', 0, 1201, 344),
(1594, '7.00', '5.00', '0.00', '6.00', 0, 64, 344),
(1595, '7.00', '5.00', '0.00', '2.00', 0, 654, 344),
(1596, '14.00', '10.50', '0.00', '10.00', 0, 349, 344),
(1597, '120.00', '108.00', '5.00', '1.00', 0, 1606, 344),
(1598, '56.00', '31.00', '0.00', '2.00', 0, 112, 345),
(1599, '45.00', '30.00', '0.00', '2.00', 0, 754, 345),
(1600, '35.00', '17.25', '0.00', '50.00', 1, 1326, 345),
(1601, '145.00', '121.00', '0.00', '2.00', 0, 841, 345),
(1602, '1300.00', '450.00', '0.00', '1.00', 1, 1115, 346),
(1603, '269.00', '240.00', '0.00', '2.00', 0, 684, 346),
(1604, '29.00', '20.00', '0.00', '2.00', 0, 688, 346),
(1605, '202.00', '180.00', '0.00', '1.00', 0, 673, 346),
(1606, '15.00', '10.00', '0.00', '1.00', 0, 667, 346),
(1607, '154.00', '144.00', '0.00', '4.00', 0, 85, 347),
(1608, '55.00', '33.00', '5.00', '5.00', 0, 1590, 347),
(1609, '43.00', '27.00', '0.00', '0.25', 0, 108, 347),
(1610, '47.00', '31.00', '0.00', '1.00', 0, 109, 347),
(1611, '47.00', '40.00', '0.00', '1.00', 0, 256, 347),
(1612, '108.00', '88.00', '0.00', '2.00', 0, 663, 347),
(1613, '8.00', '5.00', '0.00', '1.00', 0, 666, 347),
(1614, '21.00', '18.00', '0.00', '2.00', 0, 676, 347),
(1615, '43.50', '30.00', '0.00', '2.00', 0, 687, 347),
(1616, '67.50', '50.00', '0.00', '1.00', 0, 689, 347),
(1617, '55.00', '39.00', '0.00', '1.00', 0, 342, 347),
(1618, '16.00', '9.60', '0.00', '1.00', 0, 328, 347),
(1619, '218.00', '210.00', '0.00', '1.00', 0, 107, 347),
(1620, '69.00', '53.00', '0.00', '2.00', 0, 1549, 347),
(1621, '155.00', '135.00', '5.00', '1.00', 0, 195, 348),
(1622, '37.00', '25.00', '0.00', '1.00', 0, 162, 348),
(1623, '190.00', '172.00', '0.00', '15.00', 0, 118, 349),
(1624, '132.00', '120.00', '0.00', '10.00', 0, 119, 349),
(1625, '444.00', '399.60', '0.00', '1.00', 0, 1611, 349),
(1626, '550.00', '300.00', '0.00', '1.00', 0, 319, 349),
(1627, '25.00', '20.00', '0.00', '1.00', 0, 318, 349),
(1628, '57.50', '48.75', '0.00', '1.00', 0, 1612, 349),
(1629, '70.00', '48.75', '0.00', '2.00', 0, 287, 349),
(1630, '154.00', '144.00', '2.00', '5.00', 0, 85, 350),
(1631, '13.00', '9.00', '1.00', '1.00', 0, 650, 350),
(1632, '96.00', '80.00', '0.00', '1.00', 0, 361, 350),
(1633, '187.00', '156.00', '0.00', '1.00', 0, 364, 350),
(1634, '75.00', '65.00', '3.00', '2.00', 0, 1373, 350),
(1635, '33.00', '30.00', '1.00', '6.00', 0, 1201, 350),
(1636, '50.00', '31.00', '0.00', '5.00', 0, 928, 351),
(1637, '5000.00', '4400.00', '0.00', '1.00', 0, 1608, 352),
(1638, '310.00', '290.00', '5.00', '8.00', 0, 93, 353),
(1639, '970.00', '910.00', '0.00', '1.00', 0, 1476, 353),
(1640, '53.00', '37.00', '0.00', '1.00', 0, 111, 353),
(1641, '218.00', '210.00', '0.00', '1.00', 0, 107, 353),
(1642, '551.00', '501.00', '1.00', '1.00', 0, 34, 354),
(1643, '218.00', '210.00', '0.00', '1.00', 0, 107, 354),
(1644, '234.00', '8.00', '4.00', '1.00', 1, 1240, 355),
(1645, '7.00', '5.00', '0.00', '350.00', 0, 64, 356),
(1646, '89.00', '79.00', '0.00', '13.00', 0, 739, 356),
(1647, '100.00', '85.00', '0.00', '12.00', 1, 1417, 356),
(1648, '75.00', '65.00', '0.00', '12.00', 0, 1373, 356),
(1649, '520.00', '460.00', '0.00', '1.00', 1, 1581, 356),
(1650, '600.00', '565.00', '20.00', '1.00', 0, 1504, 356),
(1651, '110.00', '100.00', '0.00', '1.00', 0, 467, 356),
(1652, '117.00', '100.00', '1.00', '1.00', 1, 1482, 356),
(1653, '52.50', '42.50', '0.00', '6.00', 0, 320, 356),
(1654, '18.00', '11.00', '0.00', '2.00', 0, 284, 356),
(1655, '49.00', '33.00', '0.00', '2.50', 0, 110, 356),
(1656, '25.00', '20.00', '0.00', '1.00', 0, 318, 356),
(1657, '47.00', '31.00', '0.00', '0.50', 0, 109, 356),
(1658, '2.00', '0.70', '0.00', '50.00', 1, 1398, 356),
(1659, '43.00', '27.00', '0.00', '3.25', 0, 108, 356),
(1660, '260.00', '210.00', '5.00', '1.00', 0, 153, 356),
(1661, '161.00', '136.00', '0.00', '1.00', 0, 46, 356),
(1662, '43.00', '27.00', '0.00', '3.00', 0, 108, 357),
(1663, '47.00', '31.00', '0.00', '3.00', 0, 112, 357),
(1664, '68.00', '60.00', '0.00', '2.00', 0, 1355, 357),
(1665, '1200.00', '1100.00', '0.00', '1.00', 1, 1116, 357),
(1666, '1300.00', '550.00', '0.00', '1.00', 1, 1113, 357),
(1667, '33.00', '30.00', '1.00', '5.00', 0, 1201, 358),
(1668, '224.00', '210.00', '2.00', '5.00', 1, 1420, 358),
(1669, '75.00', '60.00', '0.00', '0.25', 0, 115, 358),
(1670, '55.00', '40.00', '0.00', '1.00', 1, 1330, 358),
(1671, '269.00', '240.00', '4.00', '2.00', 0, 684, 358),
(1672, '24.00', '20.00', '0.00', '1.00', 0, 686, 358),
(1673, '47.00', '40.00', '0.00', '2.00', 0, 256, 358),
(1674, '822.00', '806.00', '5.00', '1.00', 0, 1219, 358),
(1675, '475.00', '440.00', '0.00', '1.00', 0, 91, 358),
(1676, '815.00', '765.00', '0.00', '1.00', 0, 92, 358),
(1677, '54.00', '40.00', '0.00', '1.25', 0, 1404, 358),
(1678, '1.00', '0.25', '0.00', '95.00', 0, 1554, 358),
(1679, '100.00', '69.00', '0.00', '0.25', 0, 1510, 358),
(1680, '561.00', '501.00', '0.00', '1.00', 0, 34, 359),
(1681, '160.00', '135.00', '0.00', '3.00', 0, 201, 359),
(1682, '180.00', '137.00', '0.00', '1.00', 0, 204, 359),
(1683, '55.00', '42.50', '0.00', '1.00', 0, 320, 359),
(1684, '80.00', '65.00', '0.00', '1.00', 0, 1613, 359),
(1685, '1800.00', '550.00', '0.00', '1.00', 1, 1113, 360),
(1686, '68.00', '60.00', '0.00', '4.00', 0, 1355, 360),
(1687, '9.00', '6.00', '0.25', '100.00', 0, 1479, 360),
(1688, '130.00', '120.00', '3.00', '10.00', 0, 119, 361),
(1689, '48.00', '38.00', '0.00', '5.00', 1, 125, 361),
(1690, '815.00', '765.00', '0.00', '3.00', 0, 92, 362),
(1691, '950.00', '920.00', '0.00', '3.00', 0, 95, 362),
(1692, '195.00', '165.00', '0.00', '1.00', 0, 231, 362),
(1693, '620.00', '575.00', '0.00', '1.00', 0, 94, 362),
(1694, '440.00', '435.00', '0.00', '1.00', 0, 1429, 362),
(1695, '33.00', '30.00', '0.00', '20.00', 0, 1201, 363),
(1696, '62.50', '47.50', '0.00', '25.00', 0, 1354, 363),
(1697, '154.00', '144.00', '0.00', '8.00', 0, 85, 363),
(1698, '75.00', '60.00', '0.00', '2.00', 0, 116, 363),
(1699, '125.00', '95.00', '5.00', '10.00', 0, 1360, 364),
(1700, '33.00', '30.00', '0.00', '3.00', 0, 1201, 364),
(1701, '100.00', '69.00', '0.00', '1.00', 0, 121, 364),
(1702, '35.00', '20.00', '5.00', '3.00', 0, 1447, 364),
(1703, '218.00', '210.00', '0.00', '1.00', 0, 107, 364),
(1704, '45.00', '30.00', '0.00', '1.00', 0, 815, 364),
(1705, '25.00', '42.00', '1.00', '1.00', 0, 316, 364),
(1706, '407.00', '357.00', '0.00', '1.00', 0, 36, 364),
(1707, '600.00', '575.00', '0.00', '1.00', 0, 94, 364),
(1708, '267.00', '252.00', '2.00', '1.00', 0, 106, 364),
(1709, '155.00', '144.00', '3.00', '2.00', 0, 1575, 364),
(1710, '162.00', '148.00', '2.00', '3.00', 1, 1366, 364),
(1711, '75.00', '65.00', '0.00', '3.00', 0, 1373, 365),
(1712, '62.50', '47.50', '0.00', '6.00', 0, 1354, 365),
(1713, '50.00', '40.00', '0.00', '10.00', 0, 1374, 365),
(1714, '120.00', '100.00', '0.00', '1.00', 0, 1365, 365),
(1715, '53.00', '37.00', '0.00', '1.00', 0, 111, 365),
(1716, '49.00', '33.00', '0.00', '0.50', 0, 110, 365),
(1717, '47.00', '31.00', '0.00', '0.50', 0, 109, 365),
(1718, '47.00', '31.00', '0.00', '0.50', 0, 112, 365),
(1719, '45.00', '31.00', '0.00', '1.00', 0, 113, 365),
(1720, '43.00', '27.00', '0.00', '1.00', 0, 108, 365),
(1721, '7.00', '5.00', '0.00', '50.00', 0, 64, 366),
(1722, '218.00', '210.00', '0.00', '1.00', 0, 107, 366),
(1723, '154.00', '144.00', '2.00', '2.00', 0, 85, 366),
(1724, '75.00', '60.00', '0.00', '0.25', 0, 115, 366),
(1725, '53.00', '37.00', '0.00', '0.25', 0, 111, 366),
(1726, '47.00', '31.00', '0.00', '0.25', 0, 112, 366),
(1727, '45.00', '31.00', '0.00', '0.25', 0, 113, 366),
(1728, '43.00', '27.00', '0.00', '0.25', 0, 108, 366),
(1729, '155.00', '135.00', '0.00', '1.00', 0, 195, 366),
(1730, '10.00', '5.00', '0.00', '1.00', 0, 302, 366),
(1731, '16.00', '11.17', '1.00', '15.00', 0, 1181, 366),
(1732, '75.00', '65.00', '0.00', '5.00', 0, 1500, 366),
(1733, '189.00', '175.00', '0.00', '10.00', 1, 1419, 367),
(1734, '120.00', '100.00', '0.00', '1.50', 0, 1365, 367),
(1735, '47.00', '40.00', '0.00', '1.00', 0, 256, 367),
(1736, '883.00', '793.00', '0.00', '1.00', 0, 1547, 368),
(1737, '882.00', '866.00', '7.00', '1.00', 0, 1220, 369),
(1738, '58.00', '31.00', '0.00', '2.00', 0, 112, 370),
(1739, '60.00', '37.00', '0.00', '1.00', 0, 111, 370),
(1740, '60.00', '45.00', '0.00', '2.00', 0, 1555, 370),
(1741, '269.00', '240.00', '0.00', '7.00', 0, 684, 370),
(1742, '43.50', '30.00', '0.00', '6.00', 0, 687, 370),
(1743, '29.00', '20.00', '0.00', '1.00', 0, 688, 370),
(1744, '108.00', '88.00', '0.00', '4.00', 0, 663, 370),
(1745, '15.00', '10.00', '0.00', '9.00', 0, 667, 370),
(1746, '202.00', '180.00', '0.00', '5.00', 0, 673, 370),
(1747, '21.00', '18.00', '0.00', '3.00', 0, 676, 370),
(1748, '60.00', '55.00', '0.00', '3.00', 0, 1423, 370),
(1749, '14.00', '10.00', '0.00', '100.00', 0, 1110, 371),
(1750, '883.00', '793.00', '0.00', '1.00', 0, 1547, 372),
(1751, '477.00', '390.00', '5.00', '1.00', 0, 1210, 372),
(1752, '55.00', '40.00', '0.00', '2.00', 1, 1330, 372),
(1753, '37.00', '24.00', '0.00', '1.00', 0, 1362, 372),
(1754, '218.00', '210.00', '0.00', '1.00', 0, 107, 372),
(1755, '35.00', '20.00', '5.00', '2.00', 0, 1447, 372),
(1756, '47.00', '31.00', '0.00', '1.00', 0, 109, 372),
(1757, '68.00', '60.00', '0.00', '1.00', 0, 1355, 372),
(1758, '290.00', '200.00', '5.00', '1.00', 0, 665, 372),
(1759, '18.00', '11.00', '0.00', '2.00', 0, 289, 372),
(1760, '15.00', '11.75', '0.00', '2.00', 0, 1614, 372),
(1761, '70.00', '48.75', '0.00', '2.00', 0, 287, 372),
(1762, '13.00', '8.00', '0.00', '1.00', 0, 334, 372),
(1763, '18.00', '10.00', '0.00', '2.00', 0, 571, 373),
(1764, '690.00', '624.00', '5.00', '1.00', 0, 1208, 373),
(1765, '310.00', '290.00', '5.00', '10.00', 0, 93, 374),
(1766, '25.00', '18.75', '0.00', '2.00', 0, 1304, 375),
(1767, '115.00', '109.25', '0.00', '1.00', 0, 1585, 375),
(1768, '35.00', '26.25', '0.00', '2.00', 0, 1292, 375),
(1769, '25.00', '12.75', '0.00', '2.00', 1, 1327, 375),
(1770, '25.00', '17.25', '0.00', '2.00', 1, 1326, 375),
(1771, '24.00', '10.00', '0.00', '1.00', 0, 1388, 375),
(1772, '100.00', '69.00', '0.00', '0.25', 0, 121, 375),
(1773, '43.00', '27.00', '0.00', '1.50', 0, 108, 375),
(1774, '790.00', '760.00', '5.00', '1.00', 0, 96, 375),
(1775, '33.00', '30.00', '1.00', '9.00', 0, 1201, 375),
(1776, '32.00', '10.00', '2.00', '22.00', 0, 62, 375),
(1777, '45.00', '31.00', '0.00', '0.50', 0, 113, 375),
(1778, '47.00', '31.00', '0.00', '0.50', 0, 109, 375),
(1779, '47.00', '31.00', '0.00', '0.50', 0, 112, 375),
(1780, '14.00', '10.00', '0.00', '1.00', 0, 317, 375),
(1781, '170.00', '125.00', '0.00', '1.00', 0, 1533, 375),
(1782, '37.00', '24.00', '0.00', '1.00', 0, 1362, 375),
(1783, '33.00', '30.00', '0.00', '10.00', 0, 1201, 376),
(1784, '42.00', '32.00', '0.00', '2.00', 0, 1359, 376),
(1785, '75.00', '60.00', '0.00', '0.25', 0, 116, 376),
(1786, '146.00', '132.00', '2.00', '2.00', 0, 1368, 376),
(1787, '170.00', '135.00', '5.00', '5.00', 0, 1392, 376),
(1788, '218.00', '210.00', '0.00', '1.00', 0, 107, 376),
(1789, '140.00', '80.00', '0.00', '1.00', 0, 1534, 376),
(1790, '53.00', '37.00', '0.00', '0.25', 0, 111, 376),
(1791, '148.00', '118.00', '0.00', '1.00', 0, 60, 376),
(1792, '37.00', '25.00', '1.00', '2.00', 0, 162, 376),
(1793, '15.00', '5.73', '0.00', '1.00', 0, 303, 376),
(1794, '224.00', '210.00', '2.00', '3.00', 1, 1420, 376),
(1795, '120.00', '100.00', '0.00', '1.50', 0, 1365, 376),
(1796, '47.00', '31.00', '0.00', '0.50', 0, 109, 376),
(1797, '790.00', '760.00', '5.00', '1.00', 0, 96, 377),
(1798, '130.00', '120.00', '3.00', '3.00', 0, 119, 377),
(1799, '48.00', '38.00', '3.00', '2.00', 1, 125, 377),
(1800, '68.00', '60.00', '0.00', '0.50', 0, 1355, 377),
(1801, '47.00', '31.00', '0.00', '0.50', 0, 112, 377),
(1802, '47.00', '31.00', '0.00', '0.50', 0, 109, 377),
(1803, '35.00', '20.00', '5.00', '16.00', 0, 1446, 377),
(1804, '218.00', '210.00', '0.00', '4.00', 0, 107, 377),
(1805, '89.00', '79.00', '0.00', '6.00', 0, 739, 377),
(1806, '60.00', '53.00', '0.00', '1.00', 0, 346, 377),
(1807, '64.00', '43.20', '0.00', '2.00', 0, 290, 377),
(1808, '65.00', '50.40', '0.00', '2.00', 0, 291, 377),
(1809, '35.00', '20.00', '15.00', '1.00', 0, 1447, 377),
(1810, '49.00', '33.00', '0.00', '0.25', 0, 110, 377),
(1811, '11.00', '8.25', '0.00', '1.00', 0, 1297, 377),
(1812, '67.00', '50.25', '2.00', '1.00', 0, 1155, 377),
(1813, '155.00', '100.00', '0.00', '2.00', 0, 1617, 377),
(1814, '500.00', '470.00', '10.00', '1.00', 0, 1434, 378),
(1815, '200.00', '190.00', '5.00', '1.00', 0, 443, 378),
(1816, '66.00', '50.00', '0.00', '1.00', 0, 1010, 378),
(1817, '218.00', '210.00', '1.00', '2.00', 0, 107, 378),
(1818, '35.00', '20.00', '2.00', '3.00', 0, 1447, 378),
(1819, '110.00', '100.00', '0.00', '1.00', 0, 467, 378),
(1820, '45.00', '40.00', '5.00', '1.00', 0, 672, 378),
(1821, '40.00', '35.00', '0.00', '1.00', 0, 1424, 378),
(1822, '14.00', '9.00', '0.00', '1.00', 0, 325, 378),
(1823, '42.00', '37.00', '1.50', '60.00', 0, 980, 378),
(1824, '218.00', '210.00', '1.00', '4.00', 0, 107, 379),
(1825, '31.00', '20.00', '0.00', '1.00', 0, 690, 379),
(1826, '40.00', '35.00', '0.00', '1.00', 0, 1424, 379),
(1827, '212.00', '198.00', '0.00', '1.00', 1, 1370, 380),
(1828, '155.00', '144.00', '0.00', '1.00', 0, 1575, 380),
(1829, '180.00', '131.83', '0.00', '1.00', 1, 1269, 381),
(1830, '282.00', '267.00', '4.00', '4.00', 0, 90, 382),
(1831, '180.00', '160.00', '0.00', '2.00', 0, 88, 382),
(1832, '700.00', '550.00', '20.00', '1.00', 0, 593, 383),
(1833, '269.00', '240.00', '0.00', '1.00', 0, 684, 383),
(1834, '43.50', '30.00', '0.00', '1.00', 0, 687, 383),
(1835, '15.00', '10.00', '0.00', '4.00', 0, 667, 383),
(1836, '60.00', '53.00', '0.00', '3.00', 0, 346, 383),
(1837, '14.00', '5.90', '0.00', '6.00', 0, 327, 383),
(1838, '315.00', '300.00', '0.00', '1.00', 0, 445, 383),
(1839, '25.00', '16.00', '0.00', '2.00', 0, 609, 383),
(1840, '208.00', '88.00', '0.00', '1.00', 0, 663, 383),
(1841, '265.00', '240.00', '5.00', '10.00', 0, 601, 384),
(1842, '1300.00', '550.00', '0.00', '1.00', 1, 1114, 385),
(1843, '815.00', '765.00', '0.00', '1.00', 0, 92, 385),
(1844, '170.00', '125.00', '0.00', '3.00', 0, 1533, 385),
(1845, '87.00', '65.00', '0.00', '1.00', 0, 664, 385),
(1846, '72.00', '55.40', '0.00', '1.00', 0, 1622, 385),
(1847, '49.00', '33.00', '0.00', '0.40', 0, 110, 385),
(1848, '47.00', '31.00', '0.00', '0.93', 0, 109, 385),
(1849, '218.00', '210.00', '0.00', '2.00', 0, 107, 385),
(1850, '48.00', '38.00', '0.00', '1.00', 1, 125, 385),
(1851, '15.00', '10.00', '3.00', '1.00', 0, 667, 385),
(1852, '133.00', '115.00', '0.00', '1.00', 0, 674, 385),
(1853, '150.00', '120.00', '0.00', '1.00', 0, 1525, 385),
(1854, '372.00', '336.00', '0.00', '6.00', 0, 80, 385),
(1855, '75.00', '60.00', '0.00', '1.00', 0, 115, 385),
(1856, '20.00', '13.00', '2.00', '4.00', 0, 836, 385),
(1857, '23.00', '15.84', '0.00', '16.00', 0, 1162, 386),
(1858, '80.00', '60.00', '0.00', '1.00', 0, 1289, 386),
(1859, '16.00', '12.00', '0.00', '1.00', 0, 1294, 386),
(1860, '35.00', '26.25', '0.00', '1.00', 1, 1314, 386),
(1861, '18.00', '8.00', '0.00', '1.00', 0, 589, 386),
(1862, '62.50', '47.50', '0.00', '10.00', 0, 1354, 387),
(1863, '372.00', '336.00', '12.00', '3.00', 0, 80, 388),
(1864, '240.00', '224.00', '0.00', '2.00', 0, 78, 388),
(1865, '790.00', '760.00', '0.00', '1.00', 0, 96, 389),
(1866, '140.00', '80.00', '0.00', '1.00', 0, 1534, 389),
(1867, '200.00', '180.00', '0.00', '1.00', 1, 1264, 389),
(1868, '218.00', '210.00', '0.00', '4.00', 0, 107, 389),
(1869, '37.00', '24.00', '0.00', '3.00', 0, 1362, 389),
(1870, '200.00', '176.00', '6.00', '2.00', 0, 1587, 389),
(1871, '254.00', '235.00', '2.00', '4.00', 0, 89, 389),
(1872, '48.00', '36.45', '0.00', '2.00', 0, 164, 389),
(1873, '350.00', '335.00', '0.00', '1.00', 0, 1390, 389),
(1874, '47.50', '37.50', '2.50', '10.00', 0, 322, 389),
(1875, '260.00', '210.00', '5.00', '1.00', 0, 153, 389),
(1876, '45.00', '32.00', '0.00', '2.00', 0, 338, 389),
(1877, '110.00', '82.50', '0.00', '1.00', 0, 1546, 389),
(1878, '20.00', '14.50', '0.00', '6.00', 0, 1659, 389),
(1879, '54.00', '40.00', '0.00', '0.50', 0, 1404, 389);
INSERT INTO `order_details` (`od_id`, `od_selling_price`, `od_purchase_price`, `od_discount`, `od_qty`, `od_vat`, `i_id`, `o_id`) VALUES
(1880, '372.00', '336.00', '12.00', '3.00', 0, 80, 390),
(1881, '240.00', '224.00', '0.00', '2.00', 0, 78, 390),
(1882, '282.00', '267.00', '0.00', '1.00', 0, 90, 391),
(1883, '218.00', '210.00', '0.00', '1.00', 0, 107, 391),
(1884, '550.00', '300.00', '0.00', '1.00', 0, 319, 391),
(1885, '120.00', '104.50', '0.00', '1.00', 0, 1662, 391),
(1886, '161.00', '136.00', '0.00', '1.00', 0, 46, 391),
(1887, '23.00', '15.84', '0.00', '10.00', 0, 1162, 391),
(1888, '155.00', '135.00', '5.00', '1.00', 0, 206, 392),
(1889, '66.00', '50.00', '0.00', '1.00', 0, 1010, 392),
(1890, '14.00', '10.50', '0.00', '17.00', 0, 349, 392),
(1891, '12.00', '7.00', '2.00', '22.00', 0, 946, 392),
(1892, '25.00', '18.75', '0.00', '1.00', 0, 1304, 392),
(1893, '18.00', '8.00', '0.00', '1.00', 0, 589, 392),
(1894, '115.00', '109.25', '0.00', '1.00', 0, 1585, 392),
(1895, '170.00', '127.50', '10.00', '1.00', 0, 1104, 392),
(1896, '160.00', '107.00', '0.00', '15.00', 0, 117, 393),
(1897, '477.00', '390.00', '5.00', '1.00', 0, 1210, 394),
(1898, '133.30', '101.30', '0.00', '1.00', 0, 1371, 394),
(1899, '75.00', '65.00', '3.00', '1.00', 0, 1373, 394),
(1900, '170.00', '125.00', '0.00', '1.00', 0, 1533, 395),
(1901, '254.00', '235.00', '0.00', '1.00', 0, 89, 395),
(1902, '218.00', '210.00', '0.00', '2.00', 0, 107, 395),
(1903, '53.00', '37.00', '0.00', '0.25', 0, 111, 395),
(1904, '47.00', '31.00', '0.00', '0.25', 0, 112, 395),
(1905, '700.00', '604.00', '10.00', '2.00', 0, 237, 396),
(1906, '72.00', '66.50', '0.00', '2.00', 0, 300, 396),
(1907, '50.00', '30.75', '0.00', '1.00', 1, 1342, 396),
(1908, '822.00', '806.00', '0.00', '1.00', 0, 1219, 397),
(1909, '580.00', '530.00', '0.00', '1.00', 0, 8, 398),
(1910, '37.00', '25.00', '1.00', '1.00', 0, 162, 398),
(1911, '50.00', '30.75', '0.00', '1.00', 1, 1342, 399),
(1912, '72.00', '66.50', '0.00', '2.00', 0, 300, 399),
(1913, '218.00', '210.00', '2.00', '4.00', 0, 107, 400),
(1914, '7.00', '5.00', '0.00', '100.00', 0, 64, 400),
(1915, '49.00', '33.00', '0.00', '1.00', 0, 110, 400),
(1916, '47.00', '31.00', '0.00', '2.00', 0, 109, 400),
(1917, '87.00', '65.00', '0.00', '1.00', 0, 664, 401),
(1918, '35.00', '30.00', '0.00', '2.00', 0, 680, 401),
(1919, '17.00', '7.00', '0.00', '1.00', 0, 131, 401),
(1920, '45.00', '30.00', '0.00', '1.00', 0, 815, 401),
(1921, '47.00', '31.00', '0.00', '0.50', 0, 112, 401),
(1922, '8.50', '5.00', '0.50', '1.00', 0, 648, 401),
(1923, '8.50', '5.58', '0.00', '4.00', 0, 550, 401),
(1924, '18.00', '11.00', '0.00', '2.00', 0, 289, 401),
(1925, '15.00', '11.75', '0.00', '2.00', 0, 1614, 401),
(1926, '218.00', '210.00', '0.00', '2.00', 0, 107, 401),
(1927, '33.00', '30.00', '0.00', '1.00', 0, 1201, 401),
(1928, '45.00', '35.00', '0.00', '2.00', 0, 321, 401),
(1929, '18.00', '11.00', '0.00', '1.00', 0, 285, 401),
(1930, '15.00', '10.50', '0.00', '1.00', 0, 278, 401),
(1931, '25.00', '18.75', '0.00', '1.00', 0, 1143, 401),
(1932, '47.00', '36.00', '0.00', '1.00', 0, 1639, 401),
(1933, '155.00', '144.00', '0.00', '1.00', 0, 1576, 401),
(1934, '154.00', '138.00', '0.00', '2.00', 0, 127, 402),
(1935, '37.00', '25.00', '0.00', '1.00', 0, 162, 402),
(1936, '555.00', '515.00', '0.00', '1.00', 0, 175, 402),
(1937, '33.00', '30.00', '0.00', '4.00', 0, 1201, 402),
(1938, '50.00', '38.00', '0.00', '2.00', 0, 1202, 402),
(1939, '43.00', '27.00', '0.00', '1.00', 0, 108, 402),
(1940, '45.00', '31.00', '0.00', '1.00', 0, 113, 402),
(1941, '85.00', '70.00', '0.00', '1.00', 0, 1505, 402),
(1942, '199.00', '185.00', '2.00', '50.00', 1, 81, 403),
(1943, '565.00', '515.00', '0.00', '1.00', 0, 33, 404),
(1944, '70.00', '48.75', '0.00', '1.00', 0, 287, 404),
(1945, '236.00', '222.00', '4.00', '50.00', 1, 1367, 405),
(1946, '282.00', '267.00', '0.00', '8.00', 0, 90, 406),
(1947, '43.00', '27.00', '0.00', '1.00', 0, 108, 406),
(1948, '47.00', '31.00', '2.00', '1.00', 0, 112, 406),
(1949, '45.00', '31.00', '0.00', '1.00', 0, 113, 406),
(1950, '53.00', '37.00', '2.00', '1.00', 0, 111, 406),
(1951, '175.00', '140.00', '0.00', '2.00', 0, 747, 407),
(1952, '39.00', '30.00', '0.00', '2.00', 0, 1660, 407),
(1953, '45.00', '33.75', '0.00', '1.00', 1, 1282, 407),
(1954, '218.00', '210.00', '2.00', '11.00', 0, 107, 408),
(1955, '179.00', '156.00', '0.00', '2.00', 0, 685, 408),
(1956, '33.00', '30.00', '0.00', '6.00', 0, 1201, 409),
(1957, '75.00', '65.00', '0.00', '8.00', 0, 1373, 409),
(1958, '83.00', '63.50', '0.00', '2.00', 0, 1353, 409),
(1959, '47.00', '31.00', '0.00', '0.50', 0, 109, 409),
(1960, '45.00', '31.00', '0.00', '1.00', 0, 113, 409),
(1961, '267.00', '252.00', '0.00', '3.00', 0, 106, 410),
(1962, '49.00', '33.00', '0.00', '0.20', 0, 110, 411),
(1963, '33.00', '30.00', '3.00', '1.00', 0, 1201, 411),
(1964, '8.50', '5.58', '1.50', '2.00', 0, 550, 411),
(1965, '170.00', '125.00', '0.00', '1.00', 0, 1533, 411),
(1966, '477.00', '390.00', '5.00', '2.00', 0, 1210, 411),
(1967, '63.00', '41.00', '3.00', '1.00', 0, 330, 412),
(1968, '70.00', '52.50', '0.00', '1.00', 0, 1084, 412),
(1969, '218.00', '210.00', '0.00', '137.00', 0, 107, 413),
(1970, '139.00', '101.30', '0.00', '10.00', 0, 1371, 414),
(1971, '218.00', '210.00', '0.00', '212.00', 0, 107, 415),
(1972, '218.00', '210.00', '1.00', '6.00', 0, 107, 416),
(1973, '218.00', '210.00', '0.00', '80.00', 0, 107, 417),
(1974, '372.00', '336.00', '5.00', '5.00', 0, 80, 418),
(1975, '300.00', '280.00', '5.00', '2.00', 0, 79, 418),
(1976, '240.00', '224.00', '5.00', '3.00', 0, 78, 418),
(1977, '75.00', '60.00', '0.00', '3.00', 0, 116, 418),
(1978, '45.00', '31.00', '0.00', '2.00', 0, 113, 418),
(1979, '45.00', '35.00', '0.00', '4.00', 0, 324, 418),
(1980, '60.00', '38.00', '0.00', '1.00', 0, 1393, 418),
(1981, '60.00', '38.00', '0.00', '1.00', 0, 1393, 419),
(1982, '350.00', '335.00', '0.00', '1.00', 0, 1390, 419),
(1983, '180.00', '131.83', '0.00', '1.00', 1, 1269, 419),
(1984, '267.00', '252.00', '7.00', '1.00', 0, 106, 419),
(1985, '218.00', '210.00', '0.00', '2.00', 0, 107, 419),
(1986, '8.00', '5.00', '0.00', '10.00', 1, 1403, 419),
(1987, '17.00', '7.00', '0.00', '1.00', 0, 138, 419),
(1988, '68.00', '60.00', '0.00', '5.00', 0, 1355, 420),
(1989, '300.00', '280.00', '0.00', '18.00', 0, 79, 421),
(1990, '790.00', '760.00', '0.00', '6.00', 0, 96, 421),
(1991, '285.00', '267.00', '0.00', '20.00', 0, 90, 421),
(1992, '9.00', '6.00', '0.50', '200.00', 0, 1479, 421),
(1993, '220.00', '210.00', '0.00', '15.00', 0, 107, 421),
(1994, '130.00', '120.00', '2.00', '5.00', 0, 119, 421),
(1995, '48.00', '38.00', '1.00', '10.00', 1, 125, 421),
(1996, '34.66', '30.00', '0.00', '60.00', 0, 1201, 421),
(1997, '52.00', '38.00', '0.00', '40.00', 0, 1202, 421),
(1998, '86.66', '63.50', '0.00', '25.00', 0, 1353, 421),
(1999, '104.00', '85.00', '0.00', '16.00', 1, 1417, 421),
(2000, '138.60', '117.00', '0.00', '10.00', 0, 1539, 421),
(2001, '2100.00', '550.00', '0.00', '1.00', 1, 1114, 421),
(2002, '51.00', '27.00', '0.00', '4.00', 0, 108, 422),
(2003, '39.75', '31.00', '0.00', '4.00', 0, 113, 422),
(2004, '56.00', '31.00', '0.00', '3.00', 0, 109, 422),
(2005, '60.00', '37.00', '0.00', '1.50', 0, 111, 422),
(2006, '199.00', '185.00', '0.00', '2.00', 1, 81, 423),
(2007, '218.00', '210.00', '0.00', '4.00', 0, 107, 423),
(2008, '7.00', '5.00', '0.00', '100.00', 0, 64, 423),
(2009, '140.00', '80.00', '0.00', '1.00', 0, 1534, 423),
(2010, '52.50', '40.00', '0.00', '1.00', 0, 693, 423),
(2011, '95.00', '56.97', '0.00', '2.00', 0, 333, 423),
(2012, '155.00', '140.00', '2.00', '1.00', 0, 1617, 423),
(2013, '49.00', '33.00', '0.00', '0.25', 0, 110, 423),
(2014, '200.00', '190.00', '5.00', '1.00', 0, 443, 423),
(2015, '14.00', '9.00', '0.00', '1.00', 0, 325, 423),
(2016, '305.00', '280.00', '0.00', '11.00', 0, 79, 423),
(2017, '155.00', '140.00', '0.00', '4.00', 0, 1617, 424),
(2018, '133.33', '101.30', '0.00', '4.00', 0, 1371, 424),
(2019, '166.66', '126.66', '0.00', '1.00', 0, 1372, 424),
(2020, '150.00', '130.00', '0.00', '1.00', 0, 1422, 424),
(2021, '75.00', '65.00', '0.00', '4.00', 0, 1373, 424),
(2022, '43.00', '27.00', '0.00', '1.00', 0, 108, 424),
(2023, '45.00', '31.00', '0.00', '1.00', 0, 113, 424),
(2024, '100.00', '69.00', '0.00', '0.50', 0, 1510, 424),
(2025, '600.00', '575.00', '0.00', '1.00', 0, 94, 424),
(2026, '180.00', '160.00', '0.00', '1.00', 0, 88, 424),
(2027, '55.00', '42.50', '0.00', '2.00', 0, 320, 424),
(2028, '130.00', '38.90', '0.00', '1.00', 0, 640, 424),
(2029, '49.00', '33.00', '0.00', '0.25', 0, 110, 424),
(2030, '53.00', '37.00', '0.00', '0.25', 0, 111, 424),
(2031, '70.00', '52.50', '0.00', '1.00', 0, 1082, 424),
(2032, '25.00', '20.00', '0.00', '1.00', 0, 318, 424),
(2033, '218.00', '210.00', '0.00', '3.00', 0, 107, 425),
(2034, '224.00', '210.00', '0.00', '1.00', 1, 1420, 425),
(2035, '254.00', '235.00', '0.00', '1.00', 0, 89, 425),
(2036, '120.00', '100.00', '0.00', '0.25', 0, 1365, 425),
(2037, '47.00', '31.00', '0.00', '0.50', 0, 109, 425),
(2038, '47.00', '31.00', '0.00', '0.25', 0, 112, 425),
(2039, '47.00', '36.00', '0.00', '1.00', 0, 256, 425),
(2040, '7.00', '5.00', '0.00', '100.00', 0, 64, 426),
(2041, '218.00', '210.00', '1.00', '5.00', 0, 107, 426),
(2042, '48.00', '38.00', '6.00', '10.00', 1, 125, 426),
(2043, '100.00', '78.00', '0.00', '1.00', 0, 73, 427),
(2044, '125.00', '100.00', '0.00', '1.00', 0, 255, 427),
(2045, '8.00', '5.00', '0.00', '10.00', 1, 1403, 427),
(2046, '62.50', '47.50', '0.00', '2.00', 0, 1354, 428),
(2047, '155.00', '135.00', '0.00', '1.00', 0, 202, 428),
(2048, '39.00', '30.00', '0.00', '1.00', 0, 1660, 428),
(2049, '213.00', '117.00', '96.00', '8.00', 0, 1539, 429),
(2050, '88.00', '76.00', '0.00', '12.00', 0, 1584, 429),
(2051, '149.00', '140.00', '0.00', '4.00', 0, 1672, 429),
(2052, '43.00', '27.00', '0.00', '2.00', 0, 108, 429),
(2053, '75.00', '60.00', '0.00', '1.00', 0, 116, 429),
(2054, '332.00', '315.00', '0.00', '10.00', 0, 123, 430),
(2055, '150.00', '120.00', '0.00', '1.00', 0, 1525, 431),
(2056, '130.00', '120.00', '3.00', '1.00', 0, 119, 431),
(2057, '218.00', '210.00', '0.00', '1.00', 0, 107, 431),
(2058, '54.00', '31.00', '0.00', '1.00', 0, 109, 431),
(2059, '166.00', '155.50', '0.00', '1.00', 0, 585, 431),
(2060, '32.00', '10.00', '0.00', '5.00', 0, 62, 431),
(2061, '300.00', '280.00', '5.00', '2.00', 0, 79, 431),
(2062, '60.00', '38.00', '0.00', '3.00', 0, 1393, 431),
(2063, '170.00', '125.00', '0.00', '2.00', 0, 1533, 431),
(2064, '53.00', '37.00', '0.00', '1.00', 0, 111, 431),
(2065, '33.00', '30.00', '0.00', '10.00', 0, 1201, 431),
(2066, '254.00', '235.00', '0.00', '1.00', 0, 89, 431),
(2067, '125.00', '100.00', '0.00', '1.00', 0, 255, 431),
(2068, '218.00', '210.00', '0.00', '50.00', 0, 107, 432),
(2069, '120.00', '100.00', '0.00', '5.00', 0, 1365, 432),
(2070, '550.00', '330.00', '0.00', '1.00', 1, 1451, 433),
(2071, '170.00', '125.00', '0.00', '2.00', 0, 1533, 433),
(2072, '33.00', '30.00', '0.00', '8.00', 0, 1201, 433),
(2073, '50.00', '38.00', '0.00', '1.00', 0, 1202, 433),
(2074, '218.00', '210.00', '2.00', '4.00', 0, 107, 433),
(2075, '21.00', '15.50', '0.00', '2.00', 0, 558, 433),
(2076, '43.00', '27.00', '0.00', '0.50', 0, 108, 433),
(2077, '45.00', '31.00', '0.00', '1.00', 0, 113, 433),
(2078, '310.00', '290.00', '0.00', '1.00', 0, 93, 433),
(2079, '60.00', '45.00', '0.00', '2.00', 0, 1556, 434),
(2080, '15.00', '7.00', '0.00', '3.00', 0, 767, 434),
(2081, '218.00', '210.00', '0.00', '10.00', 0, 107, 434),
(2082, '443.00', '410.00', '0.00', '2.00', 0, 733, 434),
(2083, '218.00', '210.00', '0.00', '80.00', 0, 107, 435),
(2084, '50.00', '35.00', '0.00', '1.00', 0, 827, 436),
(2085, '130.00', '120.00', '0.00', '6.00', 0, 119, 436),
(2086, '48.00', '38.00', '0.00', '8.00', 1, 125, 436),
(2087, '218.00', '210.00', '0.00', '4.00', 0, 107, 436),
(2088, '62.50', '47.50', '0.00', '2.00', 0, 1354, 436),
(2089, '50.00', '38.00', '0.00', '2.00', 0, 1202, 436),
(2090, '770.00', '680.00', '5.00', '1.00', 1, 1217, 436),
(2091, '185.00', '172.00', '0.00', '2.00', 0, 118, 436),
(2092, '7.00', '5.00', '0.00', '40.00', 0, 64, 436),
(2093, '180.00', '160.00', '0.00', '1.00', 0, 88, 436),
(2094, '170.00', '125.00', '0.00', '2.00', 0, 1533, 436),
(2095, '100.00', '69.00', '0.00', '0.50', 0, 1510, 436),
(2096, '220.00', '210.00', '0.00', '10.00', 0, 107, 437),
(2097, '130.00', '120.00', '3.00', '5.00', 0, 119, 437),
(2098, '89.00', '79.00', '0.00', '5.00', 0, 739, 437),
(2099, '68.00', '60.00', '0.00', '0.50', 0, 1355, 437),
(2100, '53.00', '31.00', '0.00', '1.50', 0, 113, 437),
(2101, '56.00', '31.00', '0.00', '0.50', 0, 112, 437),
(2102, '9.00', '6.00', '0.50', '50.00', 0, 1479, 437),
(2103, '1800.00', '450.00', '0.00', '1.00', 1, 1115, 437),
(2104, '285.00', '267.00', '3.00', '3.00', 0, 90, 437),
(2105, '950.00', '920.00', '0.00', '1.00', 0, 95, 437),
(2106, '130.00', '120.00', '5.00', '9.00', 0, 119, 438),
(2107, '48.00', '38.00', '3.00', '6.00', 1, 125, 438),
(2108, '224.00', '210.00', '2.00', '10.00', 1, 1420, 438),
(2109, '68.00', '60.00', '2.00', '1.00', 0, 1355, 438),
(2110, '46.00', '27.00', '0.00', '5.00', 0, 108, 438),
(2111, '53.00', '31.00', '1.00', '1.00', 0, 113, 438),
(2112, '75.00', '60.00', '0.00', '2.00', 0, 116, 438),
(2113, '300.00', '200.00', '0.00', '1.00', 0, 1506, 438),
(2114, '125.00', '100.00', '0.00', '1.00', 0, 255, 438),
(2115, '475.00', '459.50', '0.00', '1.00', 0, 1673, 438),
(2116, '144.00', '124.00', '0.00', '1.00', 0, 104, 438),
(2117, '240.00', '224.00', '0.00', '2.00', 0, 78, 439),
(2118, '170.00', '125.00', '5.00', '1.00', 0, 1533, 439),
(2119, '47.00', '31.00', '0.00', '1.00', 0, 109, 439),
(2120, '125.00', '95.00', '5.00', '8.00', 0, 1360, 440),
(2121, '1250.00', '550.00', '0.00', '1.00', 1, 1113, 440),
(2122, '19.00', '15.00', '0.00', '1.00', 0, 1578, 441),
(2123, '7.00', '5.00', '0.00', '200.00', 0, 64, 442),
(2124, '218.00', '210.00', '0.00', '6.00', 0, 107, 442),
(2125, '48.00', '38.00', '0.00', '10.00', 1, 125, 442),
(2126, '68.00', '60.00', '0.00', '1.00', 0, 1355, 442),
(2127, '232.00', '216.00', '0.00', '1.00', 0, 87, 442),
(2128, '53.00', '31.00', '0.00', '0.50', 0, 113, 442),
(2129, '75.00', '60.00', '0.00', '0.50', 0, 116, 442),
(2130, '120.00', '100.00', '0.00', '10.00', 0, 1365, 443),
(2131, '75.00', '60.00', '0.00', '2.00', 0, 115, 443),
(2132, '47.00', '31.00', '0.00', '1.00', 0, 109, 443),
(2133, '1300.00', '450.00', '0.00', '1.00', 1, 1115, 444),
(2134, '56.00', '31.00', '0.00', '3.00', 0, 112, 444),
(2135, '58.00', '33.00', '0.00', '2.00', 0, 110, 444),
(2136, '68.00', '60.00', '0.00', '4.00', 0, 1355, 444),
(2137, '100.00', '69.00', '0.00', '1.00', 0, 1510, 444),
(2138, '267.00', '252.00', '0.00', '1.00', 0, 106, 445),
(2139, '510.00', '470.00', '0.00', '1.00', 0, 212, 445),
(2140, '18.00', '11.00', '0.00', '1.00', 0, 289, 445),
(2141, '32.00', '10.00', '0.00', '6.00', 0, 62, 445),
(2142, '63.00', '41.00', '3.00', '1.00', 0, 330, 445),
(2143, '52.50', '42.50', '0.00', '1.00', 0, 320, 445),
(2144, '35.00', '20.00', '0.00', '2.00', 0, 612, 445),
(2145, '36.00', '24.00', '0.00', '6.00', 0, 1674, 445),
(2146, '70.00', '52.50', '0.00', '1.00', 0, 1084, 445),
(2147, '23.00', '17.25', '0.00', '1.00', 0, 1132, 445),
(2148, '10.00', '6.50', '0.00', '1.00', 0, 1596, 445),
(2149, '25.00', '18.75', '0.00', '1.00', 0, 1301, 445),
(2150, '15.00', '10.50', '0.00', '1.00', 0, 278, 445),
(2151, '170.00', '125.00', '0.00', '2.00', 0, 1533, 446),
(2152, '53.00', '31.00', '0.00', '1.00', 0, 113, 446),
(2153, '70.00', '55.20', '0.00', '1.00', 0, 292, 446),
(2154, '65.00', '50.40', '0.00', '1.00', 0, 291, 446),
(2155, '100.00', '85.00', '0.00', '1.00', 0, 627, 446),
(2156, '14.00', '10.50', '0.00', '5.00', 0, 349, 446),
(2157, '33.00', '30.00', '1.00', '3.00', 0, 1201, 446),
(2158, '60.00', '38.00', '0.00', '2.00', 0, 1393, 446),
(2159, '500.00', '330.00', '20.00', '1.00', 0, 1434, 446),
(2160, '155.00', '144.00', '0.00', '1.00', 0, 1575, 446),
(2161, '110.00', '100.00', '0.00', '1.00', 0, 467, 446),
(2162, '58.00', '33.00', '10.00', '1.00', 0, 110, 446),
(2163, '1250.00', '450.00', '0.00', '1.00', 1, 1115, 447),
(2164, '218.00', '210.00', '0.00', '10.00', 0, 107, 447),
(2165, '185.00', '172.00', '0.00', '6.00', 0, 118, 448),
(2166, '48.00', '38.00', '5.00', '6.00', 1, 125, 448),
(2167, '7.00', '5.00', '0.00', '100.00', 0, 64, 448),
(2168, '68.00', '60.00', '0.00', '0.50', 0, 1355, 448),
(2169, '218.00', '210.00', '0.00', '10.00', 0, 107, 448),
(2170, '12.00', '7.00', '0.00', '2.00', 0, 521, 449),
(2171, '110.00', '75.00', '0.00', '1.00', 0, 620, 449),
(2172, '13.00', '8.50', '0.00', '3.00', 0, 360, 449),
(2173, '36.00', '24.00', '0.00', '2.00', 0, 296, 449),
(2174, '55.00', '45.60', '0.00', '2.00', 0, 482, 449),
(2175, '12.00', '8.00', '0.00', '14.00', 0, 635, 450),
(2176, '140.00', '130.00', '0.00', '1.00', 0, 366, 450),
(2177, '218.00', '210.00', '0.00', '30.00', 0, 107, 451),
(2178, '218.00', '210.00', '0.00', '26.00', 0, 107, 452),
(2179, '180.00', '160.00', '0.00', '5.00', 0, 88, 453),
(2180, '60.00', '38.00', '0.00', '1.00', 0, 1393, 454),
(2181, '170.00', '125.00', '0.00', '1.00', 0, 1533, 454),
(2182, '15.00', '10.50', '0.00', '1.00', 0, 278, 454),
(2183, '54.00', '40.00', '0.00', '0.40', 0, 1404, 454),
(2184, '54.00', '45.00', '0.00', '0.50', 0, 1405, 454),
(2185, '2.00', '1.00', '0.00', '4.00', 1, 1445, 454),
(2186, '47.00', '31.00', '0.00', '1.00', 0, 109, 454),
(2187, '43.00', '27.00', '0.00', '2.00', 0, 108, 454),
(2188, '131.00', '104.32', '0.00', '1.00', 1, 1251, 454),
(2189, '35.00', '20.00', '7.00', '5.00', 0, 1446, 454),
(2190, '100.00', '70.00', '10.00', '2.00', 0, 828, 454),
(2191, '218.00', '210.00', '0.00', '1.00', 0, 107, 455),
(2192, '25.00', '17.25', '0.00', '1.00', 1, 1326, 455),
(2193, '40.00', '30.00', '0.00', '1.00', 0, 1592, 455),
(2194, '20.00', '15.00', '0.00', '1.00', 0, 1142, 455),
(2195, '33.00', '30.00', '2.00', '50.00', 0, 1201, 456),
(2196, '60.00', '37.00', '0.00', '0.50', 0, 111, 456),
(2197, '56.00', '31.00', '0.00', '1.00', 0, 109, 456),
(2198, '56.00', '31.00', '0.00', '1.00', 0, 112, 456),
(2199, '83.00', '63.50', '0.00', '10.00', 0, 1353, 457),
(2200, '75.00', '65.00', '0.00', '40.00', 0, 1373, 457),
(2201, '43.00', '27.00', '0.00', '5.00', 0, 108, 457),
(2202, '55.00', '33.00', '0.00', '4.00', 0, 1590, 458),
(2203, '58.00', '33.00', '0.00', '0.50', 0, 110, 458),
(2204, '56.00', '31.00', '0.00', '0.25', 0, 109, 458),
(2205, '218.00', '210.00', '0.00', '9.00', 0, 107, 458),
(2206, '410.00', '380.00', '5.00', '2.00', 1, 1396, 458),
(2207, '89.00', '79.00', '0.00', '3.00', 0, 739, 458),
(2208, '162.00', '128.70', '0.00', '2.00', 0, 126, 458),
(2209, '43.00', '27.00', '0.00', '1.50', 0, 108, 458),
(2210, '33.00', '30.00', '1.00', '22.00', 0, 1201, 458),
(2211, '55.00', '39.00', '0.00', '1.00', 0, 341, 458),
(2212, '267.00', '252.00', '7.00', '5.00', 0, 106, 458),
(2213, '50.00', '38.00', '0.00', '2.00', 0, 1202, 458),
(2214, '131.00', '38.90', '0.00', '1.00', 0, 640, 458),
(2215, '285.00', '267.00', '3.00', '2.00', 0, 90, 459),
(2216, '254.00', '235.00', '0.00', '2.00', 0, 89, 459),
(2217, '33.00', '30.00', '0.00', '6.00', 0, 1201, 459),
(2218, '45.00', '31.00', '0.00', '0.50', 0, 113, 459),
(2219, '58.00', '33.00', '0.00', '0.50', 0, 110, 459),
(2220, '218.00', '210.00', '0.00', '1.00', 0, 107, 460),
(2221, '68.00', '60.00', '0.00', '1.00', 0, 1355, 460),
(2222, '54.00', '48.60', '3.00', '2.00', 0, 1678, 460),
(2223, '63.00', '60.00', '0.00', '5.00', 0, 371, 460),
(2224, '580.00', '530.00', '100.00', '1.00', 0, 8, 460),
(2225, '37.00', '25.00', '1.00', '1.00', 0, 162, 460),
(2226, '33.00', '30.00', '1.00', '8.00', 0, 1201, 460),
(2227, '43.00', '27.00', '0.00', '0.50', 0, 108, 460),
(2228, '54.00', '48.00', '0.00', '0.25', 0, 1489, 461),
(2229, '310.00', '290.00', '0.00', '2.00', 0, 93, 461),
(2230, '18.00', '11.00', '0.00', '3.00', 0, 285, 461),
(2231, '218.00', '210.00', '1.00', '15.00', 0, 107, 462),
(2232, '52.50', '42.50', '0.00', '2.00', 0, 320, 462),
(2233, '25.00', '20.00', '0.00', '2.00', 0, 318, 462),
(2234, '75.00', '65.00', '3.00', '12.00', 0, 1373, 463),
(2235, '100.00', '85.00', '4.00', '3.00', 1, 1417, 463),
(2236, '7.00', '5.00', '0.00', '250.00', 0, 64, 463),
(2237, '218.00', '210.00', '0.00', '15.00', 0, 107, 463),
(2238, '68.00', '60.00', '0.00', '1.00', 0, 1355, 463),
(2239, '130.00', '120.00', '3.00', '10.00', 0, 119, 463),
(2240, '75.00', '60.00', '0.00', '0.50', 0, 115, 463),
(2241, '50.00', '31.00', '0.00', '1.00', 0, 113, 463),
(2242, '50.00', '27.00', '0.00', '1.00', 0, 108, 463),
(2243, '1250.00', '450.00', '0.00', '1.00', 1, 1115, 463),
(2244, '172.50', '95.00', '0.00', '8.00', 0, 1683, 463),
(2245, '700.00', '200.00', '0.00', '1.00', 0, 1506, 464),
(2246, '218.00', '210.00', '0.00', '3.00', 0, 107, 464),
(2247, '443.00', '410.00', '0.00', '1.00', 0, 733, 465),
(2248, '18.00', '11.00', '0.00', '2.00', 0, 289, 465),
(2249, '134.00', '101.00', '0.00', '1.00', 1, 1252, 466),
(2250, '125.00', '100.00', '0.00', '1.00', 0, 255, 466),
(2251, '105.00', '81.25', '0.00', '0.50', 0, 114, 466),
(2252, '45.00', '40.00', '0.00', '1.00', 0, 400, 466),
(2253, '51.00', '27.00', '0.00', '1.00', 0, 108, 466),
(2254, '170.00', '125.00', '0.00', '2.00', 0, 1533, 466),
(2255, '33.00', '30.00', '0.00', '10.00', 0, 1201, 466),
(2256, '155.00', '135.00', '0.00', '2.00', 0, 202, 466),
(2257, '35.00', '26.25', '0.00', '1.00', 0, 1144, 466),
(2258, '239.00', '235.00', '0.00', '1.00', 0, 1428, 466),
(2259, '127.00', '114.30', '0.00', '3.00', 0, 1684, 466),
(2260, '110.00', '96.80', '5.00', '1.00', 0, 1685, 466),
(2261, '56.00', '31.00', '0.00', '0.50', 0, 109, 466),
(2262, '43.00', '31.00', '0.00', '0.50', 0, 113, 466),
(2263, '72.00', '55.40', '0.00', '3.00', 0, 1622, 466),
(2264, '60.00', '38.00', '5.00', '1.00', 0, 1393, 466),
(2265, '310.00', '290.00', '10.00', '2.00', 0, 93, 466),
(2266, '218.00', '210.00', '0.00', '6.00', 0, 107, 467),
(2267, '50.00', '38.00', '0.00', '5.00', 0, 1202, 467),
(2268, '158.00', '142.20', '0.00', '1.00', 0, 1676, 467),
(2269, '102.00', '78.00', '0.00', '3.00', 0, 1624, 467),
(2270, '420.00', '378.00', '0.00', '1.00', 0, 1675, 467),
(2271, '33.00', '30.00', '0.00', '6.00', 0, 1201, 467),
(2272, '43.00', '31.00', '0.00', '1.00', 0, 113, 467),
(2273, '80.00', '72.00', '0.00', '2.00', 0, 1686, 467),
(2274, '200.00', '150.00', '0.00', '1.00', 0, 714, 467),
(2275, '30.00', '15.00', '0.00', '2.00', 0, 611, 467),
(2276, '48.00', '38.00', '0.00', '1.00', 1, 125, 467),
(2277, '550.00', '330.00', '0.00', '1.00', 1, 1451, 468),
(2278, '7.00', '5.00', '0.00', '100.00', 0, 64, 468),
(2279, '229.00', '210.00', '0.00', '40.00', 0, 107, 469),
(2280, '33.00', '30.00', '1.00', '3.00', 0, 1201, 470),
(2281, '222.00', '210.00', '0.00', '5.00', 0, 107, 471),
(2282, '48.00', '38.00', '3.00', '4.00', 1, 125, 471),
(2283, '90.00', '79.00', '0.00', '1.00', 0, 739, 471),
(2284, '9.00', '6.00', '0.25', '100.00', 0, 1479, 471),
(2285, '68.00', '60.00', '0.00', '0.50', 0, 1355, 471),
(2286, '156.00', '144.00', '0.00', '2.00', 0, 85, 471),
(2287, '35.00', '30.00', '0.00', '4.00', 0, 1201, 471),
(2288, '50.00', '27.00', '0.00', '0.50', 0, 108, 471),
(2289, '1200.00', '200.00', '0.00', '1.00', 0, 1506, 471),
(2290, '63.00', '41.00', '13.00', '1.00', 0, 330, 471),
(2291, '75.00', '60.00', '0.00', '0.50', 0, 116, 471),
(2292, '269.00', '240.00', '0.00', '2.00', 0, 684, 471),
(2293, '18.00', '13.00', '0.00', '3.00', 0, 1518, 472),
(2294, '7.00', '5.00', '0.00', '3.00', 0, 654, 472),
(2295, '52.50', '42.50', '2.50', '4.00', 0, 320, 472),
(2296, '37.00', '25.00', '0.00', '2.00', 0, 162, 472),
(2297, '7.00', '5.00', '0.00', '7.70', 0, 64, 472),
(2298, '55.00', '33.00', '0.00', '2.00', 0, 1590, 472),
(2299, '21.00', '15.50', '0.00', '1.00', 0, 558, 472),
(2300, '310.00', '290.00', '5.00', '2.00', 0, 93, 472),
(2301, '170.00', '125.00', '5.00', '1.00', 0, 1533, 472),
(2302, '218.00', '210.00', '0.00', '5.00', 0, 107, 472),
(2303, '600.00', '540.00', '0.00', '2.00', 0, 1687, 472),
(2304, '2000.00', '800.00', '0.00', '1.00', 0, 1688, 473),
(2305, '9.00', '6.00', '0.25', '90.00', 0, 1479, 473),
(2306, '220.00', '210.00', '0.00', '6.00', 0, 107, 473),
(2307, '89.00', '79.00', '0.00', '10.00', 0, 739, 473),
(2308, '162.00', '148.00', '0.00', '3.00', 1, 1366, 473),
(2309, '75.00', '65.00', '3.00', '3.00', 0, 1373, 474),
(2310, '62.50', '47.50', '2.50', '2.00', 0, 1354, 474),
(2311, '7.00', '5.00', '0.00', '150.00', 0, 64, 475),
(2312, '218.00', '210.00', '3.00', '6.00', 0, 107, 475),
(2313, '650.00', '200.00', '0.00', '1.00', 0, 1506, 475),
(2314, '790.00', '760.00', '10.00', '1.00', 0, 96, 475),
(2315, '218.00', '210.00', '0.00', '1.00', 0, 107, 476),
(2316, '48.00', '38.00', '0.00', '2.00', 1, 125, 476),
(2317, '7.00', '5.00', '0.00', '7.00', 0, 64, 476),
(2318, '218.00', '210.00', '0.00', '10.00', 0, 107, 477),
(2319, '218.00', '210.00', '1.00', '3.00', 0, 107, 478),
(2320, '68.00', '60.00', '0.25', '1.00', 0, 1355, 478),
(2321, '43.00', '31.00', '0.50', '1.00', 0, 113, 478),
(2322, '170.00', '125.00', '5.00', '1.00', 0, 1533, 478),
(2323, '310.00', '290.00', '0.00', '4.00', 0, 93, 479),
(2324, '950.00', '920.00', '0.00', '1.00', 0, 95, 479),
(2325, '560.00', '505.00', '0.00', '1.00', 0, 155, 479),
(2326, '265.00', '235.00', '0.00', '1.00', 0, 152, 479),
(2327, '44.00', '37.50', '0.00', '5.00', 0, 163, 479),
(2328, '500.00', '425.00', '0.00', '2.00', 0, 355, 480),
(2329, '40.00', '30.00', '0.00', '1.00', 0, 1454, 480),
(2330, '18.00', '13.00', '0.00', '1.00', 0, 1518, 480),
(2331, '45.00', '30.00', '0.00', '1.00', 0, 815, 480),
(2332, '33.00', '30.00', '0.00', '10.00', 0, 1201, 480),
(2333, '75.00', '60.00', '0.00', '0.50', 0, 115, 480),
(2334, '160.00', '130.00', '5.00', '1.00', 0, 723, 480),
(2335, '14.00', '9.00', '0.00', '1.00', 0, 325, 480),
(2336, '509.00', '450.00', '9.00', '1.00', 0, 870, 480),
(2337, '1050.00', '850.00', '0.00', '1.00', 0, 1681, 480),
(2338, '47.00', '31.00', '0.00', '2.00', 0, 109, 480),
(2339, '47.00', '31.00', '0.00', '1.00', 0, 112, 480),
(2340, '7.00', '5.00', '0.00', '200.00', 0, 64, 481),
(2341, '218.00', '210.00', '0.00', '6.00', 0, 107, 482),
(2342, '9.00', '6.00', '0.50', '200.00', 0, 1479, 482),
(2343, '48.00', '38.00', '0.00', '5.00', 1, 125, 482),
(2344, '130.00', '120.00', '3.00', '5.00', 0, 119, 482),
(2345, '68.00', '60.00', '0.00', '1.00', 0, 1355, 482),
(2346, '47.00', '36.00', '0.00', '1.00', 0, 256, 483),
(2347, '20.00', '18.00', '0.00', '2.00', 0, 1425, 483),
(2348, '50.00', '40.00', '2.00', '5.00', 0, 1374, 483),
(2349, '33.00', '30.00', '0.00', '3.00', 0, 1201, 483),
(2350, '62.50', '47.50', '2.50', '1.00', 0, 1354, 483),
(2351, '75.00', '60.00', '0.00', '1.00', 0, 115, 483),
(2352, '40.00', '1.50', '0.00', '4.00', 0, 417, 483),
(2353, '43.00', '31.00', '0.00', '0.50', 0, 113, 483),
(2354, '55.00', '33.00', '0.00', '1.00', 0, 1590, 483),
(2355, '55.00', '42.25', '0.00', '1.00', 0, 301, 483),
(2356, '155.00', '144.00', '5.00', '1.00', 0, 1575, 483),
(2357, '133.00', '115.00', '3.00', '3.00', 0, 674, 484),
(2358, '53.00', '31.00', '0.00', '0.50', 0, 113, 484),
(2359, '51.00', '27.00', '0.00', '0.50', 0, 108, 484),
(2360, '33.00', '30.00', '1.00', '33.00', 0, 1201, 484),
(2361, '47.00', '31.00', '0.00', '1.00', 0, 109, 484),
(2362, '62.50', '47.50', '2.50', '2.00', 0, 1354, 484),
(2363, '218.00', '210.00', '0.00', '1.00', 0, 107, 484),
(2364, '69.00', '41.40', '0.00', '2.00', 0, 1689, 484),
(2365, '62.00', '4.30', '0.00', '3.00', 0, 1690, 484),
(2366, '310.00', '290.00', '5.00', '1.00', 0, 93, 484),
(2367, '155.00', '144.00', '3.00', '4.00', 0, 1575, 484),
(2368, '825.00', '200.00', '0.00', '1.00', 0, 1506, 485),
(2369, '7.00', '5.00', '0.00', '200.00', 0, 64, 485),
(2370, '7.00', '5.00', '0.00', '50.00', 0, 64, 486),
(2371, '218.00', '210.00', '1.00', '4.00', 0, 107, 486),
(2372, '15.00', '10.00', '0.00', '15.00', 0, 796, 487),
(2373, '8.00', '1.00', '0.00', '30.00', 0, 774, 487),
(2374, '0.50', '0.12', '0.00', '15.00', 0, 1691, 487),
(2375, '25.00', '20.00', '0.00', '1.00', 0, 318, 487),
(2376, '15.00', '10.00', '0.00', '15.00', 0, 796, 488),
(2377, '8.00', '1.00', '0.00', '30.00', 0, 774, 488),
(2378, '0.50', '0.12', '0.00', '15.00', 0, 1691, 488),
(2379, '25.00', '20.00', '0.00', '1.00', 0, 318, 488),
(2380, '68.00', '60.00', '0.00', '2.00', 0, 1355, 489),
(2381, '100.00', '69.00', '0.00', '1.00', 0, 1510, 489),
(2382, '56.00', '31.00', '0.00', '2.00', 0, 112, 489),
(2383, '51.00', '27.00', '0.00', '1.00', 0, 108, 489),
(2384, '32.00', '10.00', '0.00', '11.00', 0, 62, 490),
(2385, '25.00', '17.25', '0.00', '1.00', 1, 1326, 490),
(2386, '50.00', '35.00', '0.00', '1.00', 0, 827, 490),
(2387, '18.00', '8.00', '0.00', '1.00', 0, 589, 490),
(2388, '65.00', '48.75', '0.00', '1.00', 0, 1287, 490),
(2389, '35.00', '26.25', '0.00', '2.00', 1, 1314, 490),
(2390, '18.00', '12.96', '0.00', '2.00', 0, 1694, 490),
(2391, '223.50', '190.00', '0.00', '1.00', 0, 1184, 490),
(2392, '1.00', '0.25', '0.00', '8.00', 0, 1589, 490),
(2393, '60.00', '37.00', '0.00', '1.00', 0, 150, 490),
(2394, '85.00', '65.00', '0.00', '1.00', 0, 555, 490),
(2395, '49.00', '27.00', '1.00', '1.00', 0, 108, 490),
(2396, '506.00', '10.00', '6.00', '3.00', 0, 31, 490),
(2397, '70.00', '48.75', '0.00', '2.00', 0, 287, 490),
(2398, '34.00', '11.00', '2.00', '1.00', 0, 306, 490),
(2399, '37.00', '25.00', '1.00', '2.00', 0, 162, 490),
(2400, '50.00', '29.00', '0.00', '2.00', 0, 335, 490),
(2401, '87.00', '65.00', '0.00', '10.00', 0, 664, 491),
(2402, '130.00', '120.00', '0.00', '12.00', 0, 119, 492),
(2403, '48.00', '38.00', '0.00', '6.00', 1, 125, 492),
(2404, '7.00', '5.00', '0.00', '100.00', 0, 64, 492),
(2405, '218.00', '210.00', '0.00', '10.00', 0, 107, 492),
(2406, '800.00', '330.00', '0.00', '1.00', 1, 1451, 492),
(2407, '100.00', '85.00', '0.00', '1.00', 0, 627, 493),
(2408, '170.00', '125.00', '5.00', '1.00', 0, 1533, 493),
(2409, '18.50', '16.00', '0.50', '25.00', 0, 913, 493),
(2410, '60.00', '45.00', '0.00', '1.00', 0, 1556, 493),
(2411, '218.00', '210.00', '0.00', '2.00', 0, 107, 493),
(2412, '550.00', '330.00', '0.00', '1.00', 1, 1451, 493),
(2413, '95.00', '75.00', '0.00', '1.00', 0, 620, 493),
(2414, '51.00', '27.00', '0.00', '2.00', 0, 108, 493),
(2415, '14.00', '10.50', '0.00', '25.00', 0, 349, 493),
(2416, '42.00', '32.00', '0.00', '2.00', 0, 1359, 493),
(2417, '140.00', '105.00', '0.00', '3.00', 0, 1198, 494),
(2418, '9.00', '6.00', '0.50', '40.00', 0, 1479, 495),
(2419, '223.00', '210.00', '0.00', '4.00', 0, 107, 495),
(2420, '89.00', '79.00', '0.00', '2.00', 0, 739, 495),
(2421, '254.00', '235.00', '0.00', '1.00', 0, 89, 496),
(2422, '170.00', '125.00', '0.00', '1.00', 0, 1533, 496),
(2423, '37.00', '25.00', '0.00', '2.00', 0, 162, 496),
(2424, '52.50', '42.50', '0.00', '2.00', 0, 320, 496),
(2425, '50.00', '38.00', '2.00', '3.00', 0, 1202, 497),
(2426, '215.00', '210.00', '0.00', '2.00', 0, 1696, 497),
(2427, '20.00', '16.00', '0.00', '5.00', 0, 1475, 497),
(2428, '14.00', '9.00', '0.00', '1.00', 0, 325, 497),
(2429, '180.00', '160.00', '0.00', '1.00', 0, 88, 497),
(2430, '600.00', '575.00', '0.00', '1.00', 0, 94, 497),
(2431, '178.00', '158.00', '0.00', '1.00', 1, 1265, 497),
(2432, '18.50', '16.00', '0.50', '10.00', 0, 913, 497),
(2433, '822.00', '806.00', '0.00', '1.00', 0, 1219, 497),
(2434, '179.00', '156.00', '0.00', '1.00', 0, 685, 497),
(2435, '42.00', '32.00', '2.00', '50.00', 0, 1359, 498),
(2436, '60.00', '53.00', '1.00', '4.00', 0, 1549, 499),
(2437, '60.00', '37.00', '0.00', '0.50', 0, 111, 499),
(2438, '19.00', '15.00', '0.00', '1.00', 0, 1578, 499),
(2439, '45.00', '30.00', '0.00', '1.00', 0, 815, 499),
(2440, '61.00', '45.00', '0.00', '1.00', 0, 166, 499),
(2441, '25.00', '42.00', '0.00', '1.00', 0, 316, 499),
(2442, '8.00', '3.00', '0.00', '4.00', 0, 1413, 499),
(2443, '215.00', '210.00', '0.00', '2.00', 0, 1696, 499),
(2444, '75.00', '60.00', '0.00', '1.00', 0, 710, 499),
(2445, '218.00', '210.00', '0.00', '3.00', 0, 107, 500),
(2446, '65.00', '30.00', '5.00', '3.00', 1, 1452, 500),
(2447, '18.00', '8.00', '0.00', '1.00', 0, 589, 500),
(2448, '95.00', '90.00', '0.00', '1.00', 0, 398, 500),
(2449, '45.00', '30.00', '0.00', '1.00', 0, 815, 500),
(2450, '70.00', '52.50', '0.00', '3.00', 0, 1084, 501),
(2451, '14.00', '10.50', '0.50', '10.00', 0, 349, 501),
(2452, '15.00', '10.00', '0.00', '1.50', 0, 1411, 501),
(2453, '134.00', '101.00', '0.00', '1.00', 1, 1252, 501),
(2454, '37.00', '24.00', '0.00', '2.00', 0, 1362, 501),
(2455, '234.00', '8.00', '4.00', '1.00', 1, 1240, 501),
(2456, '22.00', '14.30', '0.00', '1.00', 0, 1598, 501),
(2457, '22.00', '14.30', '0.00', '1.00', 0, 1599, 501),
(2458, '32.00', '19.00', '0.00', '1.00', 0, 588, 501),
(2459, '225.00', '210.00', '0.00', '60.00', 0, 107, 502),
(2460, '9.00', '6.00', '0.25', '59.00', 0, 1479, 503),
(2461, '220.00', '210.00', '0.00', '8.00', 0, 107, 503),
(2462, '14.00', '10.00', '0.00', '1.00', 0, 431, 503),
(2463, '15.00', '5.90', '0.00', '2.00', 0, 327, 503),
(2464, '610.00', '575.00', '0.00', '2.00', 0, 94, 503),
(2465, '310.00', '290.00', '5.00', '17.00', 0, 93, 504),
(2466, '33.00', '30.00', '1.00', '27.00', 0, 1201, 504),
(2467, '50.00', '38.00', '2.00', '12.00', 0, 1202, 504),
(2468, '29.00', '24.00', '0.00', '1.00', 0, 481, 504),
(2469, '14.00', '9.00', '0.00', '1.00', 0, 325, 504),
(2470, '47.00', '36.00', '0.00', '1.00', 0, 256, 504),
(2471, '56.00', '31.00', '0.00', '1.00', 0, 109, 504),
(2472, '14.00', '10.50', '1.00', '60.00', 0, 349, 505),
(2473, '64.00', '43.20', '0.00', '1.00', 0, 290, 505),
(2474, '46.00', '31.20', '0.00', '1.00', 0, 293, 505),
(2475, '23.00', '18.00', '1.00', '20.00', 0, 1458, 506),
(2476, '26.00', '16.00', '1.00', '15.00', 0, 1459, 506),
(2477, '400.00', '300.00', '0.00', '1.00', 1, 1521, 506),
(2478, '25.00', '17.25', '1.00', '6.00', 1, 1326, 506),
(2479, '25.00', '12.75', '1.00', '3.00', 1, 1327, 506),
(2480, '115.00', '109.25', '0.00', '1.00', 0, 1585, 506),
(2481, '45.00', '33.75', '0.00', '2.00', 0, 1290, 506),
(2482, '35.00', '26.25', '0.00', '4.00', 1, 1314, 506),
(2483, '2.00', '1.25', '0.00', '20.00', 0, 1537, 506),
(2484, '32.00', '19.00', '0.00', '1.00', 0, 588, 506),
(2485, '24.00', '18.00', '0.00', '2.00', 0, 1134, 506),
(2486, '1.00', '0.25', '0.00', '10.00', 0, 1554, 506),
(2487, '285.00', '267.00', '3.00', '1.00', 0, 90, 507),
(2488, '80.00', '72.00', '0.00', '1.00', 0, 1686, 507),
(2489, '120.00', '102.50', '0.00', '1.00', 0, 1661, 507),
(2490, '170.00', '125.00', '0.00', '1.00', 0, 1533, 507),
(2491, '179.00', '165.00', '2.00', '9.00', 0, 1369, 507),
(2492, '75.00', '60.00', '0.00', '1.00', 0, 115, 507),
(2493, '65.00', '30.00', '0.00', '3.00', 1, 1452, 507),
(2494, '70.00', '55.20', '0.00', '1.00', 0, 292, 507),
(2495, '104.16', '79.10', '0.16', '2.00', 0, 1361, 507),
(2496, '75.00', '65.00', '0.00', '4.00', 0, 1373, 507),
(2497, '60.00', '45.00', '0.00', '4.00', 0, 1698, 507),
(2498, '56.00', '31.00', '0.00', '5.00', 0, 109, 507),
(2499, '587.50', '557.00', '0.00', '1.00', 0, 277, 507),
(2500, '60.00', '39.00', '0.00', '1.00', 0, 1697, 507),
(2501, '218.00', '210.00', '0.00', '35.00', 0, 107, 508),
(2502, '154.00', '144.00', '2.00', '6.00', 0, 85, 509),
(2503, '89.00', '79.00', '2.00', '4.00', 0, 739, 509),
(2504, '215.00', '210.00', '2.00', '6.00', 0, 1696, 509),
(2505, '7.00', '5.00', '0.00', '200.00', 0, 64, 509),
(2506, '43.00', '27.00', '0.00', '2.00', 0, 108, 509),
(2507, '68.00', '60.00', '0.00', '0.25', 0, 1355, 509),
(2508, '45.00', '31.00', '0.00', '2.00', 0, 113, 509),
(2509, '218.00', '210.00', '1.00', '8.00', 0, 107, 510),
(2510, '58.00', '33.00', '0.00', '0.50', 0, 110, 510),
(2511, '15.00', '10.00', '0.00', '1.00', 0, 667, 510),
(2512, '45.00', '31.00', '0.00', '0.50', 0, 113, 510),
(2513, '7.50', '5.00', '0.25', '400.00', 0, 64, 511),
(2514, '132.00', '120.00', '0.00', '15.00', 0, 119, 511),
(2515, '49.00', '38.00', '0.00', '10.00', 1, 125, 511),
(2516, '220.00', '198.00', '0.00', '44.00', 1, 1370, 511),
(2517, '152.00', '132.00', '0.00', '150.00', 0, 1368, 511),
(2518, '185.00', '165.00', '0.00', '84.00', 0, 1369, 511),
(2519, '160.00', '144.00', '0.00', '8.00', 0, 1575, 511),
(2520, '75.00', '60.00', '0.00', '20.00', 0, 116, 511),
(2521, '52.00', '27.00', '0.00', '10.00', 0, 108, 511),
(2522, '67.50', '47.50', '0.00', '52.00', 0, 1354, 511),
(2523, '218.00', '210.00', '0.00', '2.00', 0, 107, 512),
(2524, '50.00', '38.00', '2.00', '5.00', 0, 1202, 512),
(2525, '45.00', '31.00', '0.00', '0.25', 0, 113, 512),
(2526, '236.00', '222.00', '0.00', '6.00', 1, 1367, 513),
(2527, '75.00', '60.00', '0.00', '1.00', 0, 116, 513),
(2528, '215.00', '210.00', '0.00', '2.00', 0, 1696, 513),
(2529, '33.00', '30.00', '0.00', '50.00', 0, 1201, 514),
(2530, '120.00', '100.00', '0.00', '5.00', 0, 1365, 514),
(2531, '43.00', '27.00', '0.00', '5.00', 0, 108, 514),
(2532, '50.00', '40.00', '2.00', '50.00', 0, 1374, 515),
(2533, '60.00', '37.00', '0.00', '1.00', 0, 111, 515),
(2534, '45.00', '31.00', '0.00', '3.00', 0, 113, 515),
(2535, '43.00', '27.00', '0.00', '3.00', 0, 108, 515),
(2536, '42.00', '32.00', '2.00', '10.00', 0, 1359, 516),
(2537, '50.00', '40.00', '2.00', '2.00', 0, 1374, 516),
(2538, '47.00', '31.00', '0.00', '0.50', 0, 112, 516),
(2539, '45.00', '31.00', '0.00', '0.50', 0, 113, 516),
(2540, '242.00', '8.00', '2.00', '1.00', 1, 1245, 517),
(2541, '165.00', '140.00', '0.00', '1.00', 0, 1450, 517),
(2542, '225.00', '205.00', '0.00', '1.00', 1, 1266, 517),
(2543, '3.00', '1.80', '0.00', '10.00', 0, 926, 517),
(2544, '33.00', '25.00', '0.00', '1.00', 0, 1670, 517),
(2545, '25.00', '17.25', '0.00', '1.00', 1, 1326, 517),
(2546, '47.00', '31.00', '0.00', '0.50', 0, 112, 517),
(2547, '45.00', '33.75', '0.00', '1.00', 0, 1293, 517),
(2548, '18.00', '8.00', '0.00', '1.00', 0, 589, 517),
(2549, '154.00', '144.00', '0.00', '10.00', 0, 85, 518),
(2550, '50.00', '40.00', '0.00', '10.00', 0, 1374, 518),
(2551, '50.00', '38.00', '0.00', '5.00', 0, 1202, 518),
(2552, '51.00', '27.00', '0.00', '0.50', 0, 108, 518),
(2553, '53.00', '31.00', '0.00', '0.50', 0, 113, 518),
(2554, '75.00', '60.00', '0.00', '1.00', 0, 115, 518),
(2555, '144.00', '124.00', '0.00', '1.00', 0, 104, 518),
(2556, '180.00', '160.00', '0.00', '5.00', 0, 88, 519),
(2557, '475.00', '440.00', '15.00', '1.00', 0, 91, 519),
(2558, '33.00', '30.00', '1.00', '25.00', 0, 1201, 519),
(2559, '170.00', '135.00', '10.00', '6.00', 0, 1392, 519),
(2560, '60.00', '37.00', '0.00', '0.25', 0, 111, 519),
(2561, '56.00', '31.00', '0.00', '1.00', 0, 112, 519),
(2562, '53.00', '31.00', '0.00', '1.50', 0, 113, 519),
(2563, '170.00', '125.00', '0.00', '2.00', 0, 1533, 519),
(2564, '372.00', '336.00', '0.00', '7.00', 0, 80, 520),
(2565, '132.00', '120.00', '2.00', '3.00', 0, 119, 520),
(2566, '650.00', '330.00', '0.00', '1.00', 0, 1515, 520),
(2567, '650.00', '330.00', '0.00', '1.00', 1, 1451, 520),
(2568, '7.00', '5.00', '0.00', '30.00', 0, 64, 520),
(2569, '75.00', '65.00', '0.00', '4.00', 0, 1373, 520),
(2570, '100.00', '85.00', '0.00', '1.00', 0, 627, 520),
(2571, '35.00', '22.00', '0.00', '1.00', 0, 336, 520),
(2572, '14.00', '9.00', '0.00', '1.00', 0, 325, 520),
(2573, '218.00', '210.00', '0.00', '6.00', 0, 107, 520),
(2574, '33.00', '30.00', '1.00', '2.00', 0, 1201, 521),
(2575, '100.00', '89.00', '0.00', '3.00', 0, 1699, 521),
(2576, '180.00', '160.00', '0.00', '4.00', 0, 88, 521),
(2577, '216.00', '205.00', '0.00', '3.00', 0, 1696, 521),
(2578, '48.00', '38.00', '0.00', '3.00', 1, 125, 521),
(2579, '89.00', '79.00', '0.00', '2.00', 0, 739, 521),
(2580, '47.00', '31.00', '7.00', '2.00', 0, 109, 521),
(2581, '7.00', '5.00', '0.00', '50.00', 0, 64, 521),
(2582, '75.00', '60.00', '0.00', '1.00', 0, 116, 521),
(2583, '199.00', '185.00', '0.00', '6.00', 1, 81, 521),
(2584, '790.00', '760.00', '0.00', '1.00', 0, 96, 521),
(2585, '282.00', '267.00', '4.00', '2.00', 0, 90, 521),
(2586, '133.00', '115.00', '0.00', '5.00', 0, 674, 522),
(2587, '21.00', '18.00', '0.00', '1.00', 0, 676, 522),
(2588, '14.00', '10.00', '0.00', '5.00', 0, 675, 522),
(2589, '40.00', '35.00', '0.00', '1.00', 0, 1424, 522),
(2590, '45.00', '31.00', '0.00', '2.00', 0, 113, 523),
(2591, '215.00', '205.00', '0.00', '5.00', 0, 1696, 524),
(2592, '50.00', '38.00', '0.00', '7.00', 0, 1202, 524),
(2593, '33.00', '30.00', '0.00', '8.00', 0, 1201, 524),
(2594, '47.00', '31.00', '0.00', '2.00', 0, 109, 524),
(2595, '43.00', '27.00', '0.00', '1.00', 0, 108, 524),
(2596, '60.00', '38.00', '3.00', '10.00', 0, 1393, 524),
(2597, '61.00', '45.00', '0.00', '2.00', 0, 165, 524),
(2598, '43.00', '37.50', '0.00', '2.00', 0, 163, 524),
(2599, '634.00', '584.00', '4.00', '1.00', 0, 11, 524),
(2600, '115.00', '97.00', '0.00', '1.00', 0, 148, 524),
(2601, '10.00', '6.50', '0.00', '1.00', 0, 1594, 524),
(2602, '133.00', '118.00', '0.00', '1.00', 0, 1663, 524),
(2603, '37.00', '25.00', '0.00', '1.00', 0, 162, 524),
(2604, '15.00', '10.50', '0.00', '1.00', 0, 278, 524),
(2605, '10.00', '6.00', '0.00', '1.00', 0, 299, 524),
(2606, '50.00', '40.00', '0.00', '2.00', 0, 1374, 524),
(2607, '65.00', '45.00', '0.00', '1.00', 0, 553, 524),
(2608, '900.00', '648.00', '0.00', '1.00', 0, 1700, 525),
(2609, '70.00', '55.20', '0.00', '2.00', 0, 292, 525),
(2610, '215.00', '189.00', '0.00', '1.00', 0, 617, 525),
(2611, '19.00', '12.00', '4.00', '1.00', 0, 486, 525),
(2612, '46.00', '31.20', '11.00', '1.00', 0, 293, 525),
(2613, '100.00', '85.00', '0.00', '1.00', 0, 627, 525),
(2614, '30.00', '22.00', '0.00', '1.00', 0, 331, 525),
(2615, '55.00', '45.60', '0.00', '1.00', 0, 482, 525),
(2616, '13.00', '8.50', '0.00', '2.00', 0, 360, 525),
(2617, '65.00', '50.40', '10.00', '4.00', 0, 291, 525),
(2618, '14.00', '10.50', '1.00', '35.00', 0, 349, 525),
(2619, '218.00', '210.00', '0.00', '50.00', 0, 107, 526),
(2620, '185.00', '172.00', '0.00', '12.00', 0, 118, 526),
(2621, '1300.00', '450.00', '0.00', '1.00', 1, 1115, 526),
(2622, '115.00', '98.50', '0.00', '2.00', 0, 1701, 526),
(2623, '50.00', '31.00', '0.00', '6.00', 0, 928, 526),
(2624, '33.00', '30.00', '0.00', '20.00', 0, 1201, 527),
(2625, '42.00', '32.00', '3.75', '25.00', 0, 1359, 527),
(2626, '67.50', '47.50', '10.00', '15.00', 0, 1354, 527),
(2627, '475.00', '440.00', '3.00', '3.00', 0, 91, 527),
(2628, '18.50', '16.00', '0.50', '10.00', 0, 913, 527),
(2629, '35.00', '22.00', '0.00', '1.00', 0, 336, 527),
(2630, '60.00', '35.00', '8.00', '1.00', 0, 556, 527),
(2631, '267.00', '252.00', '2.00', '1.00', 0, 106, 527),
(2632, '254.00', '235.00', '4.00', '5.00', 0, 89, 527),
(2633, '125.00', '100.00', '13.00', '7.00', 0, 1565, 527),
(2634, '161.00', '131.00', '1.00', '1.00', 0, 270, 527),
(2635, '3.00', '2.00', '1.00', '12.00', 0, 568, 527),
(2636, '60.00', '45.00', '0.00', '1.00', 0, 1698, 527),
(2637, '46.00', '30.00', '0.00', '3.00', 0, 1456, 527),
(2638, '144.00', '124.00', '0.00', '1.00', 0, 104, 527),
(2639, '170.00', '125.00', '0.00', '1.00', 0, 1533, 527),
(2640, '49.00', '33.00', '0.00', '0.25', 0, 110, 527),
(2641, '83.00', '63.50', '0.00', '6.00', 0, 1353, 528),
(2642, '33.00', '30.00', '0.00', '10.00', 0, 1201, 528),
(2643, '60.00', '38.00', '3.00', '10.00', 0, 1393, 528),
(2644, '38.00', '29.00', '0.00', '2.00', 0, 1642, 528),
(2645, '48.00', '40.00', '0.00', '1.00', 0, 376, 528),
(2646, '80.00', '60.00', '0.00', '1.00', 0, 370, 528),
(2647, '11.50', '8.00', '1.50', '2.00', 0, 647, 528),
(2648, '133.00', '118.00', '0.00', '1.00', 0, 1663, 528),
(2649, '14.00', '5.90', '0.00', '1.00', 0, 327, 528),
(2650, '215.00', '205.00', '2.00', '4.00', 0, 1696, 528),
(2651, '1150.00', '1050.00', '0.00', '1.00', 0, 908, 528),
(2652, '7.00', '5.00', '0.00', '1.00', 0, 654, 528),
(2653, '60.00', '45.00', '0.00', '1.00', 0, 1698, 528),
(2654, '220.00', '198.00', '0.00', '1.00', 1, 1370, 528),
(2655, '75.00', '60.00', '0.00', '1.00', 0, 115, 528),
(2656, '75.00', '65.00', '0.00', '2.00', 0, 1373, 528),
(2657, '18.00', '11.00', '0.00', '1.00', 0, 289, 528),
(2658, '90.00', '60.00', '0.00', '1.00', 0, 717, 529),
(2659, '3.00', '2.00', '1.00', '5.00', 0, 568, 529),
(2660, '47.00', '31.00', '0.00', '0.25', 0, 112, 529),
(2661, '47.00', '31.00', '0.00', '0.25', 0, 109, 529),
(2662, '170.00', '125.00', '0.00', '1.00', 0, 1533, 529),
(2663, '24.00', '20.00', '0.00', '49.00', 1, 1402, 529),
(2664, '60.00', '45.00', '0.00', '1.00', 0, 1556, 529),
(2665, '23.00', '16.90', '0.00', '1.00', 0, 1650, 529),
(2666, '15.00', '11.00', '0.00', '10.00', 0, 976, 529),
(2667, '66.00', '50.00', '0.00', '1.00', 0, 1012, 529),
(2668, '45.00', '31.00', '0.00', '1.00', 0, 113, 529),
(2669, '43.00', '27.00', '0.00', '1.00', 0, 108, 529),
(2670, '216.00', '205.00', '0.00', '7.00', 0, 1696, 529),
(2671, '42.00', '30.00', '0.00', '3.00', 0, 843, 529),
(2672, '117.00', '99.40', '0.00', '1.00', 0, 1702, 529),
(2673, '240.00', '200.00', '0.00', '1.00', 0, 722, 529),
(2674, '24.00', '16.00', '0.00', '1.00', 0, 332, 529),
(2675, '44.00', '36.00', '0.00', '1.00', 0, 1703, 530),
(2676, '154.00', '144.00', '2.00', '6.00', 0, 85, 530),
(2677, '75.00', '60.00', '0.00', '0.25', 0, 115, 530),
(2678, '170.00', '125.00', '10.00', '2.00', 0, 1533, 530),
(2679, '53.00', '31.00', '0.00', '1.50', 0, 113, 530),
(2680, '56.00', '31.00', '0.00', '0.50', 0, 109, 530),
(2681, '155.00', '144.00', '0.00', '1.00', 0, 1575, 530),
(2682, '7.00', '5.00', '0.00', '100.00', 0, 64, 530),
(2683, '215.00', '205.00', '0.00', '2.00', 0, 1696, 530),
(2684, '43.00', '27.00', '0.00', '1.00', 0, 108, 530),
(2685, '60.00', '53.00', '1.00', '12.00', 0, 1549, 530),
(2686, '88.00', '76.00', '0.00', '2.00', 0, 1584, 530),
(2687, '342.00', '310.00', '0.00', '1.00', 0, 732, 530),
(2688, '242.00', '8.00', '0.00', '1.00', 1, 1242, 530),
(2689, '50.00', '31.00', '5.00', '1.00', 0, 596, 530),
(2690, '790.00', '760.00', '0.00', '1.00', 0, 96, 530),
(2691, '282.00', '267.00', '0.00', '1.00', 0, 90, 530),
(2692, '180.00', '160.00', '0.00', '2.00', 0, 88, 531),
(2693, '1800.00', '330.00', '0.00', '1.00', 0, 1515, 532),
(2694, '222.00', '210.00', '0.00', '20.00', 0, 107, 532),
(2695, '130.00', '120.00', '0.00', '3.00', 0, 119, 532),
(2696, '48.00', '38.00', '0.00', '5.00', 1, 125, 532),
(2697, '410.00', '380.00', '0.00', '4.00', 1, 1396, 533),
(2698, '282.00', '267.00', '0.00', '3.00', 0, 90, 533),
(2699, '60.00', '37.00', '0.00', '0.50', 0, 111, 533),
(2700, '25.00', '12.00', '0.00', '2.00', 0, 542, 534),
(2701, '24.00', '18.00', '0.00', '1.00', 0, 1704, 534),
(2702, '7.00', '5.00', '0.00', '1.00', 0, 654, 534),
(2703, '18.00', '13.00', '0.00', '1.00', 0, 1518, 534),
(2704, '1100.00', '550.00', '0.00', '1.00', 1, 1114, 535),
(2705, '218.00', '210.00', '0.00', '4.00', 0, 107, 535),
(2706, '48.00', '38.00', '1.00', '6.00', 1, 125, 535),
(2707, '7.00', '5.00', '0.00', '200.00', 0, 64, 535),
(2708, '254.00', '235.00', '6.00', '20.00', 0, 89, 535),
(2709, '122.66', '101.30', '0.00', '12.00', 0, 1371, 535),
(2710, '76.66', '63.50', '0.00', '24.00', 0, 1353, 535),
(2711, '92.00', '85.00', '0.00', '16.00', 1, 1417, 535),
(2712, '30.66', '30.00', '0.00', '120.00', 0, 1201, 535),
(2713, '69.00', '65.00', '0.00', '48.00', 0, 1373, 535),
(2714, '45.00', '27.00', '0.00', '6.00', 0, 108, 535),
(2715, '43.00', '31.00', '0.00', '4.00', 0, 113, 535),
(2716, '75.00', '60.00', '0.00', '3.00', 0, 115, 535),
(2717, '250.00', '183.00', '3.96', '1.00', 0, 254, 535),
(2718, '267.00', '252.00', '0.00', '4.00', 0, 106, 535),
(2719, '620.00', '425.00', '0.00', '4.00', 0, 885, 535),
(2720, '232.00', '216.00', '7.00', '10.00', 0, 87, 535),
(2721, '218.00', '210.00', '0.00', '10.00', 0, 107, 536),
(2722, '9.00', '5.00', '0.00', '3.00', 0, 425, 537),
(2723, '14.00', '10.00', '0.00', '2.00', 0, 431, 537),
(2724, '14.00', '5.90', '0.00', '3.00', 0, 327, 537),
(2725, '63.00', '41.00', '1.00', '2.00', 0, 330, 538),
(2726, '60.00', '38.00', '0.00', '2.00', 0, 1393, 538),
(2727, '55.00', '33.00', '0.00', '1.00', 0, 1590, 538),
(2728, '14.00', '9.00', '0.00', '4.00', 0, 860, 538),
(2729, '49.00', '33.00', '0.00', '0.50', 0, 110, 538),
(2730, '56.00', '31.00', '0.00', '1.75', 0, 112, 538),
(2731, '170.00', '125.00', '0.00', '1.00', 0, 1533, 538),
(2732, '42.00', '36.24', '0.00', '7.00', 0, 1158, 538),
(2733, '32.00', '19.00', '0.00', '1.00', 0, 588, 538),
(2734, '2.00', '1.00', '0.00', '2.00', 1, 1445, 538),
(2735, '195.00', '180.00', '0.00', '2.00', 0, 86, 538),
(2736, '47.00', '31.00', '0.00', '2.00', 0, 109, 538),
(2737, '70.00', '52.50', '0.00', '1.00', 0, 1084, 538),
(2738, '218.00', '210.00', '0.00', '4.00', 0, 107, 538),
(2739, '580.00', '580.00', '0.00', '1.00', 0, 246, 538),
(2740, '50.00', '40.00', '2.00', '20.00', 0, 1374, 538),
(2741, '48.00', '36.00', '5.00', '1.00', 0, 310, 538),
(2742, '45.00', '30.00', '0.00', '1.00', 0, 815, 539),
(2743, '37.00', '26.00', '0.00', '1.00', 0, 646, 540),
(2744, '175.00', '144.00', '10.00', '1.00', 0, 1227, 541),
(2745, '269.00', '240.00', '0.00', '1.50', 0, 684, 542),
(2746, '24.00', '20.00', '0.00', '1.00', 0, 686, 542),
(2747, '68.00', '60.00', '0.00', '0.25', 0, 1355, 542),
(2748, '130.00', '120.00', '0.00', '2.00', 0, 119, 542),
(2749, '43.00', '31.00', '0.00', '1.00', 0, 113, 542),
(2750, '47.00', '36.00', '0.00', '1.00', 0, 256, 542),
(2751, '170.00', '125.00', '0.00', '2.00', 0, 1533, 542),
(2752, '47.00', '31.00', '0.00', '5.50', 0, 109, 542),
(2753, '120.00', '100.00', '0.00', '0.25', 0, 1365, 542),
(2754, '60.00', '38.00', '3.00', '5.00', 0, 1393, 542),
(2755, '55.00', '33.00', '0.00', '1.00', 0, 1590, 542),
(2756, '49.00', '33.00', '1.00', '0.50', 0, 110, 542),
(2757, '35.00', '26.25', '0.00', '1.00', 1, 1314, 542),
(2758, '69.00', '65.00', '0.00', '3.00', 0, 1373, 542),
(2759, '45.00', '27.00', '0.00', '6.00', 0, 108, 542),
(2760, '75.00', '60.00', '0.00', '1.00', 0, 116, 542),
(2761, '100.00', '120.00', '10.00', '2.00', 0, 896, 542),
(2762, '790.00', '760.00', '10.00', '3.00', 0, 96, 543),
(2763, '310.00', '290.00', '8.00', '2.00', 0, 93, 543),
(2764, '475.00', '459.50', '5.00', '1.00', 0, 1673, 543),
(2765, '56.00', '31.00', '0.00', '1.00', 0, 109, 543),
(2766, '54.00', '48.00', '0.00', '1.00', 0, 1489, 543),
(2767, '25.00', '20.00', '0.00', '1.00', 0, 318, 543),
(2768, '100.00', '120.00', '0.00', '6.00', 0, 896, 543),
(2769, '142.00', '120.00', '2.00', '37.00', 0, 1705, 543),
(2770, '920.00', '840.00', '5.00', '1.00', 0, 1223, 544),
(2771, '150.00', '124.00', '5.00', '1.00', 1, 1230, 544),
(2772, '154.00', '144.00', '2.00', '2.00', 0, 85, 544),
(2773, '232.00', '216.00', '2.00', '1.00', 0, 87, 544),
(2774, '18.50', '16.00', '0.50', '50.00', 0, 913, 544),
(2775, '35.00', '22.00', '0.00', '1.00', 0, 336, 544),
(2776, '240.00', '212.50', '5.00', '1.00', 0, 1583, 544),
(2777, '58.00', '33.00', '0.00', '2.00', 0, 110, 545),
(2778, '56.00', '31.00', '0.00', '3.00', 0, 112, 545),
(2779, '51.00', '27.00', '0.00', '2.00', 0, 108, 545),
(2780, '100.00', '69.00', '0.00', '1.00', 0, 1510, 545),
(2781, '68.00', '60.00', '0.00', '4.00', 0, 1355, 545),
(2782, '550.00', '330.00', '0.00', '1.00', 0, 1515, 546),
(2783, '66.00', '50.00', '2.00', '2.00', 0, 1008, 547),
(2784, '157.00', '137.00', '0.00', '1.00', 0, 204, 548),
(2785, '35.00', '26.25', '0.00', '1.00', 1, 1314, 548),
(2786, '110.00', '80.00', '0.00', '3.00', 0, 1199, 548),
(2787, '15.00', '3.00', '3.00', '1.00', 0, 503, 548),
(2788, '60.00', '38.00', '0.00', '1.00', 0, 1393, 548),
(2789, '45.00', '35.00', '0.00', '2.00', 0, 321, 548),
(2790, '180.00', '160.00', '0.00', '2.00', 0, 88, 548),
(2791, '60.00', '37.00', '0.00', '0.25', 0, 111, 548),
(2792, '154.00', '144.00', '2.00', '7.00', 0, 85, 548),
(2793, '53.00', '31.00', '10.00', '1.00', 0, 113, 548),
(2794, '185.00', '135.00', '0.00', '1.00', 0, 1706, 548),
(2795, '135.00', '97.65', '0.00', '1.00', 1, 1274, 548),
(2796, '62.50', '47.50', '0.00', '14.00', 0, 1354, 549),
(2797, '75.00', '65.00', '0.00', '20.00', 0, 1373, 549),
(2798, '1200.00', '550.00', '0.00', '1.00', 1, 1113, 549),
(2799, '155.00', '144.00', '0.00', '2.00', 0, 1575, 549),
(2800, '215.00', '205.00', '0.00', '2.00', 0, 1696, 549);
INSERT INTO `order_details` (`od_id`, `od_selling_price`, `od_purchase_price`, `od_discount`, `od_qty`, `od_vat`, `i_id`, `o_id`) VALUES
(2801, '290.00', '270.00', '0.00', '1.00', 1, 1440, 550),
(2802, '32.00', '19.00', '0.00', '1.00', 0, 588, 550),
(2803, '93.00', '69.75', '3.00', '3.00', 0, 1635, 550),
(2804, '50.00', '35.00', '0.00', '1.00', 0, 827, 550),
(2805, '35.00', '20.25', '8.00', '3.00', 1, 1328, 550),
(2806, '100.00', '89.50', '0.00', '1.00', 0, 1707, 550),
(2807, '42.00', '36.24', '0.00', '20.00', 0, 1158, 550),
(2808, '2.00', '1.00', '0.50', '24.00', 1, 1445, 550),
(2809, '7.00', '5.00', '0.00', '60.00', 0, 64, 551),
(2810, '48.00', '38.00', '0.00', '1.00', 1, 125, 551),
(2811, '218.00', '210.00', '0.00', '3.00', 0, 107, 551),
(2812, '232.00', '216.00', '0.00', '3.00', 0, 87, 551),
(2813, '33.00', '30.00', '0.00', '35.00', 0, 1201, 551),
(2814, '56.00', '31.00', '0.00', '1.00', 0, 109, 551),
(2815, '56.00', '31.00', '0.00', '1.00', 0, 112, 551),
(2816, '53.00', '31.00', '0.00', '0.50', 0, 113, 551),
(2817, '80.00', '60.00', '0.00', '1.00', 0, 370, 551),
(2818, '2000.00', '550.00', '0.00', '1.00', 1, 1114, 552),
(2819, '9.00', '6.00', '0.25', '120.00', 0, 1479, 552),
(2820, '222.00', '210.00', '0.00', '5.00', 0, 107, 552),
(2821, '80.00', '60.00', '0.00', '1.00', 0, 370, 553),
(2822, '28.00', '12.00', '0.00', '2.00', 0, 542, 553),
(2823, '60.00', '48.00', '0.00', '1.00', 0, 1708, 553),
(2824, '7.00', '5.00', '0.00', '1.00', 0, 654, 553),
(2825, '72.00', '55.40', '0.00', '0.25', 0, 1622, 553),
(2826, '55.00', '45.60', '1.00', '2.00', 0, 482, 554),
(2827, '19.00', '12.00', '1.00', '2.00', 0, 486, 554),
(2828, '13.00', '8.50', '1.00', '2.00', 0, 360, 554),
(2829, '122.00', '102.00', '1.00', '2.00', 0, 1709, 554),
(2830, '65.00', '50.40', '1.00', '2.00', 0, 291, 554),
(2831, '46.00', '31.20', '1.00', '1.00', 0, 293, 554),
(2832, '36.00', '24.00', '1.00', '1.00', 0, 296, 554),
(2833, '24.00', '16.00', '1.00', '2.00', 0, 332, 554),
(2834, '14.00', '10.50', '0.50', '35.00', 0, 349, 554),
(2835, '56.00', '31.00', '0.00', '5.00', 0, 109, 555),
(2836, '65.00', '55.00', '0.00', '1.00', 0, 1503, 555),
(2837, '170.00', '125.00', '0.00', '1.00', 0, 1533, 555),
(2838, '25.00', '10.00', '0.00', '1.00', 0, 608, 555),
(2839, '62.50', '47.50', '0.00', '3.00', 0, 1354, 555),
(2840, '58.00', '33.00', '0.00', '0.25', 0, 110, 555),
(2841, '254.00', '235.00', '0.00', '1.00', 0, 89, 555),
(2842, '140.00', '135.00', '0.00', '1.00', 0, 1427, 555),
(2843, '45.00', '33.75', '0.00', '1.00', 1, 1279, 556),
(2844, '355.00', '330.00', '0.00', '4.00', 1, 1397, 557),
(2845, '105.00', '81.25', '0.00', '0.50', 0, 114, 557),
(2846, '150.00', '130.00', '0.00', '0.50', 0, 1278, 558),
(2847, '32.00', '10.00', '0.00', '20.00', 0, 62, 559),
(2848, '173.00', '154.55', '0.00', '1.00', 1, 1259, 560),
(2849, '950.00', '920.00', '0.00', '1.00', 0, 95, 560),
(2850, '60.00', '38.00', '0.00', '1.00', 0, 1393, 560),
(2851, '58.00', '33.00', '0.00', '0.50', 0, 110, 560),
(2852, '62.50', '47.50', '0.00', '2.00', 0, 1354, 560),
(2853, '42.00', '32.00', '0.00', '2.00', 0, 1359, 560),
(2854, '7.00', '5.00', '0.00', '4.00', 0, 64, 560),
(2855, '75.00', '60.00', '0.00', '0.50', 0, 115, 560),
(2856, '56.00', '31.00', '0.00', '0.25', 0, 109, 560),
(2857, '56.00', '31.00', '0.00', '0.25', 0, 112, 560),
(2858, '618.00', '556.00', '0.00', '1.00', 0, 13, 560),
(2859, '40.00', '26.00', '0.00', '1.00', 0, 280, 560),
(2860, '37.00', '25.00', '0.00', '1.00', 0, 162, 560),
(2861, '254.00', '235.00', '0.00', '1.00', 0, 89, 561),
(2862, '140.00', '80.00', '0.00', '1.00', 0, 1534, 561),
(2863, '60.00', '37.00', '0.00', '0.25', 0, 111, 561),
(2864, '56.00', '31.00', '0.00', '1.25', 0, 112, 561),
(2865, '49.00', '35.00', '0.00', '2.00', 1, 1712, 561),
(2866, '83.00', '63.50', '0.00', '3.00', 0, 1353, 561),
(2867, '62.50', '47.50', '0.00', '3.00', 0, 1354, 561),
(2868, '42.00', '32.00', '0.00', '5.00', 0, 1359, 561),
(2869, '56.00', '31.00', '0.00', '1.00', 0, 109, 561),
(2870, '1650.00', '1250.00', '0.00', '1.00', 1, 1552, 562),
(2871, '50.00', '37.50', '0.00', '1.00', 1, 1108, 562),
(2872, '250.00', '230.00', '0.00', '1.00', 1, 1523, 562),
(2873, '47.00', '36.00', '0.00', '2.00', 0, 256, 562),
(2874, '15.00', '10.00', '0.00', '4.00', 0, 656, 562),
(2875, '20.00', '15.00', '0.00', '1.00', 0, 1142, 562),
(2876, '200.00', '150.00', '0.00', '1.00', 0, 384, 562),
(2877, '12.00', '8.00', '0.00', '1.00', 0, 635, 562),
(2878, '165.00', '140.00', '0.00', '1.00', 0, 1450, 563),
(2879, '15.00', '7.50', '0.00', '5.00', 0, 846, 563),
(2880, '180.00', '160.00', '0.00', '1.00', 0, 88, 563),
(2881, '53.00', '41.00', '0.00', '1.00', 0, 525, 563),
(2882, '218.00', '210.00', '0.00', '3.00', 0, 107, 563),
(2883, '32.00', '10.00', '0.00', '2.00', 0, 62, 564),
(2884, '55.00', '30.00', '0.00', '1.00', 0, 1285, 564),
(2885, '93.00', '69.75', '3.00', '1.00', 0, 1635, 564),
(2886, '1500.00', '1250.00', '0.00', '1.00', 0, 1713, 564),
(2887, '170.00', '125.00', '5.00', '1.00', 0, 1533, 564),
(2888, '33.00', '30.00', '1.00', '10.00', 0, 1201, 564),
(2889, '60.00', '38.00', '0.00', '4.00', 0, 1393, 564),
(2890, '70.00', '55.20', '0.00', '1.00', 0, 292, 564),
(2891, '165.00', '140.00', '0.00', '1.00', 0, 1450, 564),
(2892, '18.00', '13.00', '0.00', '2.00', 0, 1518, 564),
(2893, '3.50', '2.00', '0.50', '10.00', 0, 501, 564),
(2894, '54.00', '50.00', '0.00', '1.00', 0, 378, 564),
(2895, '140.00', '80.00', '0.00', '2.00', 0, 1534, 564),
(2896, '58.00', '33.00', '4.00', '0.50', 0, 110, 564),
(2897, '53.00', '31.00', '1.00', '0.25', 0, 113, 564),
(2898, '56.00', '31.00', '4.00', '0.25', 0, 109, 564),
(2899, '60.00', '37.00', '0.00', '0.25', 0, 111, 564),
(2900, '9.00', '6.00', '0.25', '180.00', 0, 1479, 565),
(2901, '220.00', '210.00', '0.00', '10.00', 0, 107, 565),
(2902, '1900.00', '550.00', '0.00', '1.00', 1, 1113, 565),
(2903, '133.00', '120.00', '0.00', '6.00', 0, 119, 565),
(2904, '49.00', '38.00', '0.00', '10.00', 1, 125, 565),
(2905, '198.00', '180.00', '0.00', '25.00', 0, 86, 565),
(2906, '108.00', '88.00', '0.00', '2.00', 0, 663, 565),
(2907, '269.00', '240.00', '29.00', '2.00', 0, 684, 565),
(2908, '158.00', '144.00', '0.00', '15.00', 0, 1575, 565),
(2909, '15.00', '10.00', '0.00', '2.00', 0, 667, 565),
(2910, '43.50', '30.00', '0.00', '2.00', 0, 687, 565),
(2911, '40.00', '35.00', '0.00', '1.00', 0, 1424, 565),
(2912, '215.00', '205.00', '0.00', '2.00', 0, 1696, 566),
(2913, '62.50', '47.50', '0.00', '2.00', 0, 1354, 566),
(2914, '140.00', '80.00', '0.00', '2.00', 0, 1534, 566),
(2915, '58.00', '33.00', '0.00', '0.50', 0, 110, 566),
(2916, '202.00', '180.00', '2.00', '1.00', 1, 1253, 566),
(2917, '45.00', '30.00', '0.00', '1.00', 0, 815, 566),
(2918, '320.00', '250.00', '20.00', '2.00', 0, 713, 566),
(2919, '60.00', '54.50', '3.00', '2.00', 0, 1714, 566),
(2920, '47.00', '36.00', '2.00', '2.00', 0, 1639, 566),
(2921, '5.00', '2.00', '0.00', '3.00', 0, 501, 566),
(2922, '20.00', '12.00', '2.00', '10.00', 0, 1195, 566),
(2923, '2000.00', '550.00', '0.00', '1.00', 1, 1113, 567),
(2924, '222.00', '210.00', '0.00', '13.00', 0, 107, 567),
(2925, '48.00', '38.00', '1.00', '10.00', 1, 125, 567),
(2926, '130.00', '120.00', '3.00', '3.00', 0, 119, 567),
(2927, '9.00', '6.00', '0.25', '100.00', 0, 1479, 567),
(2928, '155.00', '140.00', '0.00', '5.00', 0, 1617, 567),
(2929, '600.00', '450.00', '20.00', '1.00', 0, 594, 567),
(2930, '68.00', '60.00', '0.00', '1.00', 0, 1355, 567),
(2931, '105.00', '81.25', '5.00', '0.50', 0, 114, 567),
(2932, '18.00', '8.00', '0.00', '1.00', 0, 589, 567),
(2933, '70.00', '52.50', '0.00', '1.00', 1, 1284, 567),
(2934, '100.00', '75.00', '0.00', '1.00', 0, 1098, 567),
(2935, '1800.00', '330.00', '0.00', '1.00', 0, 1515, 568),
(2936, '56.00', '31.00', '0.00', '1.25', 0, 109, 569),
(2937, '21.00', '15.50', '0.00', '1.00', 0, 558, 569),
(2938, '133.00', '115.00', '0.00', '0.50', 0, 674, 569),
(2939, '160.00', '140.00', '5.00', '1.00', 0, 756, 569),
(2940, '195.00', '180.00', '0.00', '1.00', 0, 86, 569),
(2941, '33.00', '30.00', '0.00', '2.00', 0, 1201, 569),
(2942, '50.00', '38.00', '0.00', '1.00', 0, 1202, 569),
(2943, '53.00', '31.00', '0.00', '0.50', 0, 113, 569),
(2944, '7.00', '5.00', '0.00', '150.00', 0, 64, 569),
(2945, '60.00', '37.00', '0.00', '0.35', 0, 111, 569),
(2946, '195.00', '180.00', '2.00', '6.00', 0, 86, 570),
(2947, '232.00', '216.00', '4.00', '8.00', 0, 87, 570),
(2948, '53.00', '31.00', '2.00', '1.00', 0, 113, 570),
(2949, '120.00', '100.00', '0.00', '3.00', 0, 1365, 570),
(2950, '600.00', '575.00', '0.00', '1.00', 0, 94, 570),
(2951, '290.00', '270.00', '0.00', '1.00', 1, 1440, 571),
(2952, '110.00', '93.00', '0.00', '1.00', 0, 1715, 571),
(2953, '27.00', '20.25', '0.00', '1.00', 1, 1328, 571),
(2954, '100.00', '89.50', '0.00', '1.00', 0, 1707, 571),
(2955, '18.00', '8.00', '0.00', '1.00', 0, 589, 571),
(2956, '42.00', '36.24', '0.00', '3.00', 0, 1158, 571),
(2957, '2.00', '1.00', '0.00', '8.00', 1, 1445, 571),
(2958, '218.00', '210.00', '0.00', '10.00', 0, 107, 572),
(2959, '7.00', '5.00', '0.00', '25.00', 0, 64, 573),
(2960, '154.00', '144.00', '0.00', '3.00', 0, 85, 573),
(2961, '62.50', '47.50', '0.00', '2.00', 0, 1354, 573),
(2962, '120.00', '100.00', '0.00', '0.50', 0, 1365, 573),
(2963, '53.00', '31.00', '0.00', '0.50', 0, 113, 573),
(2964, '215.00', '205.00', '0.00', '1.00', 0, 1696, 573),
(2965, '189.00', '175.00', '2.00', '1.00', 1, 1419, 573),
(2966, '1200.00', '550.00', NULL, '0.59', 1, 1113, 574),
(2967, '1200.00', '550.00', '0.00', '0.59', 1, 1113, 575),
(2968, '822.00', '806.00', '5.00', '1.00', 0, 1219, 576),
(2969, '882.00', '866.00', '5.00', '1.00', 0, 1220, 576),
(2970, '175.00', '144.00', '0.00', '1.00', 0, 1227, 577),
(2971, '60.00', '37.00', '0.00', '0.25', 0, 111, 577),
(2972, '20.00', '15.00', '0.00', '1.00', 0, 1142, 577),
(2973, '51.00', '27.00', '0.00', '1.00', 0, 108, 577),
(2974, '53.00', '31.00', '0.00', '0.50', 0, 113, 577),
(2975, '56.00', '31.00', '0.00', '0.25', 0, 109, 577),
(2976, '120.00', '100.00', '0.00', '1.50', 0, 1365, 577),
(2977, '65.00', '45.00', '0.00', '1.00', 0, 553, 577),
(2978, '42.00', '32.00', '2.00', '20.00', 0, 1359, 577),
(2979, '180.00', '160.00', '0.00', '1.00', 0, 88, 577),
(2980, '75.00', '60.00', '0.00', '1.00', 0, 116, 577),
(2981, '200.00', '150.00', '0.00', '1.00', 0, 714, 578),
(2982, '60.00', '35.00', '0.00', '2.00', 0, 556, 578),
(2983, '75.00', '65.00', '0.00', '3.00', 0, 1373, 578),
(2984, '372.00', '336.00', '0.00', '3.00', 0, 80, 578),
(2985, '65.00', '45.00', '0.00', '1.00', 0, 217, 578),
(2986, '14.00', '10.50', '1.00', '80.00', 0, 349, 579),
(2987, '64.00', '43.20', '0.00', '1.00', 0, 290, 579),
(2988, '157.00', '137.00', '0.00', '1.00', 0, 192, 579),
(2989, '14.00', '10.00', '0.00', '1.00', 0, 317, 579),
(2990, '115.00', '105.00', '0.00', '1.00', 0, 1512, 579),
(2991, '14.00', '10.00', '2.00', '40.00', 0, 1110, 579),
(2992, '47.50', '37.50', '0.00', '2.00', 0, 322, 579),
(2993, '100.00', '50.00', '0.00', '1.00', 0, 819, 579),
(2994, '8.50', '5.00', '0.00', '2.00', 0, 648, 579),
(2995, '22.00', '17.00', '0.00', '1.00', 0, 1544, 579),
(2996, '8.00', '5.00', '0.00', '1.00', 1, 1403, 579),
(2997, '55.00', '33.00', '0.00', '1.00', 0, 1590, 579),
(2998, '20.00', '14.50', '0.00', '2.00', 0, 1659, 579),
(2999, '49.00', '35.00', '0.00', '2.00', 1, 1712, 579),
(3000, '218.00', '210.00', '0.00', '8.00', 0, 107, 580),
(3001, '525.00', '425.00', '0.00', '2.00', 0, 355, 581),
(3002, '51.00', '27.00', '0.00', '10.00', 0, 108, 581),
(3003, '215.00', '205.00', '0.00', '3.00', 0, 1696, 582),
(3004, '48.00', '38.00', '0.00', '3.00', 1, 125, 582),
(3005, '372.00', '336.00', '0.00', '2.00', 0, 80, 583),
(3006, '15.00', '10.00', '0.00', '1.00', 0, 667, 584),
(3007, '43.50', '30.00', '0.00', '1.00', 0, 687, 584),
(3008, '218.00', '210.00', '0.00', '3.00', 0, 107, 584),
(3009, '600.00', '330.00', '0.00', '1.00', 1, 1451, 584),
(3010, '33.00', '30.00', '1.00', '6.00', 0, 1201, 584),
(3011, '53.00', '31.00', '0.00', '0.50', 0, 113, 584),
(3012, '56.00', '31.00', '0.00', '0.50', 0, 112, 584),
(3013, '7.50', '5.00', '0.00', '90.00', 0, 64, 584),
(3014, '130.00', '120.00', '3.00', '3.00', 0, 119, 584),
(3015, '48.00', '38.00', '0.00', '2.00', 1, 125, 584),
(3016, '170.00', '125.00', '0.00', '2.00', 0, 1533, 584),
(3017, '600.00', '450.00', '30.00', '1.00', 0, 594, 584),
(3018, '120.00', '100.00', '0.00', '0.50', 0, 1365, 584),
(3019, '224.00', '210.00', '2.00', '4.00', 1, 1420, 584),
(3020, '145.00', '124.00', '0.00', '1.00', 0, 104, 584),
(3021, '110.00', '100.00', '0.00', '1.00', 0, 903, 585),
(3022, '815.00', '765.00', '5.00', '3.00', 0, 92, 585),
(3023, '33.00', '30.00', '0.00', '2.00', 0, 1201, 585),
(3024, '56.00', '31.00', '0.00', '0.50', 0, 112, 585),
(3025, '700.00', '330.00', '0.00', '1.00', 0, 1515, 586),
(3026, '218.00', '210.00', '0.00', '8.00', 0, 107, 586),
(3027, '169.00', '149.00', '0.00', '1.00', 0, 205, 586),
(3028, '47.00', '38.00', '0.00', '1.00', 0, 286, 586),
(3029, '45.00', '38.00', '0.00', '1.00', 0, 1719, 586),
(3030, '290.00', '270.00', '0.00', '1.00', 1, 1436, 587),
(3031, '70.00', '52.50', '0.00', '1.00', 0, 1084, 587),
(3032, '12.00', '10.00', '0.00', '1.00', 0, 475, 588),
(3033, '460.00', '367.50', '0.00', '1.00', 0, 598, 588),
(3034, '218.00', '210.00', '0.00', '1.00', 0, 107, 588),
(3035, '48.00', '36.45', '0.00', '3.00', 0, 164, 588),
(3036, '42.00', '32.00', '0.00', '2.00', 0, 1359, 588),
(3037, '170.00', '125.00', '0.00', '2.00', 0, 1533, 588),
(3038, '70.00', '52.50', '0.00', '1.00', 0, 1084, 588),
(3039, '822.00', '806.00', '5.00', '1.00', 0, 1219, 588),
(3040, '883.00', '793.00', '0.00', '1.00', 0, 1547, 589),
(3041, '33.00', '30.00', '1.00', '4.00', 0, 1201, 590),
(3042, '42.00', '32.00', '0.00', '1.00', 0, 1359, 590),
(3043, '199.00', '185.00', '0.00', '1.00', 1, 81, 590),
(3044, '75.00', '60.00', '0.00', '0.25', 0, 116, 590),
(3045, '245.00', '200.00', '0.00', '2.00', 0, 881, 591),
(3046, '60.00', '38.00', '0.00', '1.00', 0, 1393, 592),
(3047, '97.00', '80.00', '0.00', '1.00', 1, 1483, 592),
(3048, '32.00', '19.00', '0.00', '1.00', 0, 588, 592),
(3049, '180.00', '131.83', '0.00', '1.00', 1, 1269, 592),
(3050, '882.00', '866.00', '0.00', '1.00', 0, 1220, 593),
(3051, '65.00', '50.40', '0.00', '1.00', 0, 291, 594),
(3052, '64.00', '43.20', '0.00', '1.00', 0, 290, 594),
(3053, '47.00', '36.00', '0.00', '1.00', 0, 256, 594),
(3054, '14.00', '9.00', '0.00', '1.00', 0, 325, 594),
(3055, '14.00', '10.50', '0.00', '7.00', 0, 349, 594),
(3056, '30.00', '20.00', '0.00', '2.00', 0, 1394, 594),
(3057, '40.00', '1.50', '0.00', '4.00', 0, 417, 594),
(3058, '1.50', '1.00', '0.00', '4.00', 0, 770, 594),
(3059, '882.00', '866.00', '0.00', '1.00', 0, 1220, 595),
(3060, '175.00', '144.00', '0.00', '1.00', 0, 1227, 595),
(3061, '64.00', '43.20', '0.00', '1.00', 0, 290, 596),
(3062, '55.00', '39.00', '0.00', '1.00', 0, 341, 596),
(3063, '46.00', '31.20', '0.00', '1.00', 0, 293, 596),
(3064, '36.00', '24.00', '0.00', '1.00', 0, 296, 596),
(3065, '170.00', '125.00', '0.00', '1.00', 0, 1533, 596),
(3066, '215.00', '205.00', '0.00', '4.00', 0, 1696, 596),
(3067, '282.00', '267.00', '0.00', '1.00', 0, 90, 596),
(3068, '105.00', '81.25', '0.00', '0.50', 0, 114, 596),
(3069, '14.00', '9.00', '2.00', '4.00', 0, 860, 596),
(3070, '310.00', '290.00', '5.00', '1.00', 0, 93, 596),
(3071, '60.00', '38.00', '0.00', '1.00', 0, 1393, 596),
(3072, '58.00', '33.00', '0.00', '1.00', 0, 110, 596),
(3073, '70.00', '60.00', '0.00', '1.00', 0, 399, 596),
(3074, '8.50', '3.00', '0.00', '1.00', 0, 792, 596),
(3075, '75.00', '45.00', '0.00', '13.00', 1, 1600, 596),
(3076, '48.00', '38.00', '0.00', '1.00', 1, 125, 596),
(3077, '218.00', '210.00', '0.00', '1.00', 0, 107, 596),
(3078, '2600.00', '450.00', '0.00', '1.00', 1, 1115, 597),
(3079, '218.00', '210.00', '0.00', '45.00', 0, 107, 597),
(3080, '14.00', '10.50', '0.00', '30.00', 0, 349, 597),
(3081, '115.00', '98.50', '0.00', '3.00', 0, 1701, 597),
(3082, '70.00', '55.20', '0.00', '4.00', 0, 292, 597),
(3083, '56.00', '38.40', '0.00', '5.00', 0, 294, 597),
(3084, '65.00', '50.40', '0.00', '4.00', 0, 291, 597),
(3085, '56.00', '38.40', '0.00', '1.00', 0, 297, 597),
(3086, '36.00', '24.00', '0.00', '1.00', 0, 296, 597),
(3087, '24.00', '16.00', '0.00', '5.00', 0, 332, 597),
(3088, '28.00', '20.00', '0.00', '3.00', 0, 1721, 597),
(3089, '34.00', '28.00', '0.00', '1.00', 0, 1722, 597),
(3090, '21.00', '15.00', '0.00', '1.00', 0, 1723, 597),
(3091, '20.00', '15.00', '0.00', '1.00', 0, 424, 597),
(3092, '95.00', '75.00', '0.00', '1.00', 0, 620, 597),
(3093, '15.00', '8.40', '0.00', '2.00', 0, 484, 597),
(3094, '19.00', '12.00', '0.00', '2.00', 0, 486, 597),
(3095, '28.00', '15.75', '0.00', '2.00', 0, 587, 598),
(3096, '32.00', '19.00', '0.00', '1.00', 0, 588, 598),
(3097, '47.00', '36.00', '0.00', '2.00', 0, 256, 598),
(3098, '7.00', '5.00', '0.00', '130.00', 0, 64, 599),
(3099, '35.00', '28.00', '0.00', '5.00', 0, 1724, 599),
(3100, '16.00', '10.00', '0.00', '3.00', 0, 669, 599),
(3101, '15.00', '10.00', '0.00', '4.00', 0, 667, 599),
(3102, '68.00', '60.00', '0.00', '2.00', 0, 1355, 599),
(3103, '269.00', '240.00', '0.00', '1.00', 0, 684, 599),
(3104, '254.00', '235.00', '2.00', '4.00', 0, 89, 600),
(3105, '180.00', '160.00', '0.00', '2.00', 0, 88, 600),
(3106, '170.00', '125.00', '0.00', '2.00', 0, 1533, 600),
(3107, '33.00', '30.00', '1.00', '5.00', 0, 1201, 600),
(3108, '60.00', '38.00', '0.00', '1.00', 0, 1393, 600),
(3109, '58.00', '33.00', '0.00', '0.50', 0, 110, 600),
(3110, '56.00', '31.00', '0.00', '0.25', 0, 112, 600),
(3111, '53.00', '31.00', '0.00', '0.75', 0, 113, 600),
(3112, '51.00', '27.00', '0.00', '0.25', 0, 108, 600),
(3113, '105.00', '81.25', '0.00', '0.50', 0, 114, 600),
(3114, '224.00', '210.00', '0.00', '2.00', 1, 1420, 600),
(3115, '215.00', '205.00', '0.00', '11.00', 0, 1696, 601),
(3116, '56.00', '31.00', '0.00', '1.00', 0, 109, 601),
(3117, '53.00', '31.00', '0.00', '0.50', 0, 113, 601),
(3118, '50.00', '38.00', '0.00', '2.00', 0, 1202, 601),
(3119, '55.00', '33.00', '0.00', '3.00', 0, 1590, 601),
(3120, '56.00', '31.00', '0.00', '0.50', 0, 112, 601),
(3121, '68.00', '60.00', '0.00', '2.00', 0, 1355, 601),
(3122, '35.00', '20.00', '10.00', '1.00', 1, 1522, 601),
(3123, '65.00', '55.00', '0.00', '32.00', 0, 1725, 601),
(3124, '7.00', '5.00', '0.00', '320.00', 0, 64, 601),
(3125, '218.00', '210.00', '2.00', '15.00', 0, 107, 601),
(3126, '130.00', '120.00', '3.00', '16.00', 0, 119, 601),
(3127, '48.00', '38.00', '2.00', '10.00', 1, 125, 601),
(3128, '70.00', '52.50', '0.00', '1.00', 0, 1084, 601),
(3129, '310.00', '290.00', '5.00', '2.00', 0, 93, 601),
(3130, '170.00', '125.00', '0.00', '1.00', 0, 1533, 602),
(3131, '60.00', '38.00', '0.00', '2.00', 0, 1393, 602),
(3132, '59.00', '53.00', '1.00', '4.00', 0, 1549, 603),
(3133, '53.00', '31.00', '0.00', '1.00', 0, 113, 603),
(3134, '58.00', '33.00', '0.00', '1.25', 0, 110, 603),
(3135, '161.00', '131.00', '0.00', '1.00', 0, 270, 603),
(3136, '7.00', '5.00', '0.00', '50.00', 0, 64, 603),
(3137, '215.00', '205.00', '0.00', '3.00', 0, 1696, 603),
(3138, '20.00', '24.00', '0.00', '26.00', 0, 861, 603),
(3139, '218.00', '210.00', '1.00', '10.00', 0, 107, 603),
(3140, '55.00', '50.00', '2.50', '2.00', 0, 413, 603),
(3141, '56.00', '31.00', '0.00', '0.25', 0, 109, 603),
(3142, '56.00', '31.00', '0.00', '0.50', 0, 112, 603),
(3143, '60.00', '38.00', '0.00', '1.00', 0, 1393, 603),
(3144, '48.00', '38.00', '3.00', '10.00', 1, 125, 603),
(3145, '299.75', '260.07', '0.00', '1.00', 0, 1728, 604),
(3146, '184.00', '144.00', '4.00', '2.00', 0, 546, 604),
(3147, '170.00', '125.00', '0.00', '2.00', 0, 1533, 604),
(3148, '59.00', '53.00', '0.00', '4.00', 0, 1549, 604),
(3149, '18.00', '11.00', '0.00', '2.00', 0, 289, 604),
(3150, '65.00', '56.55', '0.00', '1.00', 0, 1729, 604),
(3151, '18.00', '8.00', '0.00', '1.00', 0, 589, 604),
(3152, '20.00', '15.00', '0.00', '1.00', 0, 1142, 604),
(3153, '55.00', '30.00', '0.00', '1.00', 0, 1285, 604),
(3154, '165.00', '123.75', '0.00', '1.00', 0, 1090, 604),
(3155, '45.00', '30.00', '0.00', '1.00', 0, 754, 604),
(3156, '100.00', '85.00', '4.00', '5.00', 1, 1417, 604),
(3157, '300.00', '280.00', '5.00', '5.00', 0, 79, 604),
(3158, '28.00', '12.00', '0.00', '4.00', 0, 542, 604),
(3159, '53.00', '31.00', '0.00', '0.50', 0, 113, 604),
(3160, '56.00', '31.00', '0.00', '0.50', 0, 112, 604),
(3161, '55.00', '33.00', '2.00', '1.00', 0, 1590, 604),
(3162, '130.00', '120.00', '5.00', '14.00', 0, 119, 605),
(3163, '48.00', '38.00', '0.00', '5.00', 1, 125, 605),
(3164, '218.00', '210.00', '1.00', '15.00', 0, 107, 605),
(3165, '14.00', '9.00', '0.00', '5.00', 0, 860, 605),
(3166, '18.00', '3.00', '0.00', '1.00', 0, 548, 605),
(3167, '22.00', '17.00', '0.00', '1.00', 0, 1544, 605),
(3168, '70.00', '48.75', '5.00', '2.00', 0, 287, 605),
(3169, '50.00', '29.00', '0.00', '1.00', 0, 335, 605),
(3170, '105.00', '81.25', '0.00', '0.50', 0, 114, 605),
(3171, '290.00', '270.00', '0.00', '1.00', 1, 1440, 606),
(3172, '32.00', '19.00', '0.00', '1.00', 0, 588, 606),
(3173, '55.00', '30.00', '0.00', '1.00', 0, 1285, 606),
(3174, '70.00', '52.50', '0.00', '1.00', 1, 1284, 606),
(3175, '110.00', '93.00', '0.00', '1.00', 0, 1715, 606),
(3176, '50.00', '35.00', '0.00', '1.00', 0, 827, 606),
(3177, '42.00', '36.24', '0.00', '7.00', 0, 1158, 606),
(3178, '53.00', '31.00', '0.00', '0.50', 0, 113, 606),
(3179, '51.00', '27.00', '0.00', '0.50', 0, 108, 606),
(3180, '7.00', '5.00', '0.00', '200.00', 0, 64, 606),
(3181, '700.00', '550.00', '0.00', '1.00', 1, 1114, 607),
(3182, '218.00', '210.00', '0.00', '3.00', 0, 107, 607),
(3183, '7.25', '5.00', '0.00', '20.00', 0, 64, 607),
(3184, '48.00', '38.00', '0.00', '1.00', 1, 125, 607),
(3185, '236.00', '222.00', '0.00', '1.00', 1, 1367, 607),
(3186, '33.00', '30.00', '0.00', '4.00', 0, 1201, 607),
(3187, '75.00', '60.00', '0.00', '0.25', 0, 115, 607),
(3188, '83.00', '63.50', '3.00', '14.00', 0, 1353, 608),
(3189, '33.00', '30.00', '1.00', '18.00', 0, 1201, 608),
(3190, '75.00', '65.00', '3.00', '3.00', 0, 1373, 608),
(3191, '56.00', '31.00', '0.00', '0.50', 0, 109, 608),
(3192, '53.00', '31.00', '0.00', '1.00', 0, 113, 608),
(3193, '51.00', '27.00', '0.00', '0.50', 0, 108, 608),
(3194, '170.00', '125.00', '0.00', '2.00', 0, 1533, 608),
(3195, '49.00', '33.00', '9.00', '1.00', 0, 1449, 608),
(3196, '282.00', '267.00', '5.00', '6.00', 0, 90, 609),
(3197, '140.00', '135.00', '0.00', '2.00', 0, 1427, 610),
(3198, '170.00', '125.00', '0.00', '1.00', 0, 1533, 610),
(3199, '8.00', '5.00', '0.00', '3.00', 1, 1403, 610),
(3200, '170.00', '135.00', '5.00', '1.00', 0, 1392, 610),
(3201, '56.00', '31.00', '0.00', '4.75', 0, 109, 610),
(3202, '120.00', '100.00', '0.00', '0.25', 0, 1365, 610),
(3203, '55.00', '48.00', '5.00', '2.00', 0, 1731, 610),
(3204, '42.00', '32.00', '2.00', '10.00', 0, 1359, 610),
(3205, '60.00', '38.00', '0.00', '1.00', 0, 1393, 610),
(3206, '51.00', '27.00', '0.00', '0.50', 0, 108, 610),
(3207, '32.00', '10.00', '0.00', '16.00', 0, 62, 611),
(3208, '130.00', '109.05', '0.00', '4.00', 0, 1626, 611),
(3209, '18.00', '12.96', '0.00', '2.00', 0, 1694, 611),
(3210, '47.00', '36.00', '0.00', '1.00', 0, 256, 611),
(3211, '158.00', '142.20', '4.00', '6.00', 0, 1676, 611),
(3212, '170.00', '125.00', '0.00', '1.00', 0, 1533, 611),
(3213, '56.00', '31.00', '0.00', '0.50', 0, 112, 611),
(3214, '75.00', '60.00', '0.00', '1.50', 0, 115, 611),
(3215, '250.00', '183.00', '0.00', '1.00', 0, 254, 611),
(3216, '150.00', '125.00', '5.00', '1.00', 0, 223, 611),
(3217, '15.00', '11.75', '0.00', '2.00', 0, 1614, 611),
(3218, '208.00', '180.00', '5.00', '1.00', 0, 821, 611),
(3219, '70.00', '50.00', '0.00', '1.00', 0, 151, 611),
(3220, '218.00', '210.00', '0.00', '2.00', 0, 107, 611),
(3221, '83.00', '63.50', '3.00', '20.00', 0, 1353, 612),
(3222, '62.50', '47.50', '2.50', '24.00', 0, 1354, 612),
(3223, '7.25', '5.00', '0.00', '120.00', 0, 64, 612),
(3224, '130.00', '120.00', '3.00', '2.00', 0, 119, 612),
(3225, '48.00', '38.00', '0.00', '4.00', 1, 125, 612),
(3226, '51.00', '27.00', '0.00', '2.00', 0, 108, 612),
(3227, '53.00', '31.00', '0.00', '2.00', 0, 113, 612),
(3228, '216.00', '205.00', '0.00', '4.00', 0, 1696, 612),
(3229, '68.00', '60.00', '0.00', '0.25', 0, 1355, 612),
(3230, '63.00', '41.00', '3.00', '1.00', 0, 330, 612),
(3231, '200.00', '160.00', '10.00', '1.00', 0, 340, 612),
(3232, '60.00', '45.00', '0.00', '1.00', 0, 1556, 612),
(3233, '154.00', '144.00', '2.00', '6.00', 0, 85, 613),
(3234, '615.00', '550.00', '0.00', '2.00', 1, 1732, 614),
(3235, '12.00', '7.50', '0.00', '4.00', 0, 633, 614),
(3236, '18.00', '11.00', '0.00', '5.00', 0, 289, 614),
(3237, '676.00', '596.00', '0.00', '1.00', 0, 1215, 615),
(3238, '2600.00', '550.00', '0.00', '1.00', 1, 1113, 616),
(3239, '282.00', '267.00', '0.00', '1.00', 0, 90, 616),
(3240, '510.00', '470.00', '0.00', '1.00', 0, 212, 617),
(3241, '161.00', '136.00', '0.00', '1.00', 0, 46, 617),
(3242, '70.00', '48.75', '0.00', '1.00', 0, 287, 617),
(3243, '47.00', '36.00', '0.00', '1.00', 0, 256, 617),
(3244, '28.00', '12.00', '0.00', '1.00', 0, 542, 617),
(3245, '68.00', '60.00', '0.00', '0.50', 0, 1355, 617),
(3246, '56.00', '31.00', '0.00', '2.00', 0, 109, 617),
(3247, '53.00', '31.00', '0.00', '1.50', 0, 113, 617),
(3248, '51.00', '27.00', '0.00', '1.50', 0, 108, 617),
(3249, '8.00', '5.00', '0.00', '5.00', 0, 943, 617),
(3250, '20.00', '15.00', '0.00', '2.00', 0, 1578, 617),
(3251, '170.00', '160.00', '5.00', '1.00', 0, 1226, 617),
(3252, '19.00', '10.00', '1.00', '4.00', 0, 794, 617),
(3253, '9.00', '1.00', '1.00', '4.00', 0, 774, 617),
(3254, '60.00', '50.00', '0.00', '2.00', 0, 579, 617),
(3255, '1300.00', '550.00', '0.00', '1.00', 1, 1114, 618),
(3256, '7.00', '5.00', '0.00', '25.00', 0, 64, 618),
(3257, '215.00', '205.00', '0.00', '1.00', 0, 1696, 618),
(3258, '33.00', '30.00', '0.00', '10.00', 0, 1201, 618),
(3259, '15.00', '9.00', '0.00', '2.00', 0, 860, 618),
(3260, '25.00', '16.00', '0.00', '1.00', 0, 609, 618),
(3261, '225.00', '205.00', '0.00', '1.00', 1, 1266, 618),
(3262, '676.00', '596.00', '5.00', '1.00', 0, 1215, 618),
(3263, '155.00', '144.00', '0.00', '3.00', 0, 103, 618),
(3264, '42.00', '32.00', '0.00', '4.00', 0, 1359, 618),
(3265, '55.00', '33.00', '0.00', '1.00', 0, 1590, 618),
(3266, '56.00', '31.00', '0.00', '1.00', 0, 109, 618),
(3267, '53.00', '31.00', '0.00', '0.50', 0, 113, 618),
(3268, '120.00', '118.00', '0.00', '1.00', 0, 1733, 618),
(3269, '70.00', '55.20', '0.00', '1.00', 0, 292, 618),
(3270, '56.00', '38.40', '0.00', '1.00', 0, 294, 618),
(3271, '14.00', '10.50', '0.00', '1.00', 0, 349, 618),
(3272, '7.00', '5.00', '0.00', '25.00', 0, 64, 619),
(3273, '215.00', '205.00', '0.00', '8.00', 0, 1696, 619),
(3274, '35.00', '20.00', '0.00', '10.00', 0, 1447, 619),
(3275, '55.00', '33.00', '0.00', '1.00', 0, 1590, 619),
(3276, '75.00', '60.00', '0.00', '0.75', 0, 115, 619),
(3277, '167.00', '126.66', '0.00', '10.00', 0, 1372, 619),
(3278, '93.75', '83.00', '3.75', '6.00', 0, 1432, 619),
(3279, '35.00', '24.00', '0.00', '4.00', 0, 1671, 619),
(3280, '56.00', '31.00', '0.00', '1.00', 0, 109, 619),
(3281, '161.00', '131.00', '0.00', '1.00', 0, 270, 619),
(3282, '551.00', '501.00', '0.00', '1.00', 0, 34, 620),
(3283, '148.00', '123.00', '0.00', '2.00', 0, 43, 620),
(3284, '150.00', '125.00', '0.00', '1.00', 0, 226, 620),
(3285, '39.00', '30.00', '0.00', '1.00', 0, 1660, 620),
(3286, '89.00', '79.00', '0.00', '2.00', 0, 739, 620),
(3287, '68.00', '60.00', '0.00', '1.00', 0, 1355, 620),
(3288, '155.00', '144.00', '0.00', '1.00', 0, 103, 620),
(3289, '170.00', '125.00', '0.00', '1.00', 0, 1533, 620),
(3290, '21.00', '15.50', '0.00', '2.00', 0, 558, 620),
(3291, '1300.00', '550.00', '0.00', '1.00', 1, 1113, 621),
(3292, '218.00', '210.00', '0.00', '3.00', 0, 107, 621),
(3293, '56.00', '31.00', '0.00', '2.00', 0, 112, 621),
(3294, '50.00', '35.00', '0.00', '1.00', 0, 827, 621),
(3295, '70.00', '48.75', '0.00', '1.00', 0, 287, 621),
(3296, '35.00', '28.00', '0.00', '11.00', 0, 1724, 622),
(3297, '23.00', '17.86', '0.00', '15.00', 0, 1177, 622),
(3298, '185.00', '160.95', '0.00', '1.00', 0, 1735, 622),
(3299, '55.00', '30.00', '0.00', '1.00', 0, 1285, 622),
(3300, '25.00', '18.75', '0.00', '1.00', 0, 1300, 622),
(3301, '16.00', '12.00', '0.00', '1.00', 0, 1294, 622),
(3302, '55.00', '33.00', '5.00', '10.00', 0, 1590, 623),
(3303, '60.00', '38.00', '0.00', '1.00', 0, 1393, 623),
(3304, '58.00', '33.00', '0.00', '0.25', 0, 110, 623),
(3305, '53.00', '31.00', '0.00', '0.25', 0, 113, 623),
(3306, '51.00', '27.00', '0.00', '0.50', 0, 108, 623),
(3307, '49.00', '33.00', '0.00', '0.50', 0, 1449, 623),
(3308, '20.00', '18.00', '0.00', '8.00', 0, 1425, 623),
(3309, '105.00', '90.00', '5.00', '1.00', 0, 434, 623),
(3310, '18.00', '13.00', '0.00', '2.00', 0, 1518, 623),
(3311, '150.00', '124.00', '0.00', '1.00', 1, 1230, 623),
(3312, '22.00', '14.30', '0.00', '1.00', 0, 1599, 623),
(3313, '22.00', '14.30', '0.00', '1.00', 0, 1598, 623),
(3314, '22.00', '14.30', '0.00', '1.00', 0, 1597, 623),
(3315, '218.00', '210.00', '0.00', '2.00', 0, 107, 624),
(3316, '215.00', '205.00', '2.00', '4.00', 0, 1696, 624),
(3317, '282.00', '267.00', '0.00', '1.00', 0, 90, 624),
(3318, '254.00', '235.00', '0.00', '1.00', 0, 89, 624),
(3319, '224.00', '210.00', '0.00', '1.00', 1, 1420, 624),
(3320, '130.00', '120.00', '0.00', '10.00', 0, 119, 624),
(3321, '33.00', '30.00', '0.00', '2.00', 0, 1201, 624),
(3322, '50.00', '38.00', '0.00', '1.00', 0, 1202, 624),
(3323, '60.00', '38.00', '0.00', '1.00', 0, 1393, 624),
(3324, '58.00', '33.00', '0.00', '0.25', 0, 110, 624),
(3325, '60.00', '35.00', '0.00', '2.00', 0, 556, 624),
(3326, '95.00', '90.00', '15.00', '1.00', 0, 398, 624),
(3327, '13.00', '9.00', '0.00', '1.00', 0, 650, 624),
(3328, '73.00', '66.15', '0.00', '1.00', 0, 1677, 624),
(3329, '80.00', '60.00', '0.00', '1.00', 0, 370, 624),
(3330, '155.00', '140.00', '0.00', '1.00', 0, 1617, 624),
(3331, '100.00', '69.00', '0.00', '0.25', 0, 1510, 624),
(3332, '215.00', '205.00', '0.00', '3.00', 0, 1696, 625),
(3333, '533.00', '493.00', '3.00', '1.00', 0, 211, 625),
(3334, '71.00', '51.00', '0.00', '1.00', 0, 218, 625),
(3335, '135.00', '100.00', '0.00', '1.00', 1, 1375, 625),
(3336, '48.00', '36.45', '0.00', '1.00', 0, 164, 625),
(3337, '15.00', '10.50', '2.50', '2.00', 0, 278, 625),
(3338, '134.00', '106.87', '0.00', '1.00', 1, 1247, 625),
(3339, '43.00', '37.50', '0.50', '2.00', 0, 163, 625),
(3340, '15.00', '10.00', '0.00', '6.00', 0, 1411, 625),
(3341, '60.00', '45.00', '0.00', '1.00', 0, 1556, 625),
(3342, '170.00', '160.00', '0.00', '1.00', 0, 1226, 625),
(3343, '14.00', '6.06', '2.00', '42.00', 0, 1179, 625),
(3344, '60.00', '38.00', '2.00', '4.00', 0, 1393, 625),
(3345, '55.00', '30.00', '3.00', '1.00', 0, 1285, 625),
(3346, '10.00', '6.50', '0.00', '1.00', 0, 1596, 625),
(3347, '58.00', '33.00', '0.00', '1.00', 0, 110, 625),
(3348, '45.00', '35.00', '0.00', '6.00', 0, 1477, 625),
(3349, '900.00', '1100.00', '0.00', '1.00', 1, 1116, 626),
(3350, '130.00', '120.00', '3.00', '26.00', 0, 119, 627),
(3351, '48.00', '38.00', '3.00', '10.00', 1, 125, 627),
(3352, '218.00', '210.00', '2.00', '12.00', 0, 107, 627),
(3353, '68.00', '60.00', '0.00', '1.00', 0, 1355, 627),
(3354, '7.00', '5.00', '0.00', '200.00', 0, 64, 627),
(3355, '1300.00', '550.00', '0.00', '1.00', 1, 1113, 627),
(3356, '850.00', '800.00', '5.00', '4.00', 0, 1736, 628),
(3357, '242.00', '8.00', '2.00', '1.00', 1, 1245, 628),
(3358, '282.00', '267.00', '0.00', '30.00', 0, 90, 629),
(3359, '41.67', '32.00', '0.00', '120.00', 0, 1359, 629),
(3360, '100.00', '85.00', '0.00', '14.00', 1, 1417, 629),
(3361, '75.00', '65.00', '0.00', '30.00', 0, 1373, 629),
(3362, '68.00', '60.00', '0.00', '2.00', 0, 1355, 629),
(3363, '267.00', '252.00', '0.00', '4.00', 0, 106, 629),
(3364, '300.00', '280.00', '0.00', '16.00', 0, 79, 629),
(3365, '130.00', '120.00', '0.00', '15.00', 0, 119, 629),
(3366, '48.00', '38.00', '0.00', '15.00', 1, 125, 629),
(3367, '218.00', '210.00', '1.00', '46.00', 0, 107, 629),
(3368, '170.00', '125.00', '0.00', '3.00', 0, 1533, 629),
(3369, '370.00', '333.00', '0.00', '1.00', 0, 1737, 630),
(3370, '15.00', '7.00', '0.00', '2.00', 0, 767, 630),
(3371, '60.00', '45.00', '0.00', '3.00', 0, 1556, 630),
(3372, '195.00', '185.00', '0.00', '1.00', 0, 1431, 630),
(3373, '65.00', '45.00', '0.00', '2.00', 0, 217, 630),
(3374, '70.00', '50.00', '0.00', '2.00', 0, 219, 630),
(3375, '48.00', '36.45', '0.00', '1.00', 0, 164, 630),
(3376, '125.00', '152.35', '4.00', '30.00', 0, 120, 630),
(3377, '155.00', '140.00', '0.00', '30.00', 0, 747, 630),
(3378, '175.00', '190.00', '0.00', '8.00', 0, 749, 630),
(3379, '218.00', '210.00', '1.00', '40.00', 0, 107, 631),
(3380, '254.00', '235.00', '2.00', '12.00', 0, 89, 631),
(3381, '75.00', '70.00', '0.00', '1.00', 0, 1426, 632),
(3382, '56.00', '31.00', '0.00', '0.75', 0, 109, 632),
(3383, '58.00', '33.00', '0.00', '0.25', 0, 110, 632),
(3384, '45.00', '32.00', '0.00', '5.00', 0, 338, 632),
(3385, '42.00', '32.00', '1.00', '1.00', 0, 1359, 632),
(3386, '50.00', '40.00', '0.00', '2.00', 0, 1374, 632),
(3387, '17.00', '11.17', '0.00', '8.00', 0, 1178, 632),
(3388, '70.00', '52.50', '0.00', '2.00', 1, 1284, 632),
(3389, '16.00', '12.00', '0.00', '2.00', 0, 1294, 632),
(3390, '580.00', '580.00', '0.00', '1.00', 0, 246, 632),
(3391, '170.00', '125.00', '0.00', '2.00', 0, 1533, 632),
(3392, '140.00', '80.00', '0.00', '1.00', 0, 1534, 632),
(3393, '310.00', '290.00', '0.00', '1.00', 0, 93, 632),
(3394, '60.00', '37.00', '0.00', '0.25', 0, 111, 632),
(3395, '600.00', '575.00', '0.00', '1.00', 0, 94, 633),
(3396, '310.00', '290.00', '0.00', '1.00', 0, 93, 633),
(3397, '475.00', '440.00', '0.00', '1.00', 0, 91, 633),
(3398, '815.00', '765.00', '0.00', '1.00', 0, 92, 633),
(3399, '282.00', '267.00', '0.00', '1.00', 0, 90, 633),
(3400, '180.00', '160.00', '0.00', '1.00', 0, 88, 633),
(3401, '218.00', '210.00', '0.00', '2.00', 0, 107, 634),
(3402, '550.00', '330.00', '0.00', '1.00', 1, 1451, 635),
(3403, '218.00', '210.00', '0.00', '3.00', 0, 107, 635),
(3404, '48.00', '38.00', '0.00', '5.00', 1, 125, 635),
(3405, '165.00', '140.00', '2.00', '1.00', 0, 1450, 636),
(3406, '218.00', '210.00', '0.00', '4.00', 0, 107, 637),
(3407, '130.00', '120.00', '0.00', '5.00', 0, 119, 637),
(3408, '48.00', '38.00', '0.00', '9.00', 1, 125, 637),
(3409, '68.00', '60.00', '0.00', '1.00', 0, 1355, 637),
(3410, '18.00', '8.00', '0.00', '1.00', 0, 589, 638),
(3411, '165.00', '142.00', '0.00', '1.00', 0, 1225, 639),
(3412, '165.00', '142.00', '0.00', '1.00', 0, 1225, 640),
(3413, '676.00', '596.00', '5.00', '1.00', 0, 1215, 641),
(3414, '676.00', '596.00', '5.00', '1.00', 0, 1215, 642),
(3415, '310.00', '290.00', '5.00', '4.00', 0, 93, 643),
(3416, '9.00', '6.00', '0.00', '400.00', 0, 1479, 644),
(3417, '2000.00', '500.00', '0.00', '2.00', 1, 1451, 644),
(3418, '167.00', '126.66', '0.00', '6.00', 0, 1372, 644),
(3419, '150.00', '130.00', '0.00', '16.00', 0, 1422, 644),
(3420, '125.00', '95.00', '0.00', '4.00', 0, 1360, 644),
(3421, '50.00', '38.00', '0.00', '30.00', 0, 1202, 644),
(3422, '130.00', '120.00', '0.00', '5.00', 0, 119, 644),
(3423, '150.00', '120.00', '0.00', '1.00', 0, 1525, 644),
(3424, '68.00', '60.00', '0.00', '3.00', 0, 1355, 644),
(3425, '269.00', '240.00', '0.00', '2.00', 0, 684, 644),
(3426, '108.00', '88.00', '0.00', '2.00', 0, 663, 644),
(3427, '7.00', '5.00', '0.00', '20.00', 0, 64, 645),
(3428, '215.00', '205.00', '0.00', '3.00', 0, 1696, 645),
(3429, '254.00', '235.00', '4.00', '10.00', 0, 89, 646),
(3430, '50.00', '40.00', '0.00', '20.00', 0, 1374, 646),
(3431, '100.00', '85.00', '0.00', '7.00', 1, 1417, 646),
(3432, '7.00', '5.00', '0.00', '50.00', 0, 64, 646),
(3433, '215.00', '205.00', '0.00', '1.00', 0, 1696, 646),
(3434, '170.00', '135.00', '10.00', '9.00', 0, 1392, 647),
(3435, '56.00', '31.00', '0.00', '0.50', 0, 109, 647),
(3436, '254.00', '235.00', '0.00', '10.00', 0, 89, 648),
(3437, '50.00', '40.00', '2.00', '20.00', 0, 1374, 648),
(3438, '100.00', '85.00', '0.00', '7.00', 1, 1417, 648),
(3439, '7.00', '5.00', '0.00', '50.00', 0, 64, 648),
(3440, '215.00', '205.00', '0.00', '1.00', 0, 1696, 648),
(3441, '68.00', '60.00', '0.00', '60.00', 0, 936, 649),
(3442, '55.00', '33.00', '3.00', '4.00', 0, 1590, 650),
(3443, '56.00', '31.00', '0.00', '0.50', 0, 109, 650),
(3444, '37.00', '25.00', '0.00', '1.00', 0, 162, 651),
(3445, '218.00', '210.00', '0.00', '1.00', 0, 107, 651),
(3446, '60.00', '37.00', '0.00', '0.50', 0, 111, 651),
(3447, '56.00', '31.00', '0.00', '0.50', 0, 109, 651),
(3448, '37.00', '30.00', '0.00', '1.00', 1, 1743, 652),
(3449, '370.00', '333.00', '0.00', '1.00', 0, 1737, 653),
(3450, '15.00', '7.00', '0.00', '2.00', 0, 767, 653),
(3451, '60.00', '45.00', '0.00', '3.00', 0, 1556, 653),
(3452, '195.00', '165.00', '0.00', '1.00', 0, 233, 653),
(3453, '70.00', '50.00', '0.00', '2.00', 0, 219, 653),
(3454, '65.00', '45.00', '0.00', '2.00', 0, 217, 653),
(3455, '37.00', '30.00', '0.00', '1.00', 1, 1743, 653),
(3456, '125.00', '152.35', '0.00', '30.00', 0, 120, 653),
(3457, '175.00', '140.00', '0.00', '8.00', 0, 747, 653),
(3458, '134.00', '114.00', '0.00', '30.00', 1, 1739, 653),
(3459, '600.00', '575.00', '0.00', '6.00', 0, 94, 654),
(3460, '310.00', '290.00', '0.00', '6.00', 0, 93, 654),
(3461, '154.00', '144.00', '0.00', '8.00', 0, 85, 654),
(3462, '232.00', '216.00', '0.00', '4.00', 0, 87, 654),
(3463, '60.00', '37.00', '0.00', '0.25', 0, 111, 654),
(3464, '56.00', '31.00', '0.00', '2.00', 0, 109, 654),
(3465, '51.00', '27.00', '0.00', '3.00', 0, 108, 654),
(3466, '127.00', '114.30', '0.00', '2.00', 0, 1684, 654),
(3467, '170.00', '135.00', '10.00', '9.00', 0, 1392, 655),
(3468, '218.00', '210.00', '0.00', '1.00', 0, 107, 655),
(3469, '37.00', '30.00', '0.00', '1.00', 1, 1743, 655),
(3470, '37.00', '25.00', '0.00', '1.00', 0, 162, 655),
(3471, '43.50', '30.00', '0.00', '1.00', 0, 687, 655),
(3472, '15.00', '10.00', '0.00', '2.00', 0, 667, 655),
(3473, '70.00', '55.20', '0.00', '1.00', 0, 292, 655),
(3474, '65.00', '50.40', '0.00', '4.00', 0, 291, 655),
(3475, '100.00', '85.00', '0.00', '2.00', 0, 627, 655),
(3476, '690.00', '624.00', '5.00', '1.00', 0, 1208, 655),
(3477, '60.00', '37.00', NULL, '0.50', 0, 111, 655),
(3478, '56.00', '31.00', '0.00', '1.50', 0, 109, 655),
(3479, '53.00', '31.00', '0.00', '0.50', 0, 113, 655),
(3480, '51.00', '27.00', '0.00', '0.50', 0, 108, 655),
(3481, '33.00', '30.00', '0.00', '6.00', 0, 1201, 655),
(3482, '55.00', '33.00', '3.00', '4.00', 0, 1590, 655),
(3483, '55.00', '33.00', '0.00', '3.00', 0, 1590, 656),
(3484, '33.00', '30.00', '1.00', '4.00', 0, 1201, 656),
(3485, '56.00', '31.00', '0.00', '0.50', 0, 112, 657),
(3486, '56.00', '31.00', '0.00', '1.00', 0, 109, 657),
(3487, '98.00', '81.90', '0.00', '3.00', 0, 1625, 657),
(3488, '36.00', '29.00', '0.00', '2.00', 0, 1758, 658),
(3489, '790.00', '760.00', '0.00', '1.00', 0, 96, 658),
(3490, '55.00', '33.00', '0.00', '2.00', 0, 1590, 658),
(3491, '33.00', '30.00', '1.00', '4.00', 0, 1201, 658),
(3492, '37.00', '24.00', '0.00', '2.00', 0, 1362, 658),
(3493, '98.00', '81.90', '0.00', '3.00', 0, 1625, 658),
(3494, '58.00', '33.00', '0.00', '0.50', 0, 110, 658),
(3495, '56.00', '31.00', '0.00', '0.50', 0, 112, 658),
(3496, '56.00', '31.00', '0.00', '0.25', 0, 109, 658),
(3497, '170.00', '160.00', '0.00', '1.00', 0, 1226, 658),
(3498, '110.00', '80.00', '0.00', '1.00', 0, 1199, 658),
(3499, '2.00', '1.00', '0.00', '3.00', 0, 766, 658),
(3500, '137.00', '123.30', '0.00', '1.00', 0, 1588, 658),
(3501, '218.00', '210.00', '0.00', '1.00', 0, 107, 659),
(3502, '48.00', '38.00', '0.00', '1.00', 1, 125, 659),
(3503, '18.00', '8.00', '0.00', '1.00', 0, 589, 659),
(3504, '134.00', '101.00', '0.00', '1.00', 1, 1252, 659),
(3505, '137.00', '123.30', '0.00', '1.00', 0, 1588, 659),
(3506, '100.00', '78.00', '0.00', '1.00', 0, 537, 659),
(3507, '9.00', '6.00', '1.50', '50.00', 0, 1479, 659),
(3508, '55.00', '33.00', '0.00', '2.00', 0, 1590, 659),
(3509, '33.00', '30.00', '1.00', '6.00', 0, 1201, 659),
(3510, '50.00', '24.00', '0.00', '1.00', 0, 353, 659),
(3511, '56.00', '31.00', '0.00', '0.50', 0, 112, 659),
(3512, '58.00', '33.00', '0.00', '0.50', 0, 110, 659),
(3513, '170.00', '160.00', '5.00', '1.00', 0, 1226, 660),
(3514, '7.00', '1.00', '0.00', '1.00', 0, 774, 660),
(3515, '215.00', '205.00', '0.00', '4.00', 0, 1696, 661),
(3516, '75.00', '65.00', '0.00', '1.00', 0, 1373, 661),
(3517, '33.00', '30.00', '1.00', '5.00', 0, 1201, 661),
(3518, '48.00', '38.00', '1.00', '3.00', 1, 125, 661),
(3519, '9.00', '6.00', '1.00', '50.00', 0, 1479, 661),
(3520, '135.00', '97.65', '0.00', '1.00', 1, 1274, 662),
(3521, '33.00', '30.00', '1.00', '4.00', 0, 1201, 663),
(3522, '83.00', '63.50', '3.00', '2.00', 0, 1353, 663),
(3523, '170.00', '125.00', '5.00', '5.00', 0, 1533, 663),
(3524, '8.00', '3.00', '1.00', '8.00', 0, 1413, 663),
(3525, '224.00', '210.00', '2.00', '3.00', 1, 1420, 663),
(3526, '155.00', '140.00', '5.00', '4.00', 0, 1617, 663),
(3527, '68.00', '60.00', '0.00', '0.25', 0, 1355, 663),
(3528, '58.00', '33.00', '0.00', '0.50', 0, 110, 663),
(3529, '56.00', '31.00', '0.00', '1.00', 0, 109, 663),
(3530, '56.00', '31.00', '0.00', '0.50', 0, 112, 663),
(3531, '53.00', '31.00', '0.00', '0.50', 0, 113, 663),
(3532, '51.00', '27.00', '0.00', '1.00', 0, 108, 663),
(3533, '158.00', '144.00', '6.00', '10.00', 0, 85, 664),
(3534, '33.00', '30.00', '1.00', '10.00', 0, 1201, 664),
(3535, '50.00', '38.00', '2.00', '11.00', 0, 1202, 664),
(3536, '75.00', '60.00', '0.00', '0.75', 0, 115, 664),
(3537, '53.00', '31.00', '0.00', '0.75', 0, 113, 664),
(3538, '51.00', '27.00', '0.00', '1.00', 0, 108, 664),
(3539, '161.00', '136.00', '0.00', '1.00', 0, 46, 664),
(3540, '37.00', '25.00', '0.00', '1.00', 0, 162, 664),
(3541, '15.00', '10.00', '0.00', '1.00', 0, 667, 664),
(3542, '11.00', '5.00', '0.00', '1.00', 0, 668, 664),
(3543, '108.00', '88.00', '0.00', '0.50', 0, 663, 664),
(3544, '47.00', '36.00', '0.00', '1.00', 0, 256, 664),
(3545, '155.00', '114.00', '0.00', '1.00', 1, 1739, 665),
(3546, '162.00', '128.70', '0.00', '4.00', 0, 126, 665),
(3547, '518.00', '500.00', '0.00', '1.00', 0, 873, 665),
(3548, '145.00', '121.00', '0.00', '1.00', 0, 841, 665),
(3549, '130.00', '100.00', '0.00', '1.00', 1, 1763, 665),
(3550, '161.00', '136.00', '0.00', '3.00', 0, 46, 665),
(3551, '37.00', '25.00', '0.00', '1.00', 0, 162, 665),
(3552, '50.00', '29.00', '0.00', '1.00', 0, 335, 665),
(3553, '71.00', '51.00', '0.00', '1.00', 0, 218, 665),
(3554, '35.00', '25.00', '0.00', '1.00', 0, 1765, 665),
(3555, '525.00', '515.00', '0.00', '1.00', 0, 1764, 665),
(3556, '68.00', '60.00', '0.00', '1.00', 0, 1355, 665),
(3557, '170.00', '125.00', '0.00', '2.00', 0, 1533, 665),
(3558, '8.00', '5.00', '0.00', '1.50', 0, 943, 665),
(3559, '60.00', '35.00', '0.00', '1.00', 0, 526, 665),
(3560, '232.00', '216.00', '2.00', '12.00', 0, 87, 665),
(3561, '17.00', '12.00', '0.00', '10.00', 0, 1016, 665),
(3562, '19.00', '10.00', '0.00', '2.00', 0, 794, 665),
(3563, '218.00', '210.00', '0.00', '15.00', 0, 107, 666),
(3564, '7.00', '5.00', '0.25', '150.00', 0, 64, 666),
(3565, '882.00', '866.00', '5.00', '1.00', 0, 1220, 667),
(3566, '150.00', '124.00', '0.00', '1.00', 1, 1230, 667),
(3567, '21.00', '15.50', '0.00', '1.00', 0, 558, 668),
(3568, '70.00', '52.50', '0.00', '2.00', 0, 1567, 668),
(3569, '17.00', '11.17', '0.00', '4.00', 0, 1178, 668),
(3570, '35.00', '26.25', '0.00', '1.00', 0, 1292, 668),
(3571, '477.00', '385.00', '0.00', '1.00', 0, 1210, 668),
(3572, '224.00', '210.00', '0.00', '1.00', 1, 1420, 668),
(3573, '37.00', '24.00', '0.00', '3.00', 0, 1362, 668),
(3574, '170.00', '125.00', '0.00', '1.00', 0, 1533, 668),
(3575, '140.00', '80.00', '0.00', '1.00', 0, 1534, 668),
(3576, '7.00', '5.00', '0.00', '250.00', 0, 64, 669),
(3577, '162.00', '148.00', '0.00', '3.00', 1, 1366, 669),
(3578, '1300.00', '450.00', '0.00', '1.00', 1, 1115, 670),
(3579, '215.00', '205.00', '0.00', '5.00', 0, 1696, 670),
(3580, '15.00', '10.50', '0.00', '3.00', 0, 278, 671),
(3581, '156.00', '120.00', '0.00', '7.00', 0, 1662, 671),
(3582, '18.00', '11.00', '0.00', '15.00', 0, 289, 671),
(3583, '21.00', '15.50', '0.00', '2.00', 0, 558, 672),
(3584, '72.00', '45.50', '0.00', '1.00', 0, 557, 672),
(3585, '125.00', '100.00', '0.00', '1.00', 0, 255, 672),
(3586, '37.00', '30.00', '0.00', '1.00', 1, 1743, 672),
(3587, '42.00', '32.00', '0.00', '10.00', 0, 1359, 672),
(3588, '50.00', '31.00', '0.00', '2.00', 0, 928, 672),
(3589, '165.00', '142.00', '0.00', '1.00', 0, 1225, 672),
(3590, '770.00', '680.00', '5.00', '1.00', 1, 1217, 672),
(3591, '28.00', '15.75', '0.00', '1.00', 0, 587, 672),
(3592, '62.50', '47.50', '0.00', '4.00', 0, 1354, 673),
(3593, '60.00', '37.00', '0.00', '0.50', 0, 111, 673),
(3594, '130.00', '120.00', '0.00', '5.00', 0, 119, 673),
(3595, '215.00', '205.00', '0.00', '8.00', 0, 1696, 674),
(3596, '155.00', '140.00', '0.00', '4.00', 0, 1617, 674),
(3597, '87.00', '65.00', '3.00', '0.75', 0, 664, 674),
(3598, '15.00', '10.00', '0.00', '1.00', 1, 1742, 674),
(3599, '7.00', '5.00', '0.00', '100.00', 0, 64, 675),
(3600, '40.00', '30.00', '0.00', '1.00', 0, 1593, 675),
(3601, '11.00', '1.00', '0.50', '2.00', 0, 591, 676),
(3602, '50.00', '38.00', '0.00', '5.00', 0, 1202, 676),
(3603, '525.00', '515.00', '0.00', '1.00', 0, 1764, 676),
(3604, '110.00', '98.00', '0.00', '1.00', 0, 1767, 676),
(3605, '280.00', '180.00', '0.00', '1.00', 0, 1620, 676),
(3606, '42.00', '32.00', '0.00', '8.00', 0, 1359, 677),
(3607, '75.00', '57.00', '0.00', '4.00', 0, 1768, 677),
(3608, '50.00', '38.00', '0.00', '8.00', 0, 1202, 677),
(3609, '7.00', '5.00', '0.00', '5.00', 0, 64, 677),
(3610, '51.00', '27.00', '0.00', '1.00', 0, 108, 677),
(3611, '15.00', '10.00', '0.00', '1.00', 0, 649, 678),
(3612, '96.00', '90.00', '0.00', '1.00', 0, 375, 678),
(3613, '33.00', '30.00', '0.50', '2.00', 0, 1201, 679),
(3614, '50.00', '38.00', '0.00', '2.00', 0, 1202, 679),
(3615, '146.00', '132.00', '0.00', '1.00', 0, 1368, 680),
(3616, '59.00', '53.00', '0.00', '1.00', 0, 1549, 680),
(3617, '60.00', '54.50', '0.00', '1.00', 0, 1714, 680),
(3618, '22.00', '17.00', '0.00', '1.00', 0, 1544, 680),
(3619, '56.00', '31.00', '0.00', '1.00', 0, 109, 680),
(3620, '150.00', '123.00', '0.00', '1.00', 0, 1224, 680),
(3621, '124.00', '104.00', '0.00', '2.00', 0, 363, 680),
(3622, '218.00', '210.00', '0.00', '5.00', 0, 107, 680),
(3623, '130.00', '120.00', '0.00', '5.00', 0, 119, 680),
(3624, '215.00', '205.00', '0.00', '1.00', 0, 1696, 680),
(3625, '150.00', '125.00', '0.00', '1.00', 0, 226, 681),
(3626, '37.00', '30.00', '0.00', '1.00', 1, 1743, 681),
(3627, '35.00', '26.25', '0.00', '1.00', 0, 1292, 681),
(3628, '310.00', '290.00', '8.00', '1.00', 0, 93, 681),
(3629, '18.00', '13.00', '0.00', '1.00', 0, 1518, 681),
(3630, '15.00', '9.00', '0.00', '4.00', 0, 860, 681),
(3631, '8.00', '5.00', '0.00', '1.00', 0, 943, 681),
(3632, '58.00', '33.00', '0.00', '1.75', 0, 110, 681),
(3633, '56.00', '31.00', '0.00', '0.25', 0, 109, 681),
(3634, '51.00', '27.00', '1.00', '1.00', 0, 108, 681),
(3635, '42.00', '32.00', '0.00', '2.00', 0, 1359, 681),
(3636, '282.00', '267.00', '2.00', '16.00', 0, 90, 681),
(3637, '17.00', '11.17', '0.00', '1.00', 0, 1178, 681),
(3638, '1300.00', '450.00', '0.00', '1.00', 1, 1115, 682),
(3639, '372.00', '336.00', '0.00', '2.00', 0, 80, 682),
(3640, '155.00', '144.00', '0.00', '1.00', 0, 1575, 682),
(3641, '55.00', '33.00', '3.00', '5.00', 0, 1590, 682),
(3642, '170.00', '125.00', '5.00', '2.00', 0, 1533, 682),
(3643, '50.00', '38.00', '2.00', '5.00', 0, 1202, 682),
(3644, '33.00', '30.00', '1.00', '10.00', 0, 1201, 682),
(3645, '60.00', '37.00', '0.00', '0.25', 0, 111, 682),
(3646, '56.00', '31.00', '0.00', '0.25', 0, 109, 682),
(3647, '58.00', '33.00', '0.00', '0.50', 0, 110, 682),
(3648, '53.00', '31.00', '0.00', '1.25', 0, 113, 682),
(3649, '18.00', '8.00', '0.00', '2.00', 0, 589, 682),
(3650, '72.00', '45.50', '0.00', '1.00', 0, 557, 682),
(3651, '70.00', '52.50', '0.00', '2.00', 1, 1284, 682),
(3652, '60.00', '45.00', '0.00', '1.00', 0, 1127, 682),
(3653, '70.00', '48.75', '0.00', '2.00', 0, 287, 683),
(3654, '48.00', '35.00', '0.00', '2.00', 0, 1769, 683),
(3655, '615.00', '550.00', '0.00', '1.00', 1, 1732, 683),
(3656, '156.00', '120.00', '0.00', '2.00', 0, 1662, 683),
(3657, '18.00', '11.00', '0.00', '10.00', 0, 289, 683),
(3658, '58.00', '33.00', '0.00', '1.00', 0, 110, 683),
(3659, '51.00', '27.00', '0.00', '5.00', 0, 108, 683),
(3660, '60.00', '37.00', '0.00', '1.00', 0, 150, 684),
(3661, '14.00', '9.00', '0.00', '1.00', 0, 325, 685),
(3662, '265.00', '240.00', '0.00', '1.00', 0, 601, 685),
(3663, '180.00', '131.83', '0.00', '1.00', 1, 1269, 685),
(3664, '16.00', '11.17', '1.00', '5.00', 0, 1181, 685),
(3665, '18.00', '8.00', '0.00', '1.00', 0, 589, 685),
(3666, '218.00', '210.00', '0.00', '5.00', 0, 107, 685),
(3667, '89.00', '79.00', '2.00', '10.00', 0, 739, 685),
(3668, '56.00', '31.00', '0.00', '0.50', 0, 109, 685),
(3669, '53.00', '31.00', '0.00', '0.50', 0, 113, 685),
(3670, '29.00', '24.00', '1.00', '1.00', 0, 481, 686),
(3671, '178.00', '158.00', '0.00', '1.00', 1, 1265, 686),
(3672, '48.00', '40.00', '0.00', '1.00', 0, 376, 686),
(3673, '1054.00', '1004.00', '0.00', '1.00', 0, 1547, 686),
(3674, '65.00', '50.00', '0.00', '1.00', 0, 724, 686),
(3675, '100.00', '85.00', '0.00', '6.00', 1, 1417, 686),
(3676, '75.00', '65.00', '0.00', '18.00', 0, 1373, 686),
(3677, '51.00', '27.00', '0.00', '1.00', 0, 108, 686),
(3678, '60.00', '37.00', '0.00', '0.50', 0, 111, 686),
(3679, '7.30', '5.00', '0.00', '100.00', 0, 64, 687),
(3680, '215.00', '205.00', '0.00', '2.00', 0, 1696, 687),
(3681, '48.00', '38.00', '2.00', '4.00', 1, 125, 687),
(3682, '75.00', '65.00', '0.00', '4.00', 0, 1373, 687),
(3683, '550.00', '500.00', '0.00', '1.00', 1, 1451, 688),
(3684, '218.00', '210.00', '0.00', '3.00', 0, 107, 688),
(3685, '50.00', '35.00', '0.00', '1.00', 0, 827, 688),
(3686, '60.00', '37.00', '0.00', '0.50', 0, 111, 688),
(3687, '223.50', '190.00', '0.00', '1.00', 0, 1184, 689),
(3688, '18.00', '12.96', '0.00', '1.00', 0, 1694, 689),
(3689, '179.00', '165.00', '0.00', '1.00', 0, 1369, 689),
(3690, '62.50', '47.50', '0.00', '3.00', 0, 1354, 689),
(3691, '218.00', '210.00', '0.00', '30.00', 0, 107, 690),
(3692, '89.00', '79.00', '0.00', '30.00', 0, 739, 690),
(3693, '68.00', '60.00', '0.00', '2.00', 0, 1355, 690),
(3694, '33.00', '30.00', '0.00', '23.00', 0, 1201, 691),
(3695, '50.00', '38.00', '0.00', '5.00', 0, 1202, 691),
(3696, '42.00', '32.00', '0.00', '5.00', 0, 1359, 691),
(3697, '170.00', '125.00', '0.00', '5.00', 0, 1533, 691),
(3698, '53.00', '31.00', '0.00', '1.00', 0, 113, 691),
(3699, '56.00', '31.00', '0.00', '1.00', 0, 112, 691),
(3700, '68.00', '60.00', '0.00', '1.00', 0, 1355, 691),
(3701, '120.00', '100.00', '0.00', '0.50', 0, 1365, 691),
(3702, '218.00', '210.00', '0.00', '20.00', 0, 107, 692),
(3703, '48.00', '38.00', '0.00', '1.00', 1, 125, 692),
(3704, '600.00', '575.00', '0.00', '1.00', 0, 94, 692),
(3705, '310.00', '290.00', '5.00', '1.00', 0, 93, 692),
(3706, '162.00', '148.00', '0.00', '2.00', 1, 1366, 692),
(3707, '224.00', '210.00', '0.00', '4.00', 1, 1420, 692),
(3708, '155.00', '144.00', '0.00', '1.00', 0, 1575, 692),
(3709, '39.00', '30.00', '0.00', '1.00', 0, 1654, 692),
(3710, '56.00', '31.00', '0.00', '1.00', 0, 109, 692),
(3711, '165.00', '142.00', '0.00', '1.00', 0, 1225, 692),
(3712, '215.00', '205.00', '0.00', '2.00', 0, 1696, 693),
(3713, '218.00', '210.00', '0.00', '1.00', 0, 107, 693),
(3714, '48.00', '38.00', '0.00', '5.00', 1, 125, 693),
(3715, '55.00', '33.00', '0.00', '2.00', 0, 1590, 693),
(3716, '140.00', '80.00', '0.00', '1.00', 0, 1534, 693),
(3717, '62.50', '47.50', '2.50', '8.00', 0, 1354, 693),
(3718, '83.00', '63.50', '3.00', '4.00', 0, 1353, 693),
(3719, '21.00', '15.50', '0.00', '1.00', 0, 558, 693),
(3720, '58.00', '33.00', '0.00', '0.50', 0, 110, 693),
(3721, '56.00', '31.00', '0.00', '1.00', 0, 112, 693);
INSERT INTO `order_details` (`od_id`, `od_selling_price`, `od_purchase_price`, `od_discount`, `od_qty`, `od_vat`, `i_id`, `o_id`) VALUES
(3722, '7.00', '5.00', '0.00', '150.00', 0, 64, 694),
(3723, '83.00', '63.50', '3.00', '6.00', 0, 1353, 694),
(3724, '33.00', '30.00', '1.00', '18.00', 0, 1201, 694),
(3725, '56.00', '31.00', '0.00', '1.00', 0, 112, 694),
(3726, '51.00', '27.00', '0.00', '2.00', 0, 108, 694),
(3727, '100.00', '85.00', '0.00', '10.00', 1, 1417, 695),
(3728, '50.00', '40.00', '0.00', '12.00', 0, 1374, 695),
(3729, '7.00', '5.00', '0.00', '150.00', 0, 64, 695),
(3730, '218.00', '210.00', '0.00', '2.00', 0, 107, 695),
(3731, '48.00', '38.00', '0.00', '2.00', 1, 125, 695),
(3732, '75.00', '60.00', '0.00', '1.00', 0, 115, 695),
(3733, '15.00', '10.00', '0.00', '1.00', 0, 1638, 695),
(3734, '9.00', '5.00', '0.00', '3.00', 0, 425, 695),
(3735, '16.00', '9.60', '1.00', '1.00', 0, 328, 695),
(3736, '8.00', '3.00', '0.00', '5.00', 0, 789, 695),
(3737, '4.00', '1.00', '0.00', '10.00', 0, 773, 695),
(3738, '32.00', '10.00', '0.00', '15.00', 0, 62, 696),
(3739, '286.00', '200.00', '0.00', '1.00', 0, 871, 696),
(3740, '35.00', '26.25', '0.00', '2.00', 0, 1292, 696),
(3741, '25.00', '17.25', '0.00', '1.00', 1, 1326, 696),
(3742, '20.00', '15.00', '0.00', '1.00', 0, 1142, 696),
(3743, '25.00', '18.75', '1.00', '1.00', 0, 1300, 696),
(3744, '175.00', '116.25', '0.00', '2.00', 0, 1150, 696),
(3745, '8.50', '3.00', '0.00', '37.00', 0, 792, 696),
(3746, '1.50', '1.00', '0.00', '74.00', 0, 771, 696),
(3747, '24.00', '10.00', '1.00', '1.00', 0, 1388, 696),
(3748, '195.00', '165.00', '0.00', '1.00', 0, 231, 696),
(3749, '33.00', '30.00', '0.00', '4.00', 0, 1201, 697),
(3750, '170.00', '125.00', '0.00', '1.00', 0, 1533, 697),
(3751, '42.00', '32.00', '0.00', '6.00', 0, 1359, 697),
(3752, '215.00', '205.00', '0.00', '2.00', 0, 1696, 697),
(3753, '42.00', '30.00', '0.00', '2.00', 0, 843, 697),
(3754, '68.00', '55.00', '1.00', '90.00', 0, 937, 698),
(3755, '66.00', '50.00', '0.00', '1.00', 0, 1010, 698),
(3756, '218.00', '210.00', '2.00', '10.00', 0, 107, 698),
(3757, '75.00', '60.00', '0.00', '1.00', 0, 710, 698),
(3758, '60.00', '37.00', '0.00', '0.25', 0, 111, 698),
(3759, '200.00', '160.00', '10.00', '1.00', 0, 340, 698),
(3760, '25.00', '18.00', '0.00', '1.00', 0, 1776, 698),
(3761, '234.00', '180.00', '4.00', '1.00', 0, 1620, 698),
(3762, '120.00', '90.00', '0.00', '2.00', 0, 1088, 699),
(3763, '17.00', '11.17', '0.00', '2.00', 0, 1178, 699),
(3764, '20.00', '15.00', '0.00', '2.00', 0, 1142, 699),
(3765, '16.00', '12.00', '0.00', '2.00', 0, 1294, 699),
(3766, '42.00', '32.00', '0.00', '6.00', 0, 1359, 699),
(3767, '10.00', '5.00', '0.00', '1.00', 0, 651, 700),
(3768, '7.00', '3.00', '0.00', '1.00', 0, 942, 700),
(3769, '170.00', '125.00', '5.00', '1.00', 0, 1533, 700),
(3770, '59.00', '53.00', '1.00', '1.00', 0, 1549, 700),
(3771, '56.00', '31.00', '0.00', '0.25', 0, 109, 700),
(3772, '7.00', '5.00', '0.00', '144.00', 0, 64, 700),
(3773, '218.00', '210.00', '1.00', '3.00', 0, 107, 700),
(3774, '48.00', '38.00', '0.00', '2.00', 1, 125, 700),
(3775, '87.00', '65.00', '0.00', '1.00', 0, 664, 700),
(3776, '76.00', '56.00', '0.00', '3.00', 0, 740, 701),
(3777, '59.00', '53.00', '1.00', '2.00', 0, 1549, 701),
(3778, '2.00', '1.00', '0.00', '6.00', 1, 1445, 701),
(3779, '53.00', '31.00', '0.00', '0.25', 0, 113, 701),
(3780, '65.00', '53.00', '1.00', '1.00', 0, 346, 702),
(3781, '15.00', '10.00', '0.00', '3.00', 0, 431, 702),
(3782, '16.00', '5.90', '0.00', '6.00', 0, 327, 702),
(3783, '113.00', '88.00', '1.50', '1.00', 0, 663, 702),
(3784, '15.00', '10.00', '0.00', '2.00', 1, 1742, 702),
(3785, '9.00', '6.00', '0.00', '70.00', 0, 1479, 702),
(3786, '63.00', '46.25', '3.00', '1.00', 0, 644, 702),
(3787, '75.00', '58.00', '5.00', '1.00', 0, 565, 702),
(3788, '135.00', '97.65', '0.00', '1.00', 1, 1274, 702),
(3789, '42.00', '32.00', '0.00', '3.00', 0, 1359, 703),
(3790, '60.00', '37.00', '0.00', '0.50', 0, 111, 703),
(3791, '56.00', '31.00', '0.00', '0.50', 0, 109, 703),
(3792, '53.00', '31.00', '0.00', '1.00', 0, 113, 703),
(3793, '51.00', '27.00', '0.00', '1.00', 0, 108, 703),
(3794, '68.00', '60.00', '0.00', '1.00', 0, 1355, 703),
(3795, '950.00', '920.00', '0.00', '3.00', 0, 95, 704),
(3796, '254.00', '235.00', '0.00', '1.00', 0, 89, 704),
(3797, '38.00', '30.00', '0.00', '3.00', 0, 897, 704),
(3798, '110.00', '88.00', '0.00', '1.00', 0, 894, 704),
(3799, '15.00', '9.00', '0.00', '6.00', 0, 860, 704),
(3800, '89.00', '68.00', '0.00', '1.00', 0, 1655, 704),
(3801, '35.00', '25.00', '0.00', '2.00', 0, 1777, 704),
(3802, '7.00', '5.00', '0.00', '1.00', 0, 654, 704),
(3803, '53.00', '31.00', '0.00', '0.50', 0, 113, 704),
(3804, '52.50', '40.00', '0.00', '1.00', 0, 693, 704),
(3805, '40.00', '35.00', '0.00', '1.00', 0, 1424, 704),
(3806, '7.00', '5.00', '0.00', '8.00', 0, 64, 704),
(3807, '62.50', '47.50', '2.50', '70.00', 0, 1354, 705),
(3808, '140.00', '80.00', '0.00', '1.00', 0, 1534, 705),
(3809, '56.00', '31.00', '0.00', '0.25', 0, 112, 705),
(3810, '50.00', '40.00', '0.00', '3.00', 0, 1374, 705),
(3811, '215.00', '205.00', '0.00', '2.00', 0, 1696, 705),
(3812, '110.00', '93.00', '0.00', '1.00', 0, 1715, 705),
(3813, '290.00', '270.00', '0.00', '1.00', 1, 1440, 705),
(3814, '70.00', '52.50', '0.00', '1.00', 0, 1082, 705),
(3815, '950.00', '920.00', '5.00', '1.00', 0, 95, 706),
(3816, '155.00', '144.00', '2.00', '2.00', 0, 1575, 706),
(3817, '184.00', '144.00', '4.00', '1.00', 0, 546, 706),
(3818, '215.00', '205.00', '2.00', '1.00', 0, 1696, 706),
(3819, '60.00', '45.00', '0.00', '1.00', 0, 1556, 706),
(3820, '140.00', '80.00', '5.00', '1.00', 0, 1534, 706),
(3821, '58.00', '33.00', '0.00', '0.50', 0, 110, 706),
(3822, '52.50', '42.50', '0.00', '2.00', 0, 320, 706),
(3823, '162.00', '148.00', '2.00', '2.00', 1, 1366, 706),
(3824, '56.00', '31.00', '0.00', '0.50', 0, 109, 706),
(3825, '53.00', '31.00', '0.00', '0.50', 0, 113, 706),
(3826, '51.00', '27.00', '0.00', '0.50', 0, 108, 706),
(3827, '21.00', '7.00', '0.00', '4.00', 0, 607, 706),
(3828, '2.00', '1.00', '0.00', '7.00', 1, 1445, 706),
(3829, '33.00', '30.00', '1.00', '12.00', 0, 1201, 707),
(3830, '50.00', '38.00', '2.00', '8.00', 0, 1202, 707),
(3831, '37.00', '24.00', '0.00', '3.00', 0, 1362, 707),
(3832, '140.00', '80.00', '0.00', '1.00', 0, 1534, 707),
(3833, '56.00', '31.00', '0.00', '0.75', 0, 109, 707),
(3834, '53.00', '31.00', '0.00', '0.75', 0, 113, 707),
(3835, '482.00', '452.00', '2.00', '1.00', 0, 276, 707),
(3836, '55.00', '42.25', '0.00', '2.00', 0, 301, 707),
(3837, '13.50', '9.00', '0.00', '1.00', 0, 652, 707),
(3838, '7.00', '5.00', '0.00', '1.00', 0, 654, 707),
(3839, '96.00', '80.00', '0.00', '1.00', 0, 361, 707),
(3840, '40.00', '29.00', '2.00', '1.00', 0, 645, 707),
(3841, '55.00', '33.00', '2.00', '4.00', 0, 1590, 707),
(3842, '52.50', '42.50', '0.50', '1.00', 0, 320, 707),
(3843, '146.00', '132.00', '2.00', '2.00', 0, 1368, 707),
(3844, '123.00', '117.00', '0.66', '3.00', 0, 1539, 707),
(3845, '92.00', '78.00', '0.00', '6.00', 0, 1778, 707),
(3846, '215.00', '205.00', '0.00', '1.00', 0, 1696, 707),
(3847, '372.00', '336.00', '7.00', '30.00', 0, 80, 708),
(3848, '75.00', '65.00', '3.00', '16.00', 0, 1373, 708),
(3849, '125.00', '95.00', '5.00', '20.00', 0, 1779, 708),
(3850, '267.00', '252.00', '3.00', '6.00', 0, 106, 708),
(3851, '51.00', '27.00', '7.00', '5.00', 0, 108, 708),
(3852, '75.00', '60.00', '2.00', '4.00', 0, 115, 708),
(3853, '7.00', '5.00', '0.00', '400.00', 0, 64, 709),
(3854, '68.00', '60.00', '0.00', '3.00', 0, 1355, 709),
(3855, '269.00', '240.00', '0.00', '2.00', 0, 684, 709),
(3856, '108.00', '88.00', '0.00', '2.00', 0, 663, 709),
(3857, '43.50', '38.00', '0.00', '2.00', 1, 1740, 709),
(3858, '67.50', '50.00', '0.00', '2.00', 0, 689, 709),
(3859, '150.00', '120.00', '0.00', '2.00', 0, 1525, 709),
(3860, '130.00', '120.00', '0.00', '5.00', 0, 119, 709),
(3861, '53.00', '31.00', '0.00', '2.00', 0, 113, 709),
(3862, '51.00', '27.00', '0.00', '5.00', 0, 108, 709),
(3863, '75.00', '65.00', '0.00', '5.00', 0, 1373, 710),
(3864, '33.00', '30.00', '0.00', '15.00', 0, 1201, 710),
(3865, '62.50', '47.50', '0.00', '3.00', 0, 1354, 710),
(3866, '215.00', '205.00', '0.00', '2.00', 0, 1696, 710),
(3867, '130.00', '120.00', '0.00', '4.00', 0, 119, 710),
(3868, '161.00', '136.00', '0.00', '1.00', 0, 46, 710),
(3869, '60.00', '37.00', '0.00', '0.25', 0, 111, 710),
(3870, '282.00', '267.00', '2.00', '1.00', 0, 90, 710),
(3871, '189.00', '175.00', '0.00', '4.00', 1, 1419, 710),
(3872, '240.00', '224.00', '0.00', '2.00', 0, 78, 711),
(3873, '14.00', '10.00', '0.00', '2.00', 0, 317, 711),
(3874, '215.00', '205.00', '0.00', '4.00', 0, 1696, 711),
(3875, '130.00', '120.00', '0.00', '2.00', 0, 119, 711),
(3876, '48.00', '38.00', '0.00', '4.00', 1, 125, 711),
(3877, '68.00', '60.00', '0.00', '0.50', 0, 1355, 711),
(3878, '42.00', '32.00', '0.00', '50.00', 0, 1359, 711),
(3879, '62.50', '47.50', '0.00', '15.00', 0, 1354, 711),
(3880, '61.00', '45.00', '1.00', '1.00', 0, 166, 711),
(3881, '43.00', '37.50', '3.00', '6.00', 0, 163, 711),
(3882, '33.00', '30.00', '1.00', '12.00', 0, 1201, 712),
(3883, '62.50', '47.50', '2.50', '20.00', 0, 1354, 712),
(3884, '75.00', '65.00', '3.00', '10.00', 0, 1373, 712),
(3885, '170.00', '125.00', '0.00', '1.00', 0, 1533, 712),
(3886, '215.00', '205.00', '0.00', '1.00', 0, 1696, 712),
(3887, '56.00', '31.00', '0.00', '3.00', 0, 109, 712),
(3888, '53.00', '31.00', '0.00', '2.00', 0, 113, 712),
(3889, '51.00', '27.00', '0.00', '2.00', 0, 108, 712),
(3890, '68.00', '60.00', '0.00', '0.50', 0, 1355, 712),
(3891, '76.00', '56.00', '2.00', '5.00', 0, 740, 712),
(3892, '140.00', '80.00', '6.66', '3.00', 0, 1534, 712),
(3893, '66.00', '57.00', '0.00', '1.00', 0, 1780, 712),
(3894, '44.00', '38.00', '0.00', '1.00', 0, 1781, 712),
(3895, '44.00', '38.00', '0.00', '1.00', 0, 1782, 712),
(3896, '59.00', '53.00', '0.00', '2.00', 0, 1549, 712),
(3897, '224.00', '210.00', '0.00', '6.00', 1, 1420, 713),
(3898, '170.00', '125.00', '0.00', '1.00', 0, 1533, 713),
(3899, '50.00', '38.00', '0.00', '3.00', 0, 1202, 713),
(3900, '50.00', '40.00', '0.00', '3.00', 0, 1374, 713),
(3901, '56.00', '31.00', '0.00', '0.50', 0, 112, 713),
(3902, '53.00', '31.00', '0.00', '0.50', 0, 113, 713),
(3903, '189.00', '175.00', '0.00', '1.00', 1, 1419, 713),
(3904, '218.00', '210.00', '0.00', '6.00', 0, 107, 713),
(3905, '48.00', '38.00', '0.00', '6.00', 1, 125, 713),
(3906, '282.00', '267.00', '0.00', '1.00', 0, 90, 713),
(3907, '68.00', '60.00', '0.00', '1.00', 0, 1355, 713),
(3908, '60.00', '37.00', '0.00', '0.25', 0, 111, 713),
(3909, '75.00', '60.00', '0.00', '0.50', 0, 115, 713),
(3910, '1250.00', '1050.00', '100.00', '1.00', 0, 908, 714),
(3911, '33.00', '30.00', '1.00', '13.00', 0, 1201, 714),
(3912, '7.00', '5.00', '0.00', '100.00', 0, 64, 714),
(3913, '218.00', '210.00', '0.00', '3.00', 0, 107, 714),
(3914, '700.00', '550.00', '50.00', '1.00', 0, 592, 714),
(3915, '254.00', '235.00', '2.00', '6.00', 0, 89, 714),
(3916, '150.00', '142.50', '5.00', '1.00', 0, 1783, 714),
(3917, '155.00', '144.00', '2.00', '4.00', 0, 1575, 714),
(3918, '250.00', '239.00', '5.00', '1.00', 0, 1543, 714),
(3919, '30.00', '28.00', '0.00', '20.00', 0, 1724, 715),
(3920, '60.00', '45.00', '0.00', '2.00', 0, 1556, 715),
(3921, '68.00', '60.00', '0.00', '2.00', 0, 1355, 715),
(3922, '15.00', '8.40', '3.00', '4.00', 0, 484, 715),
(3923, '50.00', '24.00', '0.00', '1.00', 0, 337, 715),
(3924, '14.00', '9.00', '0.00', '1.00', 0, 325, 715),
(3925, '218.00', '210.00', '0.00', '25.00', 0, 107, 715),
(3926, '506.00', '10.00', '6.00', '1.00', 0, 31, 716),
(3927, '450.00', '430.00', '5.00', '1.00', 0, 221, 716),
(3928, '161.00', '131.00', '6.00', '1.00', 0, 270, 716),
(3929, '37.00', '30.00', '0.00', '2.00', 1, 1743, 716),
(3930, '45.00', '35.00', '0.00', '3.00', 0, 324, 716),
(3931, '32.00', '28.80', '0.00', '2.00', 0, 1785, 716),
(3932, '48.00', '35.00', '3.00', '1.00', 0, 1769, 716),
(3933, '50.00', '29.00', '0.00', '1.00', 0, 335, 716),
(3934, '56.00', '31.00', '0.00', '0.50', 0, 112, 716),
(3935, '215.00', '205.00', '0.00', '3.00', 0, 1696, 716),
(3936, '48.00', '38.00', '0.00', '2.00', 1, 125, 716),
(3937, '68.00', '60.00', '0.00', '1.00', 0, 1355, 716),
(3938, '9.00', '6.00', '1.50', '100.00', 0, 1479, 716),
(3939, '175.00', '144.00', '0.00', '1.00', 1, 1227, 716),
(3940, '169.00', '149.00', '0.00', '1.00', 0, 205, 716),
(3941, '67.00', '50.25', '0.00', '1.00', 1, 1720, 716),
(3942, '218.00', '210.00', '0.00', '10.00', 0, 107, 717),
(3943, '130.00', '120.00', '5.00', '10.00', 0, 119, 717),
(3944, '200.00', '176.00', '0.00', '2.00', 0, 1587, 717),
(3945, '50.00', '40.00', '0.00', '1.00', 0, 1374, 717),
(3946, '170.00', '125.00', '0.00', '1.00', 0, 1533, 717),
(3947, '17.00', '7.00', '0.00', '1.00', 0, 131, 717),
(3948, '10.00', '5.00', '0.00', '1.00', 0, 302, 717),
(3949, '10.50', '6.58', '0.50', '2.00', 0, 551, 717),
(3950, '68.00', '60.00', '0.00', '0.50', 0, 1355, 717),
(3951, '35.00', '26.25', '0.00', '1.00', 0, 1292, 717),
(3952, '53.00', '40.00', '2.00', '1.00', 1, 1337, 717),
(3953, '58.00', '33.00', '0.00', '1.50', 0, 110, 717),
(3954, '56.00', '31.00', '0.00', '1.00', 0, 109, 717),
(3955, '56.00', '31.00', '0.00', '1.25', 0, 112, 717),
(3956, '53.00', '31.00', '0.00', '1.25', 0, 113, 717),
(3957, '51.00', '27.00', '0.00', '1.00', 0, 108, 717),
(3958, '49.00', '33.00', '0.00', '1.00', 0, 1449, 717),
(3959, '215.00', '205.00', '0.00', '2.00', 0, 1696, 718),
(3960, '265.00', '240.00', '15.00', '2.00', 0, 601, 718),
(3961, '245.00', '200.00', '5.00', '1.00', 0, 881, 718),
(3962, '83.00', '63.50', '3.00', '60.00', 0, 1353, 718),
(3963, '130.00', '100.00', '0.00', '1.00', 0, 1644, 718),
(3964, '250.00', '183.00', '0.00', '1.00', 0, 254, 718),
(3965, '21.00', '15.50', '0.00', '1.00', 0, 558, 718),
(3966, '0.75', '0.30', '0.00', '50.00', 0, 1786, 718),
(3967, '130.00', '120.00', '4.00', '20.00', 0, 119, 719),
(3968, '48.00', '38.00', '3.00', '16.00', 1, 125, 719),
(3969, '218.00', '210.00', '1.00', '14.00', 0, 107, 719),
(3970, '68.00', '60.00', '0.00', '1.00', 0, 1355, 719),
(3971, '55.00', '48.00', '0.00', '1.00', 0, 1787, 719),
(3972, '7.00', '5.00', '0.00', '400.00', 0, 64, 719),
(3973, '218.00', '210.00', '0.00', '1.00', 0, 107, 720),
(3974, '33.00', '30.00', '0.00', '3.00', 0, 1201, 720),
(3975, '42.00', '32.00', '0.00', '1.00', 0, 1359, 720),
(3976, '170.00', '125.00', '0.00', '3.00', 0, 1533, 720),
(3977, '100.00', '85.00', '4.00', '10.00', 1, 1417, 720),
(3978, '75.00', '65.00', '3.00', '6.00', 0, 1373, 720),
(3979, '185.00', '135.00', '3.00', '3.00', 0, 1706, 720),
(3980, '48.00', '38.00', '1.00', '4.00', 1, 125, 720),
(3981, '68.00', '60.00', '0.00', '0.50', 0, 1355, 720),
(3982, '56.00', '31.00', '0.00', '1.00', 0, 112, 720),
(3983, '53.00', '31.00', '0.00', '0.50', 0, 113, 720),
(3984, '158.00', '144.00', '4.00', '5.00', 0, 85, 720),
(3985, '75.00', '60.00', '0.00', '1.00', 0, 115, 720),
(3986, '47.00', '36.00', '0.00', '1.00', 0, 256, 720),
(3987, '45.00', '34.00', '0.00', '1.00', 0, 816, 720),
(3988, '20.00', '18.00', '0.00', '8.00', 0, 1425, 721),
(3989, '68.00', '60.00', '0.00', '0.50', 0, 1355, 721),
(3990, '100.00', '86.00', '0.00', '1.00', 0, 755, 721),
(3991, '170.00', '125.00', '10.00', '1.00', 0, 1533, 721),
(3992, '8.00', '5.00', '0.00', '2.00', 1, 1403, 721),
(3993, '17.00', '7.00', '0.00', '3.00', 0, 134, 721),
(3994, '150.00', '120.00', '0.00', '1.00', 0, 1525, 721),
(3995, '3.00', '1.00', '0.00', '3.00', 0, 853, 721),
(3996, '15.00', '10.00', '0.00', '1.00', 0, 796, 721),
(3997, '10.00', '5.00', '0.00', '1.00', 0, 799, 721),
(3998, '9.00', '2.00', '0.00', '1.00', 0, 1788, 721),
(3999, '158.00', '144.00', '6.00', '2.00', 0, 85, 721),
(4000, '33.00', '30.00', '1.00', '10.00', 0, 1201, 721),
(4001, '63.00', '41.00', '3.00', '1.00', 0, 330, 721),
(4002, '7.00', '5.00', '0.00', '100.00', 0, 64, 722),
(4003, '215.00', '205.00', '0.00', '3.00', 0, 1696, 722),
(4004, '50.00', '40.00', '2.00', '20.00', 0, 1374, 722),
(4005, '75.00', '65.00', '3.00', '9.00', 0, 1373, 722),
(4006, '158.00', '144.00', '6.00', '5.00', 0, 85, 722),
(4007, '224.00', '210.00', '2.00', '5.00', 1, 1420, 722),
(4008, '145.00', '124.00', '0.00', '1.00', 0, 104, 722),
(4009, '58.00', '33.00', '0.00', '1.00', 0, 110, 722),
(4010, '56.00', '31.00', '0.00', '1.00', 0, 112, 722),
(4011, '53.00', '31.00', '0.00', '1.00', 0, 113, 722),
(4012, '51.00', '27.00', '0.00', '1.00', 0, 108, 722),
(4013, '50.00', '38.00', '2.00', '4.00', 0, 1202, 723),
(4014, '66.00', '51.00', '2.00', '2.00', 0, 1351, 723),
(4015, '50.00', '40.00', '2.00', '7.00', 0, 1374, 723),
(4016, '33.00', '30.00', '0.00', '2.00', 0, 1201, 723),
(4017, '93.75', '83.00', '0.00', '1.00', 0, 1432, 723),
(4018, '170.00', '125.00', '0.00', '1.00', 0, 1533, 723),
(4019, '240.00', '224.00', '5.00', '5.00', 0, 78, 723),
(4020, '158.00', '144.00', '6.00', '3.00', 0, 85, 723),
(4021, '120.00', '100.00', '0.00', '2.00', 0, 1365, 723),
(4022, '63.00', '41.00', '0.00', '1.00', 0, 330, 723),
(4023, '83.00', '71.50', '0.00', '1.00', 0, 969, 723),
(4024, '51.00', '27.00', '0.00', '1.00', 0, 108, 723),
(4025, '56.00', '31.00', '0.00', '0.50', 0, 109, 723),
(4026, '58.00', '33.00', '0.00', '0.50', 0, 110, 723),
(4027, '60.00', '40.00', '0.00', '1.00', 1, 1485, 724),
(4028, '20.00', '15.00', '0.00', '1.00', 0, 1142, 725),
(4029, '17.00', '13.00', '1.00', '6.00', 0, 1475, 726),
(4030, '33.00', '30.00', '1.00', '10.00', 0, 1201, 726),
(4031, '60.00', '40.00', '0.00', '1.00', 1, 1485, 727),
(4032, '33.00', '30.00', '0.00', '4.00', 0, 1201, 728),
(4033, '49.00', '33.00', '0.00', '0.50', 0, 1449, 728),
(4034, '56.00', '31.00', '0.00', '0.50', 0, 112, 728),
(4035, '23.00', '17.86', '0.00', '5.00', 0, 1177, 729),
(4036, '60.00', '37.00', '0.00', '0.25', 0, 111, 730),
(4037, '56.00', '31.00', '0.00', '0.25', 0, 112, 730),
(4038, '72.00', '45.50', '0.00', '3.00', 0, 557, 730),
(4039, '170.00', '125.00', '0.00', '1.00', 0, 1533, 730),
(4040, '67.00', '50.25', '0.00', '1.00', 1, 1720, 731),
(4041, '1300.00', '450.00', '0.00', '1.00', 1, 1115, 732),
(4042, '7.00', '5.00', '0.00', '150.00', 0, 64, 733),
(4043, '150.00', '123.00', '0.00', '1.00', 0, 1224, 734),
(4044, '83.00', '63.50', '3.00', '20.00', 0, 1353, 735),
(4045, '33.00', '30.00', '1.00', '5.00', 0, 1201, 735),
(4046, '150.00', '123.00', '0.00', '1.00', 0, 1224, 735),
(4047, '7.00', '5.00', '0.00', '200.00', 0, 64, 736),
(4048, '215.00', '205.00', '0.00', '6.00', 0, 1696, 736),
(4049, '89.00', '79.00', '2.00', '5.00', 0, 739, 736),
(4050, '48.00', '38.00', '0.00', '1.00', 1, 125, 736),
(4051, '62.50', '47.50', '2.50', '5.00', 0, 1354, 736),
(4052, '68.00', '60.00', '0.00', '0.50', 0, 1355, 736),
(4053, '75.00', '50.00', '5.00', '5.00', 0, 910, 736),
(4054, '9.00', '6.00', '0.50', '500.00', 0, 1479, 737),
(4055, '220.00', '205.00', '0.00', '5.00', 0, 1696, 737),
(4056, '7.00', '5.00', '0.00', '50.00', 0, 64, 738),
(4057, '215.00', '205.00', '3.00', '5.00', 0, 1696, 738),
(4058, '130.00', '120.00', '0.00', '1.00', 0, 119, 738),
(4059, '76.00', '56.00', '0.00', '1.00', 0, 740, 738),
(4060, '42.00', '32.00', '0.00', '4.00', 0, 1359, 738),
(4061, '33.00', '30.00', '0.00', '2.00', 0, 1201, 738),
(4062, '11.50', '8.00', '0.00', '1.00', 0, 647, 738),
(4063, '56.00', '31.00', '0.00', '0.25', 0, 109, 738),
(4064, '56.00', '31.00', '0.00', '2.25', 0, 112, 738),
(4065, '53.00', '31.00', '0.00', '0.25', 0, 113, 738),
(4066, '51.00', '27.00', '0.00', '2.00', 0, 108, 738),
(4067, '2.00', '1.00', '0.00', '20.00', 1, 1445, 738),
(4068, '24.00', '8.40', '0.00', '1.00', 0, 305, 738),
(4069, '39.00', '30.00', '0.00', '1.00', 0, 1660, 738),
(4070, '165.00', '142.00', '0.00', '1.00', 0, 1225, 738),
(4071, '65.00', '55.00', '0.00', '1.00', 0, 1790, 738),
(4072, '200.00', '180.00', '0.00', '1.00', 1, 1264, 738),
(4073, '218.00', '210.00', '0.00', '10.00', 0, 107, 739),
(4074, '7.00', '5.00', '0.00', '400.00', 0, 64, 740),
(4075, '215.00', '205.00', '2.00', '10.00', 0, 1696, 740),
(4076, '130.00', '120.00', '2.00', '10.00', 0, 119, 740),
(4077, '48.00', '38.00', '3.00', '5.00', 1, 125, 740),
(4078, '68.00', '60.00', '0.00', '1.00', 0, 1355, 740),
(4079, '200.00', '160.00', '5.00', '1.00', 0, 340, 740),
(4080, '42.00', '32.00', '0.00', '30.00', 0, 1359, 741),
(4081, '140.00', '80.00', '0.00', '2.00', 0, 1534, 741),
(4082, '170.00', '125.00', '0.00', '3.00', 0, 1533, 741),
(4083, '950.00', '920.00', '0.00', '1.00', 0, 95, 741),
(4084, '155.00', '144.00', '0.00', '4.00', 0, 1575, 741),
(4085, '170.00', '135.00', '10.00', '3.00', 0, 1392, 741),
(4086, '1054.00', '1004.00', '0.00', '1.00', 0, 1547, 741),
(4087, '12.00', '7.00', '0.00', '8.00', 0, 946, 741),
(4088, '56.00', '31.00', '0.00', '2.00', 0, 109, 741),
(4089, '51.00', '27.00', '0.00', '1.00', 0, 108, 741),
(4090, '49.00', '33.00', '0.00', '3.00', 0, 1449, 741),
(4091, '68.00', '60.00', '0.00', '0.50', 0, 1355, 741),
(4092, '33.00', '30.00', '2.00', '12.00', 0, 1201, 742),
(4093, '62.50', '47.50', '2.50', '4.00', 0, 1354, 742),
(4094, '42.00', '32.00', '2.00', '20.00', 0, 1359, 742),
(4095, '58.00', '33.00', '0.00', '0.25', 0, 110, 742),
(4096, '53.00', '31.00', '0.00', '1.50', 0, 113, 742),
(4097, '51.00', '27.00', '0.00', '2.50', 0, 108, 742),
(4098, '155.00', '144.00', '2.00', '2.00', 0, 1575, 742),
(4099, '10.50', '6.58', '0.00', '8.00', 0, 551, 742),
(4100, '75.00', '60.00', '0.00', '1.50', 0, 710, 742),
(4101, '215.00', '205.00', '0.00', '1.00', 0, 1696, 742),
(4102, '166.00', '155.50', '0.00', '1.00', 0, 585, 742),
(4103, '11.00', '1.00', '0.00', '1.00', 0, 591, 742),
(4104, '155.00', '140.00', '0.00', '1.00', 0, 1617, 742),
(4105, '45.00', '40.00', '0.00', '1.00', 0, 472, 742),
(4106, '162.00', '148.00', '0.00', '4.00', 1, 1366, 742),
(4107, '75.00', '60.00', '0.00', '0.50', 0, 115, 742),
(4108, '550.00', '500.00', '0.00', '1.00', 1, 1451, 743),
(4109, '7.00', '5.00', '0.00', '30.00', 0, 64, 743),
(4110, '48.00', '38.00', '0.00', '3.00', 1, 125, 743),
(4111, '215.00', '205.00', '0.00', '2.00', 0, 1696, 743),
(4112, '68.00', '60.00', '0.00', '1.00', 0, 1355, 743),
(4113, '37.00', '25.00', '0.00', '1.00', 0, 162, 743),
(4114, '161.00', '136.00', '0.00', '1.00', 0, 46, 743),
(4115, '47.00', '36.00', '0.00', '1.00', 0, 256, 743),
(4116, '158.00', '144.00', '6.00', '5.00', 0, 85, 743),
(4117, '75.00', '60.00', '0.00', '0.50', 0, 115, 743),
(4118, '18.50', '16.00', '0.50', '8.00', 0, 913, 743),
(4119, '130.00', '100.00', '0.00', '1.00', 1, 1763, 743),
(4120, '180.00', '160.00', '0.00', '2.00', 0, 88, 743),
(4121, '175.00', '140.00', '5.00', '1.00', 0, 1491, 743),
(4122, '13.00', '7.00', '0.00', '1.00', 1, 1746, 743),
(4123, '56.00', '31.00', '0.00', '0.25', 0, 112, 743),
(4124, '55.00', '33.00', '0.00', '2.00', 0, 1590, 744),
(4125, '60.00', '37.00', '0.00', '1.25', 0, 111, 744),
(4126, '56.00', '31.00', '0.00', '0.50', 0, 109, 744),
(4127, '53.00', '31.00', '0.00', '0.50', 0, 113, 744),
(4128, '51.00', '27.00', '0.00', '1.50', 0, 108, 744),
(4129, '75.00', '60.00', '0.00', '0.50', 0, 115, 744),
(4130, '215.00', '205.00', '0.00', '1.00', 0, 1696, 744),
(4131, '17.00', '11.17', '0.00', '4.00', 0, 1178, 744),
(4132, '20.00', '15.00', '0.00', '1.00', 0, 1142, 744),
(4133, '16.00', '12.00', '0.00', '1.00', 0, 1294, 744),
(4134, '25.00', '18.75', '0.00', '1.00', 0, 1301, 744),
(4135, '47.00', '36.00', '0.00', '1.00', 0, 256, 744),
(4136, '20.00', '12.00', '0.00', '10.00', 0, 1195, 744),
(4137, '62.50', '47.50', '2.50', '70.00', 0, 1354, 744),
(4138, '7.00', '5.00', '0.00', '30.00', 0, 64, 745),
(4139, '215.00', '205.00', '0.00', '30.00', 0, 1696, 745),
(4140, '267.00', '252.00', '2.00', '3.00', 0, 106, 745),
(4141, '372.00', '336.00', '2.00', '2.00', 0, 80, 745),
(4142, '158.00', '142.20', '0.00', '3.50', 0, 1676, 745),
(4143, '170.00', '125.00', '0.00', '1.00', 0, 1533, 745),
(4144, '83.00', '63.50', '3.60', '14.00', 0, 1353, 745),
(4145, '75.00', '65.00', '3.00', '20.00', 0, 1373, 745),
(4146, '50.00', '40.00', '2.00', '10.00', 0, 1374, 745),
(4147, '133.33', '101.30', '5.33', '8.00', 0, 1371, 745),
(4148, '53.00', '31.00', '0.00', '2.00', 0, 113, 745),
(4149, '51.00', '27.00', '0.00', '2.00', 0, 108, 745),
(4150, '7.00', '5.00', '0.00', '30.00', 0, 64, 746),
(4151, '215.00', '205.00', '0.00', '2.00', 0, 1696, 746),
(4152, '372.00', '336.00', '2.00', '2.00', 0, 80, 746),
(4153, '267.00', '252.00', '2.00', '3.00', 0, 106, 746),
(4154, '158.00', '142.20', '3.00', '3.50', 0, 1676, 746),
(4155, '170.00', '125.00', '0.00', '1.00', 0, 1533, 746),
(4156, '83.00', '63.50', '3.00', '14.00', 0, 1353, 746),
(4157, '75.00', '65.00', '3.00', '20.00', 0, 1373, 746),
(4158, '133.33', '101.30', '5.33', '8.00', 0, 1371, 746),
(4159, '50.00', '40.00', '2.00', '10.00', 0, 1374, 746),
(4160, '53.00', '31.00', '0.00', '2.00', 0, 113, 746),
(4161, '51.00', '27.00', '0.00', '2.00', 0, 108, 746),
(4162, '56.00', '31.00', '0.00', '0.25', 0, 109, 747),
(4163, '56.00', '31.00', '0.00', '0.50', 0, 112, 747),
(4164, '10.00', '6.50', '0.00', '1.00', 0, 1596, 747),
(4165, '70.00', '52.50', '0.00', '1.00', 0, 1082, 747),
(4166, '185.00', '172.00', '0.00', '18.00', 0, 118, 748),
(4167, '48.00', '38.00', '5.00', '20.00', 1, 125, 748),
(4168, '218.00', '210.00', '1.00', '10.00', 0, 107, 748),
(4169, '68.00', '60.00', '0.00', '2.00', 0, 1355, 748),
(4170, '42.00', '32.00', '2.00', '10.00', 0, 1359, 748),
(4171, '53.00', '31.00', '0.00', '1.00', 0, 113, 748),
(4172, '51.00', '27.00', '2.00', '1.00', 0, 108, 748),
(4173, '60.00', '37.00', '0.00', '0.50', 0, 111, 748),
(4174, '600.00', '575.00', '10.00', '3.00', 0, 94, 749),
(4175, '215.00', '205.00', '3.00', '2.00', 0, 1696, 749),
(4176, '267.00', '252.00', '2.00', '3.00', 0, 106, 749),
(4177, '155.00', '144.00', '2.00', '2.00', 0, 1575, 749),
(4178, '170.00', '125.00', '0.00', '1.00', 0, 1533, 749),
(4179, '64.00', '43.20', '0.00', '1.00', 0, 290, 749),
(4180, '62.50', '47.50', '2.50', '10.00', 0, 1354, 749),
(4181, '53.00', '31.00', '0.00', '0.50', 0, 113, 749),
(4182, '75.00', '60.00', '0.00', '0.50', 0, 115, 749),
(4183, '135.00', '97.65', '0.00', '1.00', 1, 1274, 750),
(4184, '50.00', '30.75', '0.00', '1.00', 1, 1342, 750),
(4185, '161.00', '131.00', '0.00', '1.00', 0, 270, 750),
(4186, '218.00', '210.00', '0.00', '12.00', 0, 107, 750),
(4187, '215.00', '205.00', '0.00', '1.00', 0, 1696, 750),
(4188, '7.00', '5.00', '0.00', '730.00', 0, 64, 750),
(4189, '75.00', '60.00', '0.00', '0.50', 0, 710, 750),
(4190, '161.00', '136.00', '0.00', '1.00', 0, 46, 750),
(4191, '100.00', '88.00', '0.00', '1.00', 0, 142, 750),
(4192, '8.00', '5.00', '0.00', '4.00', 1, 1403, 750),
(4193, '70.00', '52.50', '0.00', '1.00', 0, 1084, 750),
(4194, '170.00', '125.00', '0.00', '2.00', 0, 1533, 751),
(4195, '218.00', '210.00', '0.00', '1.00', 0, 107, 751),
(4196, '33.00', '30.00', '1.00', '18.00', 0, 1201, 751),
(4197, '56.00', '31.00', '0.00', '0.50', 0, 112, 751),
(4198, '65.00', '49.00', '0.00', '1.00', 0, 842, 751),
(4199, '10.00', '4.35', '0.00', '4.00', 0, 757, 751),
(4200, '42.00', '32.00', '2.00', '1.00', 0, 1359, 751),
(4201, '215.00', '205.00', '0.00', '2.00', 0, 1696, 751),
(4202, '48.00', '38.00', '0.00', '2.00', 1, 125, 751),
(4203, '267.00', '252.00', '0.00', '1.00', 0, 106, 751),
(4204, '68.00', '60.00', '0.00', '0.25', 0, 1355, 751),
(4205, '55.00', '33.00', '0.00', '5.00', 0, 1590, 751),
(4206, '170.00', '125.00', '0.00', '1.00', 0, 1533, 752),
(4207, '10.00', '6.50', '0.00', '1.00', 0, 1596, 752),
(4208, '68.00', '60.00', '0.00', '2.00', 0, 1355, 752),
(4209, '200.00', '150.00', '0.00', '1.00', 0, 714, 752),
(4210, '42.00', '32.00', '0.00', '1.00', 0, 1359, 752),
(4211, '100.00', '85.00', '0.00', '1.00', 0, 627, 752),
(4212, '189.00', '175.00', '0.00', '2.00', 1, 1419, 752),
(4213, '180.00', '160.00', '0.00', '3.00', 0, 88, 752),
(4214, '75.00', '60.00', '0.00', '0.75', 0, 115, 752),
(4215, '60.00', '37.00', '0.00', '0.35', 0, 111, 752),
(4216, '130.00', '120.00', '0.00', '2.00', 0, 119, 752),
(4217, '140.00', '80.00', '0.00', '1.00', 0, 1534, 752),
(4218, '215.00', '205.00', '0.00', '1.00', 0, 1696, 752),
(4219, '21.00', '15.50', '0.00', '3.00', 0, 558, 752),
(4220, '155.00', '144.00', '1.66', '3.00', 0, 1575, 752),
(4221, '89.00', '79.00', '0.00', '2.00', 0, 739, 752),
(4222, '14.00', '10.00', '0.00', '1.00', 0, 317, 752),
(4223, '68.00', '55.00', '2.00', '31.00', 0, 937, 753),
(4224, '38.00', '23.75', '0.00', '4.00', 0, 1796, 753),
(4225, '215.00', '205.00', '0.00', '2.00', 0, 1696, 753),
(4226, '11.00', '1.00', '0.00', '1.50', 0, 591, 753),
(4227, '355.00', '330.00', '5.00', '2.00', 1, 1397, 753),
(4228, '105.00', '81.25', '0.00', '0.25', 0, 114, 753),
(4229, '60.00', '37.00', '0.00', '1.50', 0, 111, 753),
(4230, '58.00', '33.00', '0.00', '0.25', 0, 110, 753),
(4231, '265.00', '240.00', '0.00', '15.00', 0, 601, 754),
(4232, '218.00', '210.00', '0.00', '10.00', 0, 107, 754),
(4233, '1300.00', '450.00', '0.00', '1.00', 1, 1115, 754),
(4234, '7.00', '5.00', '0.00', '10.00', 0, 64, 754),
(4235, '265.00', '240.00', '0.00', '15.00', 0, 601, 755),
(4236, '218.00', '210.00', '0.00', '10.00', 0, 107, 755),
(4237, '1300.00', '450.00', '0.00', '1.00', 1, 1115, 755),
(4238, '7.00', '5.00', '0.00', '10.00', 0, 64, 755),
(4239, '60.00', '45.00', '0.00', '15.00', 0, 1698, 756),
(4240, '14.00', '5.90', '0.00', '10.00', 0, 327, 756),
(4241, '218.00', '210.00', '0.00', '14.00', 0, 107, 757),
(4242, '218.00', '210.00', '0.00', '8.00', 0, 107, 758),
(4243, '60.00', '37.00', '0.00', '0.25', 0, 111, 758),
(4244, '75.00', '70.00', '0.00', '1.00', 0, 1426, 758),
(4245, '58.00', '33.00', '0.00', '0.50', 0, 110, 758),
(4246, '140.00', '105.00', '0.00', '2.00', 1, 1102, 758),
(4247, '20.00', '15.00', '0.00', '2.00', 0, 1142, 758),
(4248, '18.00', '10.00', '0.00', '1.00', 0, 778, 758),
(4249, '4.00', '1.00', '0.00', '2.00', 0, 773, 758),
(4250, '24.00', '20.00', '0.00', '6.00', 1, 1402, 758),
(4251, '1.00', '0.25', '0.00', '9.00', 0, 1554, 758),
(4252, '215.00', '205.00', '0.00', '1.00', 0, 1696, 758),
(4253, '33.00', '30.00', '1.00', '4.00', 0, 1201, 759),
(4254, '180.00', '160.00', '0.00', '3.00', 0, 88, 759),
(4255, '162.00', '148.00', '2.00', '4.00', 1, 1366, 759),
(4256, '170.00', '125.00', '0.00', '1.00', 0, 1533, 759),
(4257, '56.00', '31.00', '0.00', '0.50', 0, 109, 759),
(4258, '53.00', '31.00', '0.00', '0.50', 0, 113, 759),
(4259, '60.00', '37.00', '0.00', '0.50', 0, 111, 759),
(4260, '215.00', '205.00', '0.00', '1.00', 0, 1696, 759),
(4261, '170.00', '125.00', '0.00', '1.00', 0, 1533, 760),
(4262, '67.00', '50.25', '0.00', '1.00', 1, 1720, 760),
(4263, '56.00', '31.00', '0.00', '0.50', 0, 109, 760),
(4264, '254.00', '235.00', '2.00', '2.00', 0, 89, 760),
(4265, '162.00', '148.00', '0.00', '5.00', 1, 1366, 760),
(4266, '120.00', '100.00', '0.00', '1.00', 0, 1365, 760),
(4267, '165.00', '140.00', '0.00', '1.00', 0, 1450, 760),
(4268, '2050.00', '1100.00', '0.00', '1.00', 1, 1116, 761),
(4269, '130.00', '120.00', '5.00', '20.00', 0, 119, 761),
(4270, '48.00', '38.00', '5.00', '40.00', 1, 125, 761),
(4271, '68.00', '60.00', '1.25', '3.00', 0, 1355, 761),
(4272, '50.00', '40.00', '2.00', '15.00', 0, 1374, 762),
(4273, '42.00', '32.00', '2.00', '10.00', 0, 1359, 762),
(4274, '170.00', '125.00', '0.00', '4.00', 0, 1533, 762),
(4275, '130.00', '120.00', '3.00', '1.00', 0, 119, 762),
(4276, '48.00', '38.00', '6.00', '5.00', 1, 125, 762),
(4277, '56.00', '31.00', '0.00', '0.75', 0, 112, 762),
(4278, '51.00', '27.00', '0.00', '1.00', 0, 108, 762),
(4279, '99.00', '74.25', '0.00', '1.00', 0, 1147, 762),
(4280, '161.00', '136.00', '1.00', '1.00', 0, 47, 762),
(4281, '24.00', '8.40', '0.00', '1.00', 0, 305, 762),
(4282, '60.00', '51.00', '0.00', '2.00', 0, 578, 762),
(4283, '37.00', '30.00', '0.00', '1.00', 1, 1743, 762),
(4284, '18.00', '11.00', '0.00', '1.00', 0, 289, 762),
(4285, '617.00', '550.00', '0.00', '1.00', 0, 875, 763),
(4286, '583.00', '550.00', '0.00', '1.00', 0, 736, 763),
(4287, '342.00', '310.00', '0.00', '1.00', 0, 732, 763),
(4288, '60.00', '45.00', '0.00', '2.00', 0, 1556, 763),
(4289, '75.00', '65.00', '0.00', '1.00', 0, 1500, 763),
(4290, '315.00', '300.00', '0.00', '1.00', 0, 445, 763),
(4291, '100.00', '85.00', '0.00', '1.00', 0, 627, 763),
(4292, '105.00', '90.00', '0.00', '2.00', 1, 1255, 763),
(4293, '70.00', '52.50', '0.00', '2.00', 0, 1082, 763),
(4294, '690.00', '624.00', '0.00', '1.00', 0, 1208, 763),
(4295, '165.00', '142.00', '0.00', '1.00', 0, 1225, 763),
(4296, '65.00', '60.00', '0.00', '2.00', 0, 403, 763),
(4297, '120.00', '100.00', '0.00', '0.50', 0, 1365, 763),
(4298, '56.00', '31.00', '0.00', '0.50', 0, 109, 763),
(4299, '56.00', '31.00', '0.00', '1.00', 0, 112, 763),
(4300, '53.00', '31.00', '0.00', '0.50', 0, 113, 763),
(4301, '13.00', '9.00', '1.00', '1.00', 0, 650, 763),
(4302, '3.00', '1.00', '0.00', '2.00', 0, 772, 763),
(4303, '218.00', '210.00', '0.00', '7.00', 0, 107, 764),
(4304, '1500.00', '550.00', '0.00', '1.00', 1, 1113, 765),
(4305, '220.00', '205.00', '0.00', '3.00', 0, 1696, 765),
(4306, '50.00', '38.00', '0.00', '3.00', 1, 125, 765),
(4307, '68.00', '60.00', '0.00', '0.25', 0, 1355, 765),
(4308, '180.00', '160.00', '0.00', '1.00', 0, 88, 765),
(4309, '9.00', '6.00', '0.25', '30.00', 0, 1479, 765),
(4310, '21.00', '15.50', '0.00', '1.00', 0, 558, 765),
(4311, '170.00', '125.00', '0.00', '1.00', 0, 1533, 765),
(4312, '24.00', '18.00', '0.00', '1.00', 0, 1704, 765),
(4313, '15.00', '10.00', '0.00', '4.00', 0, 1638, 765),
(4314, '50.00', '40.00', '0.00', '8.00', 0, 1374, 766),
(4315, '42.00', '32.00', '0.00', '4.00', 0, 1359, 766),
(4316, '199.00', '185.00', '0.00', '10.00', 1, 81, 766),
(4317, '155.00', '144.00', '0.00', '1.00', 0, 1575, 766),
(4318, '53.00', '31.00', '0.00', '0.50', 0, 113, 766),
(4319, '51.00', '27.00', '1.00', '1.50', 0, 108, 766),
(4320, '75.00', '60.00', '0.00', '0.50', 0, 115, 766),
(4321, '40.00', '30.00', '0.00', '1.00', 0, 1593, 766),
(4322, '218.00', '210.00', '0.00', '3.00', 0, 107, 767),
(4323, '7.00', '5.00', '0.00', '15.00', 0, 64, 767),
(4324, '48.00', '38.00', '0.00', '1.00', 1, 125, 767),
(4325, '68.00', '60.00', '0.00', '0.50', 0, 1355, 767),
(4326, '55.00', '33.00', '0.00', '12.00', 0, 1590, 767),
(4327, '56.00', '31.00', '0.00', '1.00', 0, 109, 767),
(4328, '56.00', '31.00', '0.00', '0.50', 0, 112, 767),
(4329, '24.00', '10.00', '0.00', '1.00', 0, 1388, 767),
(4330, '19.00', '12.00', '2.00', '3.00', 0, 486, 767),
(4331, '2.00', '1.00', '0.00', '1.00', 1, 1445, 767),
(4332, '158.00', '144.00', '0.00', '4.00', 0, 85, 767),
(4333, '17.00', '11.17', '0.00', '3.00', 0, 1178, 767),
(4334, '35.00', '20.00', '0.00', '1.00', 0, 612, 767),
(4335, '65.00', '30.00', '0.00', '3.00', 1, 1452, 767),
(4336, '18.00', '10.00', '0.00', '2.00', 0, 571, 767),
(4337, '11.00', '1.00', '0.00', '1.00', 0, 591, 768),
(4338, '2.00', '0.25', '0.00', '10.00', 0, 1802, 768),
(4339, '258.00', '228.00', '8.00', '1.00', 1, 1762, 768),
(4340, '477.00', '385.00', '7.00', '1.00', 0, 1210, 768),
(4341, '55.00', '33.00', '3.00', '4.00', 0, 1590, 768),
(4342, '47.00', '36.00', '0.00', '1.00', 0, 256, 768),
(4343, '56.00', '31.00', '0.00', '0.50', 0, 109, 768),
(4344, '53.00', '31.00', '0.00', '0.50', 0, 113, 768),
(4345, '51.00', '27.00', '0.00', '1.00', 0, 108, 768),
(4346, '33.00', '30.00', '1.00', '15.00', 0, 1201, 768),
(4347, '215.00', '205.00', '0.00', '3.00', 0, 1696, 769),
(4348, '199.00', '185.00', '2.00', '8.00', 1, 81, 769),
(4349, '162.00', '148.00', '2.00', '9.00', 1, 1366, 769),
(4350, '55.00', '33.00', '0.00', '1.00', 0, 1590, 769),
(4351, '120.00', '100.00', '0.00', '0.50', 0, 1365, 769),
(4352, '58.00', '33.00', '0.00', '0.50', 0, 110, 769),
(4353, '75.00', '60.00', '0.00', '0.50', 0, 115, 769),
(4354, '7.00', '5.00', '0.00', '50.00', 0, 64, 769),
(4355, '315.00', '290.00', '0.00', '17.00', 0, 93, 770),
(4356, '52.00', '40.00', '0.00', '20.00', 0, 1374, 770),
(4357, '60.00', '37.00', '0.00', '2.00', 0, 111, 770),
(4358, '56.00', '31.00', '0.00', '4.00', 0, 112, 770),
(4359, '51.00', '27.00', '0.00', '3.00', 0, 108, 770),
(4360, '100.00', '69.00', '0.00', '2.00', 0, 121, 770),
(4361, '47.00', '36.00', '0.00', '1.00', 0, 256, 770),
(4362, '35.00', '26.25', '0.00', '3.00', 0, 1144, 770),
(4363, '69.33', '51.00', '0.00', '15.00', 0, 1351, 770),
(4364, '60.00', '38.00', '2.00', '5.00', 0, 1393, 771),
(4365, '33.00', '30.00', '0.00', '1.00', 0, 1201, 771),
(4366, '8.00', '5.00', '0.00', '2.00', 1, 1403, 771),
(4367, '48.00', '36.45', '0.00', '1.00', 0, 164, 771),
(4368, '7.00', '5.00', '0.00', '25.00', 0, 64, 771),
(4369, '218.00', '210.00', '0.00', '1.00', 0, 107, 771),
(4370, '199.00', '185.00', '0.00', '6.00', 1, 81, 771),
(4371, '215.00', '205.00', '0.00', '3.00', 0, 1696, 771),
(4372, '42.00', '32.00', '0.00', '13.00', 0, 1359, 771),
(4373, '155.00', '144.00', '0.00', '1.00', 0, 1576, 771),
(4374, '75.00', '60.00', '0.00', '0.50', 0, 115, 771),
(4375, '68.00', '60.00', '0.00', '0.50', 0, 1355, 771),
(4376, '33.00', '30.00', '1.00', '15.00', 0, 1201, 772),
(4377, '130.00', '120.00', '3.00', '5.00', 0, 119, 772),
(4378, '180.00', '160.00', '0.00', '2.00', 0, 88, 772),
(4379, '60.00', '37.00', '0.00', '0.50', 0, 111, 772),
(4380, '53.00', '31.00', '0.00', '0.50', 0, 113, 772),
(4381, '51.00', '27.00', '0.00', '0.50', 0, 108, 772),
(4382, '100.00', '69.00', '0.00', '0.25', 0, 1510, 772),
(4383, '75.00', '60.00', '0.00', '1.00', 0, 710, 772),
(4384, '1300.00', '550.00', '50.00', '1.00', 1, 1113, 772),
(4385, '215.00', '205.00', '3.00', '25.00', 0, 1696, 772),
(4386, '222.00', '190.00', '2.00', '25.00', 0, 731, 773),
(4387, '342.00', '310.00', '12.00', '8.00', 0, 732, 773),
(4388, '558.00', '500.00', '28.00', '3.00', 0, 872, 773),
(4389, '324.00', '300.00', '0.00', '1.00', 0, 868, 773),
(4390, '550.00', '425.00', '0.00', '3.00', 0, 885, 773),
(4391, '145.00', '121.00', '0.00', '5.00', 0, 841, 773),
(4392, '218.00', '210.00', '0.00', '1.00', 0, 107, 774),
(4393, '158.00', '144.00', '2.00', '4.00', 0, 85, 774),
(4394, '178.00', '158.00', '0.00', '1.00', 1, 1265, 774),
(4395, '3.00', '2.00', '1.00', '20.00', 0, 568, 774),
(4396, '299.75', '260.07', '0.00', '1.00', 0, 1728, 774),
(4397, '23.00', '10.00', '0.00', '2.00', 0, 1388, 774),
(4398, '83.00', '63.50', '0.00', '30.00', 0, 1353, 774),
(4399, '52.50', '42.50', '0.00', '1.00', 0, 320, 774),
(4400, '7.00', '5.00', '0.00', '25.00', 0, 64, 775),
(4401, '218.00', '210.00', '0.00', '1.00', 0, 107, 775),
(4402, '55.00', '33.00', '0.00', '2.00', 0, 1590, 775),
(4403, '1300.00', '450.00', '0.00', '1.00', 1, 1115, 776),
(4404, '215.00', '205.00', '0.00', '8.00', 0, 1696, 776),
(4405, '66.00', '50.00', '0.00', '1.00', 0, 1012, 776),
(4406, '150.00', '130.00', '6.00', '12.00', 0, 1422, 777),
(4407, '93.75', '83.00', '0.00', '1.00', 0, 1432, 777),
(4408, '50.00', '40.00', '0.00', '3.00', 0, 1374, 777),
(4409, '170.00', '125.00', '0.00', '1.00', 0, 1533, 777),
(4410, '60.00', '37.00', '0.00', '0.25', 0, 111, 777),
(4411, '58.00', '33.00', '0.00', '0.50', 0, 110, 777),
(4412, '56.00', '31.00', '0.00', '0.50', 0, 109, 777),
(4413, '53.00', '31.00', '0.00', '0.50', 0, 113, 777),
(4414, '254.00', '235.00', '0.00', '1.00', 0, 89, 777),
(4415, '55.00', '33.00', '0.00', '2.00', 0, 1590, 777),
(4416, '676.00', '577.00', '6.00', '2.00', 0, 1215, 777),
(4417, '665.00', '585.00', '5.00', '1.00', 0, 1212, 777),
(4418, '170.00', '142.00', '0.00', '1.00', 1, 1226, 777),
(4419, '134.00', '101.00', '0.00', '1.00', 1, 1252, 777),
(4420, '558.00', '500.00', '53.00', '1.00', 0, 872, 777),
(4421, '32.00', '10.00', '0.00', '5.00', 0, 62, 778),
(4422, '23.00', '10.00', '0.00', '1.00', 0, 1388, 778),
(4423, '25.00', '17.25', '0.00', '1.00', 1, 1326, 778),
(4424, '98.00', '81.90', '0.00', '1.00', 0, 1625, 778),
(4425, '45.00', '33.75', '0.00', '1.00', 0, 1293, 778),
(4426, '60.00', '45.00', '0.00', '1.00', 0, 1698, 778),
(4427, '11.00', '1.00', '0.00', '1.00', 0, 591, 778),
(4428, '33.00', '28.00', '0.00', '2.00', 0, 1636, 778),
(4429, '8.00', '5.00', '0.00', '3.00', 0, 943, 778),
(4430, '130.00', '118.00', '5.00', '1.00', 1, 1340, 778),
(4431, '60.00', '37.00', '0.00', '0.50', 0, 111, 778),
(4432, '58.00', '33.00', '0.00', '0.25', 0, 110, 778),
(4433, '56.00', '31.00', '1.00', '0.45', 0, 112, 778),
(4434, '225.00', '218.00', '0.00', '10.00', 0, 101, 779),
(4435, '50.00', '43.50', '0.00', '1.00', 0, 357, 780),
(4436, '180.00', '160.00', '0.00', '2.00', 0, 88, 780),
(4437, '130.00', '120.00', '0.00', '10.00', 0, 119, 780),
(4438, '48.00', '38.00', '0.00', '10.00', 1, 125, 780),
(4439, '63.00', '41.00', '0.00', '1.00', 0, 330, 780),
(4440, '60.00', '37.00', '0.00', '0.50', 0, 111, 780),
(4441, '290.00', '270.00', '0.00', '1.00', 1, 1440, 780),
(4442, '110.00', '93.00', '0.00', '1.00', 0, 1715, 780),
(4443, '11.00', '8.25', '0.00', '1.00', 0, 1297, 780),
(4444, '35.00', '26.25', '0.00', '1.00', 0, 1292, 780),
(4445, '226.00', '218.00', '0.00', '20.00', 0, 101, 781),
(4446, '93.75', '83.00', '0.00', '1.00', 0, 1432, 782),
(4447, '42.00', '32.00', '0.00', '1.00', 0, 1359, 782),
(4448, '170.00', '125.00', '0.00', '2.00', 0, 1533, 782),
(4449, '155.00', '140.00', '2.00', '1.00', 0, 1617, 782),
(4450, '58.00', '33.00', '0.00', '0.50', 0, 110, 782),
(4451, '56.00', '31.00', '0.00', '0.50', 0, 109, 782),
(4452, '56.00', '31.00', '0.00', '0.50', 0, 112, 782),
(4453, '53.00', '31.00', '0.00', '0.50', 0, 113, 782),
(4454, '100.00', '85.00', '4.00', '3.00', 1, 1417, 782),
(4455, '75.00', '65.00', '3.00', '2.00', 0, 1373, 782),
(4456, '575.00', '548.00', '0.00', '1.00', 0, 1803, 783),
(4457, '162.00', '148.00', '0.00', '5.00', 1, 1366, 783),
(4458, '199.00', '185.00', '0.00', '5.00', 1, 81, 783),
(4459, '170.00', '125.00', '0.00', '1.00', 0, 1533, 783),
(4460, '47.50', '37.50', '0.00', '1.00', 0, 322, 783),
(4461, '282.00', '267.00', '0.00', '1.00', 0, 90, 783),
(4462, '72.00', '45.50', '0.00', '1.00', 0, 557, 783),
(4463, '150.00', '130.00', '25.00', '1.00', 0, 1422, 784),
(4464, '215.00', '205.00', '0.00', '1.00', 0, 1696, 784),
(4465, '53.00', '31.00', '0.00', '2.00', 0, 113, 784),
(4466, '51.00', '27.00', '0.00', '3.00', 0, 108, 784),
(4467, '215.00', '205.00', '0.00', '10.00', 0, 1696, 785),
(4468, '215.00', '205.00', '0.00', '5.00', 0, 1696, 786),
(4469, '17.00', '11.17', '0.00', '5.00', 0, 1178, 787),
(4470, '16.00', '12.00', '0.00', '1.00', 0, 1294, 787),
(4471, '55.00', '30.00', '0.00', '1.00', 0, 1285, 787),
(4472, '72.00', '55.40', '7.00', '10.00', 0, 1622, 788),
(4473, '155.00', '144.00', '5.00', '2.00', 0, 103, 789),
(4474, '60.00', '45.00', '0.00', '1.00', 0, 1556, 789),
(4475, '125.00', '100.00', '0.00', '1.00', 0, 255, 789),
(4476, '75.00', '60.00', '0.00', '2.00', 0, 115, 789),
(4477, '53.00', '31.00', '0.00', '2.00', 0, 113, 789),
(4478, '51.00', '27.00', '0.00', '4.00', 0, 108, 789),
(4479, '56.00', '31.00', '0.00', '0.25', 0, 109, 789),
(4480, '25.00', '12.00', '0.00', '1.00', 0, 922, 789),
(4481, '199.00', '185.00', '5.00', '2.00', 1, 81, 789),
(4482, '1300.00', '550.00', '0.00', '1.00', 1, 1114, 790),
(4483, '225.00', '218.00', '0.00', '10.00', 0, 101, 790),
(4484, '130.00', '120.00', '5.00', '50.00', 0, 119, 790),
(4485, '68.00', '60.00', '0.00', '5.00', 0, 1355, 790),
(4486, '215.00', '205.00', '0.00', '15.00', 0, 1696, 791),
(4487, '130.00', '120.00', '0.00', '3.00', 0, 119, 791),
(4488, '56.00', '31.00', '0.00', '2.00', 0, 112, 792),
(4489, '58.00', '33.00', '0.00', '1.00', 0, 110, 792),
(4490, '53.00', '31.00', '0.00', '1.00', 0, 113, 792),
(4491, '42.00', '32.00', '0.00', '60.00', 0, 1359, 792),
(4492, '8.00', '3.00', '0.00', '6.00', 0, 1413, 792),
(4493, '215.00', '205.00', '0.00', '15.00', 0, 1696, 793),
(4494, '1300.00', '450.00', '100.00', '1.00', 1, 1115, 793),
(4495, '550.00', '500.00', '50.00', '1.00', 1, 1451, 793),
(4496, '1300.00', '450.00', '0.00', '1.00', 1, 1115, 794),
(4497, '600.00', '450.00', '50.00', '1.00', 0, 594, 795),
(4498, '8.00', '5.00', '0.00', '2.00', 1, 1403, 795),
(4499, '215.00', '205.00', '0.00', '4.00', 0, 1696, 796),
(4500, '320.00', '240.00', '20.00', '1.00', 0, 1141, 796),
(4501, '215.00', '205.00', '0.00', '15.00', 0, 1696, 797),
(4502, '130.00', '120.00', '0.00', '3.00', 0, 119, 797),
(4503, '40.00', '29.00', '6.00', '1.00', 0, 645, 797),
(4504, '62.50', '47.50', '0.00', '4.00', 0, 1354, 798),
(4505, '56.00', '31.00', '0.00', '0.50', 0, 109, 798),
(4506, '218.00', '210.00', '0.00', '1.00', 0, 107, 798),
(4507, '225.00', '218.00', '0.00', '10.00', 0, 101, 799),
(4508, '218.00', '210.00', '0.00', '16.00', 0, 107, 800),
(4509, '170.00', '125.00', '0.00', '1.00', 0, 1533, 800),
(4510, '33.00', '30.00', '0.00', '2.00', 0, 1201, 800),
(4511, '95.00', '80.00', '0.00', '1.00', 0, 708, 800),
(4512, '56.00', '31.00', '0.00', '0.50', 0, 109, 800),
(4513, '68.00', '60.00', '0.00', '0.25', 0, 1355, 800),
(4514, '240.00', '200.00', '0.00', '1.00', 1, 1805, 801),
(4515, '29.00', '21.00', '0.00', '3.00', 1, 1804, 801),
(4516, '10.00', '5.00', '0.00', '5.00', 0, 944, 801),
(4517, '42.00', '32.00', '0.00', '6.00', 0, 1359, 801),
(4518, '215.00', '205.00', '0.00', '5.00', 0, 1696, 801),
(4519, '72.00', '45.50', '0.00', '1.00', 0, 557, 802),
(4520, '150.00', '130.00', '0.00', '3.00', 0, 1422, 802),
(4521, '56.00', '31.00', '0.00', '1.00', 0, 109, 802),
(4522, '49.00', '33.00', '0.00', '1.00', 0, 1449, 802),
(4523, '140.00', '105.00', '0.00', '1.00', 0, 1121, 802),
(4524, '68.00', '60.00', '0.00', '1.00', 0, 1355, 803),
(4525, '89.00', '79.00', '0.00', '2.00', 0, 739, 803),
(4526, '207.00', '180.00', '0.00', '1.00', 1, 1381, 803),
(4527, '33.00', '30.00', '0.00', '2.00', 0, 1201, 803),
(4528, '38.00', '28.00', '0.00', '1.00', 1, 1726, 804),
(4529, '1650.00', '1250.00', '250.00', '1.00', 1, 1552, 805),
(4530, '30.00', '15.00', '0.00', '1.00', 0, 611, 806),
(4531, '2.00', '1.00', '0.00', '4.00', 1, 1445, 806),
(4532, '53.00', '31.00', '0.00', '0.50', 0, 113, 806),
(4533, '51.00', '27.00', '0.00', '0.50', 0, 108, 806),
(4534, '50.00', '38.00', '0.00', '1.00', 0, 1202, 806),
(4535, '33.00', '30.00', '1.00', '20.00', 0, 1201, 806),
(4536, '215.00', '205.00', '0.00', '3.00', 0, 1696, 807),
(4537, '51.00', '27.00', '0.00', '0.25', 0, 108, 808),
(4538, '53.00', '31.00', '0.00', '0.50', 0, 113, 808),
(4539, '7.00', '5.00', '0.00', '15.00', 0, 64, 808),
(4540, '65.00', '50.40', '0.00', '1.00', 0, 291, 808),
(4541, '65.00', '40.00', '5.00', '1.00', 1, 1329, 808),
(4542, '59.00', '53.00', '0.00', '1.00', 0, 1549, 808),
(4543, '53.00', '31.00', '0.00', '1.00', 0, 113, 809),
(4544, '240.00', '224.00', '2.00', '2.00', 0, 78, 810),
(4545, '33.00', '30.00', '0.00', '4.00', 0, 1201, 811),
(4546, '75.00', '57.00', '0.00', '3.00', 0, 1768, 812),
(4547, '75.00', '65.00', '0.00', '3.00', 0, 1373, 812),
(4548, '62.50', '47.50', '2.50', '3.00', 0, 1354, 812),
(4549, '50.00', '38.00', '2.00', '3.00', 0, 1202, 812),
(4550, '33.00', '30.00', '1.00', '8.00', 0, 1201, 812),
(4551, '51.00', '27.00', '0.00', '0.50', 0, 108, 812),
(4552, '42.00', '32.00', '0.00', '10.00', 0, 1359, 813),
(4553, '55.00', '33.00', '2.00', '4.00', 0, 1590, 813),
(4554, '53.00', '31.00', '0.00', '0.50', 0, 113, 813),
(4555, '51.00', '27.00', '0.00', '0.50', 0, 108, 813),
(4556, '33.00', '30.00', '1.00', '5.00', 0, 1201, 814),
(4557, '50.00', '40.00', '2.00', '1.00', 0, 1374, 814),
(4558, '62.50', '47.50', '0.00', '10.00', 0, 1354, 815),
(4559, '51.00', '27.00', '0.00', '1.00', 0, 108, 815),
(4560, '62.50', '47.50', '0.00', '20.00', 0, 1354, 816),
(4561, '51.00', '27.00', '0.00', '2.00', 0, 108, 816),
(4562, '33.00', '30.00', '1.00', '8.00', 0, 1201, 817),
(4563, '210.00', '180.00', '0.00', '1.00', 1, 1809, 818),
(4564, '53.00', '31.00', '0.00', '0.50', 0, 113, 818),
(4565, '56.00', '31.00', '0.00', '0.50', 0, 112, 818),
(4566, '58.00', '33.00', '0.00', '0.50', 0, 110, 818),
(4567, '90.00', '67.50', '0.00', '1.00', 1, 1808, 818),
(4568, '8.00', '5.00', '0.00', '80.00', 1, 1403, 818),
(4569, '99.00', '74.25', '0.00', '1.00', 0, 1147, 819),
(4570, '18.00', '11.00', '0.00', '2.00', 0, 285, 820),
(4571, '15.00', '5.00', '0.00', '1.00', 0, 808, 820),
(4572, '215.00', '205.00', '0.00', '20.00', 0, 1696, 821),
(4573, '215.00', '205.00', '0.00', '20.00', 0, 1696, 822),
(4574, '34.00', '11.00', '0.00', '2.00', 0, 306, 823),
(4575, '1250.00', '1050.00', '0.00', '2.00', 0, 908, 823),
(4576, '39.00', '30.00', '0.00', '2.00', 0, 1660, 823),
(4577, '259.00', '220.00', '5.00', '10.00', 0, 743, 823),
(4578, '42.00', '32.00', '0.00', '15.00', 0, 1359, 823),
(4579, '37.00', '25.00', '0.00', '1.00', 0, 162, 823),
(4580, '170.00', '125.00', '0.00', '1.00', 0, 1533, 823),
(4581, '145.00', '121.00', '0.00', '2.00', 0, 841, 823),
(4582, '154.00', '144.00', '0.00', '1.00', 0, 85, 823),
(4583, '60.00', '37.00', '0.00', '1.00', 0, 111, 823),
(4584, '56.00', '31.00', '0.00', '1.00', 0, 109, 823),
(4585, '75.00', '60.00', '0.00', '1.00', 0, 115, 823),
(4586, '7.00', '5.00', '0.00', '500.00', 0, 64, 824),
(4587, '282.00', '267.00', '0.00', '6.00', 0, 90, 825),
(4588, '600.00', '575.00', '0.00', '1.00', 0, 94, 825),
(4589, '95.00', '80.00', '0.00', '10.00', 0, 708, 825),
(4590, '158.00', '142.20', '0.00', '10.00', 0, 1676, 825),
(4591, '69.00', '41.40', '2.00', '4.00', 0, 1689, 825),
(4592, '190.00', '160.00', '0.00', '1.00', 0, 962, 825),
(4593, '280.00', '248.00', '0.00', '2.00', 0, 531, 825),
(4594, '556.00', '501.00', '0.00', '1.00', 0, 34, 825),
(4595, '475.00', '459.50', '5.00', '1.00', 0, 1673, 825),
(4596, '76.00', '58.00', '0.00', '1.00', 0, 1643, 825),
(4597, '28.00', '20.00', '0.00', '265.00', 0, 1801, 826),
(4598, '1300.00', '450.00', '0.00', '1.00', 1, 1115, 827),
(4599, '218.00', '210.00', '0.00', '10.00', 0, 107, 827),
(4600, '215.00', '205.00', '0.00', '8.00', 0, 1696, 827),
(4601, '162.00', '148.00', '2.00', '10.00', 1, 1366, 827),
(4602, '154.00', '144.00', '0.00', '4.00', 0, 85, 827),
(4603, '185.00', '172.00', '0.00', '2.00', 0, 118, 827),
(4604, '700.00', '550.00', '50.00', '1.00', 0, 592, 827),
(4605, '355.00', '330.00', '0.00', '7.00', 1, 1397, 827),
(4606, '282.00', '267.00', '2.00', '1.00', 0, 90, 827),
(4607, '100.00', '120.00', '0.00', '8.00', 0, 896, 827),
(4608, '180.00', '160.00', '0.00', '1.00', 0, 88, 827),
(4609, '45.00', '28.00', '2.00', '3.00', 0, 560, 827),
(4610, '275.00', '250.00', '0.00', '1.00', 0, 762, 827),
(4611, '105.00', '90.00', '0.00', '1.00', 0, 434, 827),
(4612, '60.00', '37.00', '0.00', '0.50', 0, 111, 827),
(4613, '105.00', '81.25', '0.00', '1.00', 0, 114, 827),
(4614, '337.00', '315.00', '0.00', '10.00', 0, 123, 828),
(4615, '190.00', '172.00', '0.00', '7.00', 0, 118, 828),
(4616, '135.00', '120.00', '0.00', '10.00', 0, 119, 828),
(4617, '1640.00', '1250.00', '0.00', '1.00', 1, 1552, 828),
(4618, '610.00', '575.00', '0.00', '10.00', 0, 94, 828),
(4619, '52.00', '38.00', '0.00', '30.00', 0, 1202, 828),
(4620, '58.00', '33.00', '0.00', '2.00', 0, 110, 828),
(4621, '53.00', '31.00', '0.00', '5.00', 0, 113, 828),
(4622, '100.00', '69.00', '0.00', '1.00', 0, 1510, 828),
(4623, '1000.00', '800.00', '0.00', '1.00', 0, 1810, 828),
(4624, '154.00', '144.00', '0.00', '2.00', 0, 85, 829),
(4625, '75.00', '60.00', '0.00', '0.25', 0, 115, 829),
(4626, '53.00', '31.00', '0.00', '0.25', 0, 113, 829),
(4627, '52.50', '42.50', '0.00', '2.00', 0, 320, 830),
(4628, '23.00', '15.00', '0.00', '1.00', 0, 814, 830),
(4629, '50.00', '30.75', '0.00', '1.00', 1, 1342, 830),
(4630, '58.00', '33.00', '0.00', '0.50', 0, 110, 830),
(4631, '3.00', '1.00', '0.00', '5.00', 0, 939, 830),
(4632, '66.00', '50.00', '0.00', '1.00', 0, 1011, 830),
(4633, '60.00', '37.00', '0.00', '1.00', 0, 111, 831),
(4634, '56.00', '31.00', '0.00', '1.00', 0, 109, 831),
(4635, '20.00', '15.00', '0.00', '1.00', 0, 1105, 831),
(4636, '218.00', '210.00', '0.00', '1.00', 0, 107, 831),
(4637, '165.00', '140.00', '0.00', '1.00', 0, 1450, 831),
(4638, '52.00', '38.00', '2.00', '3.00', 0, 1202, 832),
(4639, '53.00', '31.00', '0.00', '0.25', 0, 113, 832),
(4640, '410.00', '380.00', '0.00', '1.00', 0, 99, 833),
(4641, '600.00', '575.00', '0.00', '2.00', 0, 94, 833);
INSERT INTO `order_details` (`od_id`, `od_selling_price`, `od_purchase_price`, `od_discount`, `od_qty`, `od_vat`, `i_id`, `o_id`) VALUES
(4642, '125.00', '100.00', '0.00', '1.00', 0, 255, 833),
(4643, '17.00', '11.17', '0.00', '1.00', 0, 1178, 833),
(4644, '120.00', '90.00', '0.00', '1.00', 0, 1088, 833),
(4645, '16.00', '12.00', '0.00', '1.00', 0, 1294, 833),
(4646, '65.00', '48.75', '0.00', '1.00', 0, 1287, 833),
(4647, '20.00', '15.00', '0.00', '1.00', 0, 1142, 833),
(4648, '35.00', '26.25', '0.00', '1.00', 0, 1292, 833),
(4649, '95.00', '71.25', '0.00', '1.00', 0, 1118, 833),
(4650, '52.00', '32.00', '0.00', '5.00', 0, 552, 834),
(4651, '53.00', '31.00', '0.00', '2.00', 0, 113, 834),
(4652, '51.00', '27.00', '0.00', '2.00', 0, 108, 834),
(4653, '223.00', '210.00', '0.00', '40.00', 0, 107, 834),
(4654, '17.00', '11.17', '0.00', '1.00', 0, 1178, 835),
(4655, '58.00', '33.00', '0.00', '1.00', 0, 110, 835),
(4656, '53.00', '31.00', '0.00', '0.50', 0, 113, 835),
(4657, '218.00', '210.00', '0.00', '15.00', 0, 107, 836),
(4658, '530.00', '479.75', '0.00', '1.00', 0, 1772, 837),
(4659, '218.00', '210.00', '0.00', '6.00', 0, 107, 838),
(4660, '62.50', '47.50', '0.00', '3.00', 0, 1354, 839),
(4661, '51.00', '27.00', '0.00', '1.00', 0, 108, 839),
(4662, '28.00', '15.75', '0.00', '1.00', 0, 587, 840),
(4663, '50.00', '16.10', '0.00', '1.00', 0, 573, 840),
(4664, '72.00', '66.50', '0.00', '1.00', 0, 300, 841),
(4665, '40.00', '30.00', '0.00', '1.00', 0, 308, 841),
(4666, '47.00', '38.00', '0.00', '2.00', 0, 286, 841),
(4667, '310.00', '290.00', '0.00', '8.00', 0, 93, 842),
(4668, '215.00', '205.00', '3.00', '4.00', 0, 1696, 843),
(4669, '33.00', '30.00', '0.00', '10.00', 0, 1201, 844),
(4670, '53.00', '31.00', '0.00', '0.50', 0, 113, 844),
(4671, '51.00', '27.00', '0.00', '2.00', 0, 108, 844),
(4672, '51.00', '27.00', '0.00', '2.00', 0, 108, 845),
(4673, '6.00', '3.00', '0.00', '2.00', 0, 1789, 845),
(4674, '36.00', '24.00', '0.00', '1.00', 0, 296, 845),
(4675, '14.00', '9.00', '0.00', '1.00', 0, 325, 845),
(4676, '88.00', '66.00', '0.00', '2.00', 1, 1634, 846),
(4677, '58.00', '33.00', '0.00', '2.00', 0, 110, 846),
(4678, '38.00', '28.00', '0.00', '1.00', 1, 1726, 846),
(4679, '195.00', '136.50', '0.00', '1.00', 0, 586, 846),
(4680, '11.00', '1.00', '0.00', '1.00', 0, 591, 846),
(4681, '75.00', '65.00', '0.00', '1.00', 0, 1500, 846),
(4682, '14.00', '9.00', '0.00', '1.00', 0, 325, 846),
(4683, '15.00', '8.40', '0.00', '1.00', 0, 484, 846),
(4684, '7.00', '5.00', '0.00', '1.00', 0, 64, 847),
(4685, '218.00', '210.00', '0.00', '6.00', 0, 107, 847),
(4686, '64.00', '43.20', '0.00', '1.00', 0, 290, 847),
(4687, '75.00', '65.00', '0.00', '1.00', 0, 1500, 847),
(4688, '14.00', '9.00', '0.00', '1.00', 0, 325, 847),
(4689, '15.00', '8.40', '0.00', '1.00', 0, 484, 847),
(4690, '14.00', '9.00', '0.00', '2.00', 0, 325, 848),
(4691, '14.00', '5.90', '0.00', '1.00', 0, 327, 848),
(4692, '135.00', '120.00', '0.00', '1.00', 0, 719, 848),
(4693, '16.00', '9.60', '0.00', '1.00', 0, 328, 848),
(4694, '99.00', '74.25', '0.00', '1.00', 0, 1146, 849),
(4695, '160.00', '120.00', '0.00', '2.00', 1, 1309, 849),
(4696, '45.00', '33.00', '0.00', '1.00', 1, 1339, 849),
(4697, '65.00', '60.00', '0.00', '2.00', 0, 403, 849),
(4698, '42.00', '35.00', '0.00', '1.00', 1, 1811, 850),
(4699, '56.00', '31.00', '0.00', '0.25', 0, 109, 851),
(4700, '56.00', '31.00', '0.00', '0.50', 0, 112, 851),
(4701, '7.00', '5.00', '0.00', '500.00', 0, 64, 852),
(4702, '7.00', '5.00', '0.00', '290.00', 0, 64, 853),
(4703, '20.00', '15.00', '0.00', '50.00', 0, 978, 854),
(4704, '190.00', '172.00', '0.00', '50.00', 0, 118, 855),
(4705, '60.00', '45.00', '0.00', '1.00', 0, 1556, 856),
(4706, '35.00', '26.25', '0.00', '1.00', 0, 1292, 856),
(4707, '42.00', '32.00', '0.00', '3.00', 0, 1359, 856),
(4708, '55.00', '33.00', '0.00', '2.00', 0, 1590, 856),
(4709, '215.00', '205.00', '0.00', '6.00', 0, 1696, 857),
(4710, '10.00', '7.00', '0.00', '2.00', 0, 564, 857),
(4711, '180.00', '160.00', '0.00', '3.00', 0, 88, 858),
(4712, '60.00', '37.00', '0.00', '0.50', 0, 111, 858),
(4713, '47.00', '36.00', '0.00', '2.00', 0, 256, 858),
(4714, '8.00', '5.00', '0.00', '1.00', 1, 1403, 858),
(4715, '240.00', '180.00', '0.00', '1.00', 1, 1492, 858),
(4716, '269.00', '201.75', '0.00', '1.00', 1, 1311, 858),
(4717, '60.00', '35.00', '0.00', '1.00', 0, 556, 858),
(4718, '12.00', '8.00', '0.00', '1.00', 0, 635, 858),
(4719, '7.00', '5.00', '0.00', '200.00', 0, 64, 859),
(4720, '218.00', '210.00', '0.00', '4.00', 0, 107, 859),
(4721, '65.00', '30.00', '0.00', '3.00', 1, 1452, 859),
(4722, '51.00', '27.00', '0.00', '1.00', 0, 108, 859),
(4723, '215.00', '205.00', '0.00', '6.00', 0, 1696, 860),
(4724, '130.00', '120.00', '0.00', '6.00', 0, 119, 860),
(4725, '89.00', '79.00', '0.00', '2.00', 0, 739, 860),
(4726, '135.00', '97.65', '0.00', '1.00', 1, 1274, 860),
(4727, '13.00', '8.50', '0.00', '1.00', 0, 360, 860),
(4728, '154.00', '144.00', '0.00', '1.00', 0, 85, 860),
(4729, '53.00', '31.00', '0.00', '0.50', 0, 113, 860),
(4730, '170.00', '125.00', '0.00', '1.00', 0, 1533, 860),
(4731, '134.00', '101.00', '0.00', '1.00', 1, 1252, 860),
(4732, '60.00', '51.00', '0.00', '1.00', 0, 578, 860),
(4733, '60.00', '37.00', '0.00', '1.00', 0, 150, 860),
(4734, '25.00', '20.00', '0.00', '1.00', 0, 318, 860),
(4735, '1050.00', '550.00', '0.00', '1.00', 1, 1113, 861),
(4736, '226.00', '218.00', '0.00', '4.00', 0, 101, 861),
(4737, '342.00', '310.00', '5.00', '1.00', 0, 732, 861),
(4738, '162.00', '128.70', '5.00', '3.00', 0, 126, 861),
(4739, '41.00', '36.00', '0.00', '2.00', 0, 483, 861),
(4740, '87.00', '65.00', '0.00', '1.50', 0, 664, 861),
(4741, '28.00', '20.00', '0.00', '1.00', 1, 1747, 861),
(4742, '15.00', '10.00', '0.00', '1.00', 0, 667, 861),
(4743, '11.00', '5.00', '0.00', '1.00', 0, 668, 861),
(4744, '45.00', '40.00', '0.00', '1.00', 0, 672, 861),
(4745, '144.00', '133.00', '4.00', '1.00', 0, 440, 861),
(4746, '14.00', '10.00', '0.00', '2.00', 0, 431, 861),
(4747, '14.00', '5.90', '0.00', '1.00', 0, 327, 861),
(4748, '40.00', '35.00', '0.00', '1.00', 0, 1424, 861),
(4749, '60.00', '53.00', '0.00', '1.00', 0, 346, 861),
(4750, '11.00', '5.00', '0.00', '30.00', 0, 945, 861),
(4751, '7.00', '5.00', '0.00', '200.00', 0, 64, 862),
(4752, '48.00', '38.00', '5.00', '19.00', 1, 125, 862),
(4753, '226.00', '218.00', '0.00', '8.00', 0, 101, 862),
(4754, '218.00', '210.00', '0.00', '10.00', 0, 107, 863),
(4755, '50.00', '43.50', '0.00', '1.00', 0, 357, 864),
(4756, '68.00', '60.00', '0.00', '0.25', 0, 1355, 864),
(4757, '53.00', '31.00', '0.00', '0.25', 0, 113, 864),
(4758, '51.00', '27.00', '0.00', '0.25', 0, 108, 864),
(4759, '72.00', '55.40', '0.00', '4.00', 0, 1622, 864),
(4760, '170.00', '125.00', '3.00', '3.00', 0, 1533, 864),
(4761, '60.00', '35.00', '0.00', '1.00', 0, 556, 864),
(4762, '12.00', '8.00', '0.00', '1.00', 0, 635, 864),
(4763, '33.00', '30.00', '0.00', '8.00', 0, 1201, 864),
(4764, '267.00', '252.00', '0.00', '2.00', 0, 106, 864),
(4765, '40.00', '35.00', '0.00', '2.00', 0, 1424, 864),
(4766, '150.00', '97.00', '0.00', '1.00', 0, 577, 864),
(4767, '15.00', '10.00', '0.00', '2.00', 0, 667, 864),
(4768, '8.00', '5.00', '0.00', '3.00', 1, 1403, 864),
(4769, '62.50', '47.50', '0.00', '2.00', 0, 1354, 864),
(4770, '60.00', '37.00', '0.00', '0.50', 0, 111, 864),
(4771, '56.00', '31.00', '0.00', '0.50', 0, 109, 864),
(4772, '195.00', '165.75', '0.00', '1.00', 0, 230, 864),
(4773, '35.00', '22.75', '0.00', '1.00', 0, 281, 865),
(4774, '49.00', '33.00', '0.00', '5.00', 0, 1449, 865),
(4775, '23.50', '26.00', '0.00', '1.00', 0, 356, 865),
(4776, '93.75', '83.00', '0.00', '1.00', 0, 1432, 865),
(4777, '83.00', '63.50', '0.00', '4.00', 0, 1353, 865),
(4778, '33.00', '30.00', '0.00', '4.00', 0, 1201, 865),
(4779, '51.00', '27.00', '0.00', '0.75', 0, 108, 865),
(4780, '53.00', '31.00', '0.00', '1.00', 0, 113, 865),
(4781, '175.00', '140.00', '0.00', '1.00', 0, 1491, 865),
(4782, '20.00', '15.00', '0.00', '50.00', 0, 978, 865),
(4783, '66.00', '50.00', '0.00', '1.00', 0, 1009, 865),
(4784, '180.00', '160.00', '0.00', '1.00', 0, 88, 865),
(4785, '83.00', '68.00', '0.00', '1.00', 0, 498, 865),
(4786, '5.00', '2.00', '0.00', '1.00', 0, 501, 865),
(4787, '70.00', '52.50', '0.00', '1.00', 0, 1082, 865),
(4788, '170.00', '125.00', '0.00', '2.00', 0, 1533, 865),
(4789, '56.00', '31.00', '0.00', '1.00', 0, 109, 865),
(4790, '215.00', '205.00', '0.00', '1.00', 0, 1696, 865),
(4791, '9.00', '3.00', '0.00', '1.00', 0, 1412, 866),
(4792, '15.00', '10.00', '0.00', '1.00', 0, 1411, 866),
(4793, '12.00', '7.00', '0.00', '1.00', 0, 1435, 866),
(4794, '33.00', '30.00', '0.00', '6.00', 0, 1201, 866),
(4795, '180.00', '160.00', '0.00', '3.00', 0, 88, 866),
(4796, '146.00', '132.00', '2.00', '2.00', 0, 1368, 866),
(4797, '60.00', '37.00', '0.00', '0.25', 0, 111, 866),
(4798, '242.00', '222.00', '0.00', '1.00', 1, 1267, 866),
(4799, '170.00', '125.00', '0.00', '1.00', 0, 1533, 866),
(4800, '72.00', '55.40', '0.00', '2.50', 0, 1622, 866),
(4801, '550.00', '330.00', '0.00', '1.00', 0, 1515, 867),
(4802, '218.00', '210.00', '1.00', '6.00', 0, 107, 867),
(4803, '215.00', '205.00', '0.00', '7.00', 0, 1696, 867),
(4804, '7.00', '5.00', '0.00', '100.00', 0, 64, 867),
(4805, '48.00', '38.00', '2.00', '3.00', 1, 125, 867),
(4806, '240.00', '212.50', '0.00', '1.00', 0, 1583, 867),
(4807, '53.00', '31.00', '0.00', '0.25', 0, 113, 867),
(4808, '51.00', '27.00', '0.00', '0.50', 0, 108, 867),
(4809, '56.00', '31.00', '0.00', '0.25', 0, 109, 867),
(4810, '9.00', '3.00', '0.00', '5.00', 0, 1412, 867),
(4811, '7.00', '5.00', '0.00', '50.00', 0, 64, 868),
(4812, '218.00', '210.00', '0.00', '4.00', 0, 107, 868),
(4813, '48.00', '38.00', '2.00', '6.00', 1, 125, 868),
(4814, '199.00', '185.00', '2.00', '6.00', 1, 81, 868),
(4815, '42.00', '32.00', '0.00', '7.00', 0, 1359, 868),
(4816, '62.50', '47.50', '0.00', '2.00', 0, 1354, 868),
(4817, '93.75', '83.00', '3.75', '1.00', 0, 1432, 868),
(4818, '53.00', '31.00', '0.00', '0.50', 0, 113, 868),
(4819, '75.00', '60.00', '0.00', '0.25', 0, 115, 868),
(4820, '162.00', '148.00', '0.00', '2.00', 1, 1366, 869),
(4821, '199.00', '185.00', '0.00', '5.00', 1, 81, 869),
(4822, '133.33', '101.30', '0.33', '2.00', 0, 1371, 869),
(4823, '62.50', '47.50', '0.00', '7.00', 0, 1354, 869),
(4824, '218.00', '210.00', '0.00', '2.00', 0, 107, 869),
(4825, '130.00', '120.00', '2.00', '1.00', 0, 119, 869),
(4826, '13.00', '8.00', '2.00', '1.00', 0, 657, 869),
(4827, '42.00', '32.00', '0.00', '6.00', 0, 1359, 869),
(4828, '53.00', '31.00', '0.00', '1.00', 0, 113, 869),
(4829, '51.00', '27.00', '0.00', '1.00', 0, 108, 869),
(4830, '60.00', '37.00', '0.00', '0.50', 0, 111, 869),
(4831, '93.75', '83.00', '0.00', '2.00', 0, 1432, 870),
(4832, '62.50', '47.50', '0.00', '4.00', 0, 1354, 870),
(4833, '50.00', '40.00', '0.00', '6.00', 0, 1374, 870),
(4834, '179.00', '165.00', '0.00', '7.00', 0, 1369, 870),
(4835, '51.00', '27.00', '0.00', '2.00', 0, 108, 870),
(4836, '53.00', '31.00', '0.00', '2.00', 0, 113, 870),
(4837, '75.00', '60.00', '0.00', '1.00', 0, 115, 870),
(4838, '157.00', '137.00', '7.00', '1.00', 0, 204, 870),
(4839, '155.00', '135.00', '3.00', '1.00', 0, 201, 870),
(4840, '130.00', '120.00', '7.00', '20.00', 0, 119, 871),
(4841, '76.00', '56.00', '1.00', '10.00', 0, 740, 871),
(4842, '218.00', '210.00', '3.00', '20.00', 0, 107, 871),
(4843, '7.00', '5.00', '0.50', '500.00', 0, 64, 871),
(4844, '1200.00', '550.00', '0.00', '2.00', 1, 1113, 871),
(4845, '68.00', '60.00', '13.00', '3.00', 0, 1355, 871),
(4846, '282.00', '267.00', '14.00', '2.00', 0, 90, 871),
(4847, '15.00', '9.75', '0.00', '2.00', 0, 1828, 871),
(4848, '58.00', '33.00', '8.00', '0.50', 0, 110, 871),
(4849, '56.00', '31.00', '10.00', '1.00', 0, 112, 871),
(4850, '53.00', '31.00', '10.00', '1.00', 0, 113, 871),
(4851, '8.75', '5.00', '0.00', '300.00', 0, 64, 872),
(4852, '215.00', '205.00', '0.00', '5.00', 0, 1696, 872),
(4853, '68.00', '60.00', '0.00', '1.00', 0, 1355, 872),
(4854, '218.00', '210.00', '0.00', '1.00', 0, 107, 873),
(4855, '35.00', '20.00', '0.00', '2.00', 0, 1447, 873),
(4856, '35.00', '30.00', '0.00', '1.00', 0, 480, 873),
(4857, '2.00', '1.00', '0.00', '6.00', 1, 1445, 873),
(4858, '15.00', '9.75', '0.00', '1.00', 0, 1828, 873),
(4859, '218.00', '210.00', '0.00', '80.00', 0, 107, 874),
(4860, '215.00', '205.00', '0.00', '25.00', 0, 1696, 874),
(4861, '35.00', '26.25', '0.00', '6.00', 0, 1292, 874),
(4862, '50.00', '35.00', '0.00', '5.00', 0, 827, 874),
(4863, '70.00', '60.00', '0.00', '1.00', 0, 399, 875),
(4864, '1.00', '0.25', '0.00', '8.00', 0, 1554, 875),
(4865, '40.00', '30.00', '0.00', '2.00', 0, 1414, 875),
(4866, '95.00', '75.00', '0.00', '1.00', 0, 620, 875),
(4867, '25.00', '18.75', '0.00', '5.00', 0, 1143, 875),
(4868, '180.00', '160.00', '5.00', '1.00', 0, 88, 875),
(4869, '282.00', '267.00', '5.00', '2.00', 0, 90, 875),
(4870, '32.00', '26.40', '2.00', '15.00', 0, 1078, 875),
(4871, '33.00', '30.00', '1.00', '30.00', 0, 1201, 876),
(4872, '62.50', '47.50', '2.50', '30.00', 0, 1354, 876),
(4873, '475.00', '440.00', '5.00', '5.00', 0, 91, 876),
(4874, '215.00', '205.00', '1.00', '10.00', 0, 1696, 876),
(4875, '58.00', '33.00', '0.00', '2.00', 0, 110, 876),
(4876, '56.00', '31.00', '0.00', '2.50', 0, 109, 876),
(4877, '55.00', '33.00', '3.00', '5.00', 0, 1590, 876),
(4878, '75.00', '65.00', '2.00', '6.00', 0, 1373, 876),
(4879, '170.00', '125.00', '0.00', '2.00', 0, 1533, 876),
(4880, '676.00', '577.00', '0.00', '1.00', 0, 1215, 876),
(4881, '7.00', '5.00', '0.00', '50.00', 0, 64, 877),
(4882, '215.00', '205.00', '0.00', '5.00', 0, 1696, 877),
(4883, '48.00', '38.00', '0.00', '7.00', 1, 125, 877),
(4884, '550.00', '425.00', '20.00', '1.00', 0, 885, 877),
(4885, '156.00', '144.00', '0.00', '16.00', 0, 85, 878),
(4886, '8.00', '5.00', '0.00', '10.00', 1, 1403, 878),
(4887, '75.00', '60.00', '0.00', '1.00', 0, 115, 878),
(4888, '175.00', '152.35', '0.00', '4.00', 0, 120, 879),
(4889, '162.00', '128.70', '0.00', '2.00', 0, 126, 879),
(4890, '218.00', '210.00', '0.00', '2.00', 0, 107, 879),
(4891, '155.00', '114.00', '0.00', '1.00', 1, 1739, 880),
(4892, '53.00', '31.00', '0.00', '1.00', 0, 113, 880),
(4893, '51.00', '27.00', '0.00', '0.50', 0, 108, 880),
(4894, '215.00', '205.00', '0.00', '2.00', 0, 1696, 880),
(4895, '70.00', '60.00', '1.00', '35.00', 0, 960, 880),
(4896, '33.00', '30.00', '0.00', '7.00', 0, 1201, 880),
(4897, '21.00', '15.50', '0.00', '1.00', 0, 558, 881),
(4898, '60.00', '35.00', '0.00', '2.00', 0, 556, 881),
(4899, '15.00', '9.00', '0.00', '4.00', 0, 860, 881),
(4900, '33.00', '30.00', '0.00', '8.00', 0, 1201, 882),
(4901, '51.00', '27.00', '0.00', '0.50', 0, 108, 882),
(4902, '75.00', '60.00', '0.00', '0.50', 0, 115, 882),
(4903, '47.00', '36.00', '0.00', '2.00', 0, 256, 882),
(4904, '68.00', '60.00', '0.00', '0.50', 0, 1355, 882),
(4905, '218.00', '210.00', '0.00', '10.00', 0, 107, 883),
(4906, '99.00', '74.25', '0.00', '1.00', 0, 1147, 883),
(4907, '130.00', '120.00', '0.00', '10.00', 0, 119, 884),
(4908, '62.50', '47.50', '0.00', '4.00', 0, 1354, 885),
(4909, '218.00', '210.00', '0.00', '1.00', 0, 107, 885),
(4910, '35.00', '25.00', '0.00', '1.00', 0, 1007, 885),
(4911, '35.00', '20.00', '5.00', '3.00', 0, 1447, 885),
(4912, '53.00', '31.00', '0.00', '0.50', 0, 113, 886),
(4913, '38.00', '25.00', '0.00', '1.00', 1, 1551, 886),
(4914, '170.00', '125.00', '0.00', '1.00', 0, 1533, 886),
(4915, '42.00', '32.00', '0.00', '15.00', 0, 1359, 887),
(4916, '56.00', '31.00', '2.00', '1.00', 0, 109, 887),
(4917, '56.00', '31.00', '4.00', '1.00', 0, 112, 887),
(4918, '220.00', '198.00', '11.00', '5.00', 1, 1370, 887),
(4919, '89.00', '79.00', '2.00', '5.00', 0, 739, 887),
(4920, '215.00', '205.00', '1.00', '8.00', 0, 1696, 887),
(4921, '600.00', '450.00', '30.00', '1.00', 0, 594, 887),
(4922, '68.00', '60.00', '0.00', '0.25', 0, 1355, 887),
(4923, '48.00', '36.45', '0.00', '1.00', 0, 164, 888),
(4924, '75.00', '65.00', '0.00', '0.50', 0, 1500, 888),
(4925, '52.00', '38.00', '2.00', '4.00', 0, 1202, 889),
(4926, '51.00', '27.00', '0.00', '0.50', 0, 108, 889),
(4927, '53.00', '31.00', '0.00', '0.50', 0, 113, 889),
(4928, '56.00', '31.00', '0.00', '0.50', 0, 109, 889),
(4929, '254.00', '235.00', '0.00', '1.00', 0, 89, 890),
(4930, '48.00', '24.00', '0.00', '4.50', 0, 1674, 890),
(4931, '58.00', '33.00', '0.00', '0.25', 0, 110, 890),
(4932, '40.00', '30.00', '0.00', '1.00', 0, 1592, 890),
(4933, '68.00', '60.00', '0.00', '0.50', 0, 1355, 890),
(4934, '218.00', '210.00', '1.00', '10.00', 0, 107, 891),
(4935, '68.00', '60.00', '3.00', '3.00', 0, 1355, 891),
(4936, '120.00', '105.00', '0.00', '5.00', 1, 1841, 892),
(4937, '161.00', '136.00', '0.00', '1.00', 0, 46, 892),
(4938, '55.00', '30.00', '0.00', '1.00', 0, 1285, 892),
(4939, '35.00', '26.25', '0.00', '1.00', 0, 1292, 892),
(4940, '295.00', '260.00', '5.00', '1.00', 0, 746, 893),
(4941, '105.00', '90.00', '0.00', '6.00', 0, 744, 893),
(4942, '1300.00', '550.00', '0.00', '0.25', 1, 1113, 893),
(4943, '218.00', '210.00', '0.00', '2.00', 0, 107, 893),
(4944, '7.00', '5.00', '0.00', '20.00', 0, 64, 894),
(4945, '25.00', '12.00', '1.00', '1.00', 0, 922, 894),
(4946, '550.00', '500.00', '50.00', '2.00', 1, 1451, 894),
(4947, '26.00', '15.00', '0.00', '1.00', 1, 1844, 895),
(4948, '477.00', '385.00', '5.00', '1.00', 0, 1210, 895),
(4949, '240.00', '224.00', '0.00', '6.00', 0, 78, 896),
(4950, '21.00', '15.50', '0.00', '1.00', 0, 558, 897),
(4951, '10.50', '6.58', '0.00', '1.00', 0, 551, 897),
(4952, '28.00', '12.00', '0.00', '1.00', 0, 542, 897),
(4953, '55.00', '33.00', '0.00', '3.00', 0, 1590, 897),
(4954, '42.00', '32.00', '0.00', '4.00', 0, 1359, 897),
(4955, '170.00', '125.00', '0.00', '1.00', 0, 1533, 897),
(4956, '56.00', '31.00', '0.00', '0.50', 0, 109, 897),
(4957, '7.00', '5.00', '0.00', '100.00', 0, 64, 898),
(4958, '475.00', '440.00', '0.00', '1.00', 0, 91, 898),
(4959, '355.00', '330.00', '0.00', '1.00', 1, 1397, 898),
(4960, '215.00', '205.00', '1.00', '4.00', 0, 1696, 898),
(4961, '700.00', '500.00', '0.00', '1.00', 1, 1451, 898),
(4962, '15.00', '10.00', '0.00', '1.00', 0, 667, 898),
(4963, '21.00', '18.00', '0.00', '2.00', 0, 676, 898),
(4964, '87.00', '65.00', '0.00', '1.00', 0, 664, 898),
(4965, '133.00', '115.00', '0.00', '1.00', 0, 674, 898),
(4966, '700.00', '550.00', '0.00', '1.00', 0, 593, 898),
(4967, '33.00', '30.00', '0.00', '7.00', 0, 1201, 898),
(4968, '50.00', '38.00', '0.00', '3.00', 0, 1202, 898),
(4969, '15.00', '10.00', '0.00', '2.00', 0, 667, 899),
(4970, '108.00', '88.00', '0.00', '0.50', 0, 663, 899),
(4971, '100.00', '85.00', '2.00', '3.00', 1, 1417, 899),
(4972, '42.00', '32.00', '1.00', '8.00', 0, 1359, 899),
(4973, '83.00', '63.50', '1.00', '2.00', 0, 1353, 899),
(4974, '950.00', '875.00', '0.00', '1.00', 0, 1845, 899),
(4975, '33.00', '30.00', '1.00', '7.00', 0, 1201, 900),
(4976, '170.00', '125.00', '5.00', '2.00', 0, 1533, 900),
(4977, '170.00', '135.00', '10.00', '1.00', 0, 1392, 900),
(4978, '200.00', '170.00', '5.00', '1.00', 0, 1846, 900),
(4979, '218.00', '210.00', '0.00', '2.00', 0, 107, 900),
(4980, '48.00', '38.00', '0.00', '4.00', 1, 125, 900),
(4981, '68.00', '60.00', '0.00', '1.00', 0, 1355, 900),
(4982, '56.00', '31.00', '0.00', '1.50', 0, 109, 900),
(4983, '56.00', '31.00', '0.00', '0.50', 0, 112, 900),
(4984, '53.00', '31.00', '0.00', '0.25', 0, 113, 900),
(4985, '157.00', '137.00', '5.00', '1.00', 0, 204, 900),
(4986, '56.00', '38.40', '0.00', '1.00', 0, 294, 900),
(4987, '50.00', '24.00', '0.00', '1.00', 0, 353, 900),
(4988, '14.00', '9.00', '0.00', '1.00', 0, 325, 900),
(4989, '14.00', '10.50', '0.00', '50.00', 0, 349, 900),
(4990, '180.00', '160.00', '3.00', '3.00', 0, 88, 901),
(4991, '145.00', '124.00', '5.00', '4.00', 0, 104, 901),
(4992, '179.00', '156.00', '5.00', '5.00', 0, 685, 901),
(4993, '43.50', '38.00', '3.50', '1.00', 1, 1740, 901),
(4994, '24.00', '20.00', '0.00', '4.00', 0, 686, 901),
(4995, '12.00', '7.00', '0.00', '1.00', 0, 521, 901),
(4996, '25.00', '20.00', '0.00', '1.00', 0, 488, 901),
(4997, '205.00', '190.00', '0.00', '1.00', 0, 720, 901),
(4998, '210.00', '190.00', '10.00', '1.00', 0, 721, 901),
(4999, '14.00', '9.00', '0.00', '1.00', 0, 325, 901),
(5000, '33.00', '30.00', '0.00', '10.00', 0, 1201, 902),
(5001, '50.00', '38.00', '0.00', '5.00', 0, 1202, 902),
(5002, '156.00', '144.00', '2.00', '4.00', 0, 85, 902),
(5003, '17.00', '11.17', '0.00', '1.00', 0, 1178, 902),
(5004, '32.00', '19.00', '0.00', '1.00', 0, 588, 902),
(5005, '218.00', '210.00', '0.00', '2.00', 0, 107, 902),
(5006, '89.00', '79.00', '0.00', '1.00', 0, 739, 902),
(5007, '10.00', '5.00', '0.00', '5.00', 0, 944, 902),
(5008, '120.00', '88.00', '0.00', '1.00', 0, 508, 902),
(5009, '56.00', '31.00', '3.00', '1.50', 0, 109, 902),
(5010, '53.00', '31.00', '3.00', '3.50', 0, 113, 902),
(5011, '51.00', '27.00', '3.00', '2.00', 0, 108, 902),
(5012, '49.00', '33.00', '3.00', '1.00', 0, 1449, 902),
(5013, '75.00', '60.00', '3.00', '1.25', 0, 115, 902),
(5014, '7.00', '5.00', '0.00', '500.00', 0, 64, 903),
(5015, '53.00', '38.00', '0.00', '10.00', 1, 125, 903),
(5016, '135.00', '120.00', '0.00', '10.00', 0, 119, 903),
(5017, '882.00', '866.00', '7.00', '1.00', 0, 1220, 904),
(5018, '240.00', '224.00', '2.00', '5.00', 0, 78, 905),
(5019, '372.00', '336.00', '6.00', '5.00', 0, 80, 905),
(5020, '155.00', '144.00', '0.00', '1.00', 0, 1576, 905),
(5021, '47.00', '36.00', '0.00', '1.00', 0, 256, 905),
(5022, '53.00', '31.00', '0.00', '1.50', 0, 113, 905),
(5023, '51.00', '27.00', '1.00', '4.00', 0, 108, 905),
(5024, '75.00', '60.00', '0.00', '1.50', 0, 115, 905),
(5025, '56.00', '31.00', '0.00', '0.25', 0, 109, 905),
(5026, '218.00', '210.00', '0.00', '16.00', 0, 107, 906),
(5027, '790.00', '760.00', '0.00', '5.00', 0, 96, 907),
(5028, '254.00', '235.00', '0.00', '8.00', 0, 89, 907),
(5029, '218.00', '210.00', '0.00', '3.00', 0, 107, 908),
(5030, '7.00', '5.00', '0.00', '35.00', 0, 64, 908),
(5031, '130.00', '120.00', '0.00', '2.00', 0, 119, 908),
(5032, '48.00', '38.00', '0.00', '4.00', 1, 125, 908),
(5033, '68.00', '60.00', '0.00', '0.25', 0, 1355, 908),
(5034, '180.00', '160.00', '0.00', '1.00', 0, 88, 908),
(5035, '35.00', '20.00', '5.00', '18.00', 0, 1446, 908),
(5036, '51.00', '27.00', '1.00', '1.00', 0, 108, 908),
(5037, '600.00', '450.00', '0.00', '1.00', 0, 594, 909),
(5038, '7.00', '5.00', '0.00', '200.00', 0, 64, 909),
(5039, '700.00', '200.00', '0.00', '1.00', 0, 1506, 909),
(5040, '185.00', '100.00', '0.00', '1.00', 0, 496, 909),
(5041, '1250.00', '1050.00', '0.00', '1.00', 0, 908, 909),
(5042, '130.00', '120.00', '0.00', '4.00', 0, 119, 909),
(5043, '48.00', '38.00', '0.00', '8.00', 1, 125, 909),
(5044, '218.00', '210.00', '0.00', '6.00', 0, 107, 909),
(5045, '21.00', '18.00', '0.00', '1.00', 0, 676, 909),
(5046, '218.00', '210.00', '1.00', '6.00', 0, 107, 910),
(5047, '232.00', '216.00', '0.00', '6.00', 0, 87, 910),
(5048, '100.00', '85.00', '0.00', '2.00', 1, 1417, 910),
(5049, '83.00', '63.50', '0.00', '1.00', 0, 1353, 910),
(5050, '42.00', '32.00', '0.00', '10.00', 0, 1359, 910),
(5051, '48.00', '38.00', '0.00', '3.00', 1, 125, 910),
(5052, '89.00', '79.00', '0.00', '3.00', 0, 739, 910),
(5053, '68.00', '60.00', '0.00', '0.50', 0, 1355, 910),
(5054, '60.00', '37.00', '0.00', '0.50', 0, 111, 910),
(5055, '170.00', '135.00', '20.00', '10.00', 0, 1392, 911),
(5056, '282.00', '267.00', '2.00', '4.00', 0, 90, 911),
(5057, '600.00', '575.00', '5.00', '4.00', 0, 94, 911),
(5058, '8.00', '5.00', '0.00', '2.00', 1, 1403, 911),
(5059, '1.00', '0.25', '0.00', '8.00', 0, 1554, 911),
(5060, '33.00', '30.00', '1.00', '10.00', 0, 1201, 911),
(5061, '100.00', '60.00', '2.00', '1.00', 0, 326, 912),
(5062, '95.00', '75.00', '2.00', '1.00', 0, 620, 912),
(5063, '15.00', '8.40', '3.00', '2.00', 0, 484, 912),
(5064, '13.00', '8.50', '0.00', '1.00', 0, 360, 912),
(5065, '21.00', '15.00', '1.00', '1.00', 0, 1723, 912),
(5066, '28.00', '20.00', '0.00', '2.00', 0, 1721, 912),
(5067, '36.00', '24.00', '1.00', '1.00', 0, 296, 912),
(5068, '46.00', '31.20', '1.00', '1.00', 0, 293, 912),
(5069, '44.00', '36.00', '2.00', '3.00', 0, 1703, 912),
(5070, '24.00', '16.00', '4.00', '2.00', 0, 332, 912),
(5071, '240.00', '200.00', '10.00', '1.00', 0, 722, 912),
(5072, '14.00', '10.50', '0.00', '25.00', 0, 349, 912),
(5073, '18.00', '13.00', '0.00', '3.00', 0, 1518, 912),
(5074, '37.00', '25.00', '0.00', '1.00', 0, 162, 912),
(5075, '190.00', '172.00', '0.00', '30.00', 0, 118, 913),
(5076, '52.00', '38.00', '0.00', '20.00', 0, 1202, 913),
(5077, '58.00', '33.00', '0.00', '2.00', 0, 110, 913),
(5078, '53.00', '31.00', '0.00', '5.00', 0, 113, 913),
(5079, '56.00', '38.40', '0.00', '1.00', 0, 294, 914),
(5080, '50.00', '24.00', '0.00', '1.00', 0, 353, 914),
(5081, '8.00', '5.00', '0.00', '1.00', 0, 666, 914),
(5082, '32.00', '30.00', '0.00', '1.00', 0, 682, 914),
(5083, '53.00', '31.00', '0.00', '3.00', 0, 113, 914),
(5084, '51.00', '27.00', '0.00', '3.00', 0, 108, 914),
(5085, '43.50', '30.00', '0.00', '1.00', 0, 687, 914),
(5086, '269.00', '240.00', '0.00', '1.00', 0, 684, 914),
(5087, '9.00', '3.00', '0.00', '3.00', 0, 1412, 914),
(5088, '7.00', '5.00', '0.00', '1100.00', 0, 64, 915),
(5089, '14.00', '10.00', '0.00', '100.00', 0, 1110, 915),
(5090, '790.00', '760.00', '5.00', '3.00', 0, 96, 916),
(5091, '600.00', '575.00', '5.00', '3.00', 0, 94, 916),
(5092, '38.00', '32.72', '1.00', '10.00', 0, 1176, 917),
(5093, '70.00', '52.50', '0.00', '1.00', 1, 1284, 917),
(5094, '26.00', '19.50', '0.00', '1.00', 0, 1130, 917),
(5095, '13.00', '9.00', '1.00', '4.00', 0, 650, 917),
(5096, '310.00', '290.00', '5.00', '5.00', 0, 93, 917),
(5097, '18.00', '14.70', '0.00', '20.00', 1, 913, 918),
(5098, '35.00', '22.00', '0.00', '1.00', 0, 336, 918),
(5099, '70.00', '55.20', '0.00', '1.00', 0, 292, 918),
(5100, '56.00', '38.40', '0.00', '1.00', 0, 294, 918),
(5101, '19.00', '12.00', '2.00', '1.00', 0, 486, 918),
(5102, '24.00', '16.00', '0.00', '1.00', 0, 332, 918),
(5103, '50.00', '24.00', '0.00', '1.00', 0, 353, 918),
(5104, '226.00', '218.00', '0.00', '10.00', 0, 101, 919),
(5105, '254.00', '235.00', '4.00', '3.00', 0, 89, 919),
(5106, '7.00', '5.00', '0.00', '100.00', 0, 64, 919),
(5107, '170.00', '125.00', '10.00', '4.00', 0, 1533, 919),
(5108, '68.00', '60.00', '0.00', '5.00', 0, 1355, 919),
(5109, '48.00', '38.00', '5.00', '15.00', 1, 125, 919),
(5110, '8.00', '5.00', '0.00', '4.50', 1, 1403, 919),
(5111, '240.00', '224.00', '5.00', '1.00', 0, 78, 920),
(5112, '155.00', '144.00', '0.00', '1.00', 0, 1576, 920),
(5113, '282.00', '267.00', '2.00', '1.00', 0, 90, 920),
(5114, '60.00', '37.00', '0.00', '0.25', 0, 111, 920),
(5115, '56.00', '31.00', '0.00', '0.25', 0, 109, 920),
(5116, '75.00', '60.00', '0.00', '0.25', 0, 115, 920),
(5117, '2.00', '1.00', '0.00', '4.00', 1, 1445, 920),
(5118, '60.00', '35.00', '0.00', '1.00', 0, 556, 920),
(5119, '550.00', '425.00', '20.00', '1.00', 0, 885, 920),
(5120, '48.00', '38.00', '0.00', '3.00', 1, 125, 920),
(5121, '75.00', '65.00', '3.00', '1.00', 0, 1373, 921),
(5122, '50.00', '38.00', '2.00', '2.00', 0, 1202, 921),
(5123, '33.00', '30.00', '1.00', '2.00', 0, 1201, 921),
(5124, '372.00', '336.00', '5.00', '1.00', 0, 80, 921),
(5125, '56.00', '31.00', '0.00', '1.00', 0, 109, 921),
(5126, '150.00', '123.00', '0.00', '1.00', 0, 1224, 921),
(5127, '60.00', '48.00', '0.00', '1.00', 0, 1849, 921),
(5128, '218.00', '210.00', '0.00', '3.00', 0, 107, 921),
(5129, '48.00', '38.00', '1.00', '1.00', 1, 125, 921),
(5130, '15.00', '7.00', '0.00', '1.00', 0, 767, 921),
(5131, '38.00', '32.72', '0.00', '8.00', 0, 1176, 922),
(5132, '18.00', '8.00', '0.00', '1.00', 0, 589, 922),
(5133, '77.00', '57.75', '0.00', '1.00', 0, 1138, 922),
(5134, '26.00', '19.50', '0.00', '1.00', 0, 1130, 922),
(5135, '140.00', '130.00', '0.00', '1.00', 0, 366, 922),
(5136, '7.00', '5.00', '0.00', '400.00', 0, 64, 923),
(5137, '218.00', '210.00', '0.00', '20.00', 0, 107, 923),
(5138, '215.00', '205.00', '0.00', '15.00', 0, 1696, 923),
(5139, '170.00', '125.00', '0.00', '5.00', 0, 1533, 923),
(5140, '150.00', '125.00', '0.00', '3.00', 0, 229, 923),
(5141, '171.00', '151.00', '0.00', '3.00', 0, 22, 923),
(5142, '195.00', '162.00', '0.00', '5.00', 1, 1842, 923),
(5143, '12.00', '7.00', '0.00', '2.00', 0, 521, 924),
(5144, '15.00', '10.60', '0.00', '1.00', 0, 485, 924),
(5145, '19.00', '12.00', '2.00', '1.00', 0, 486, 924),
(5146, '64.00', '43.20', '0.00', '1.00', 0, 290, 924),
(5147, '14.00', '9.00', '0.00', '1.00', 0, 325, 924),
(5148, '8.00', '5.00', '0.00', '20.00', 1, 1403, 924),
(5149, '3.00', '1.00', '0.00', '33.00', 0, 940, 924),
(5150, '170.00', '125.00', '10.00', '1.00', 0, 1533, 924),
(5151, '56.00', '38.40', '0.00', '2.00', 0, 294, 924),
(5152, '95.00', '90.00', '0.00', '1.00', 0, 398, 924),
(5153, '56.00', '31.00', '0.00', '1.00', 0, 109, 924),
(5154, '53.00', '31.00', '0.00', '0.50', 0, 113, 924),
(5155, '179.00', '165.00', '3.00', '1.00', 0, 1369, 924),
(5156, '162.00', '148.00', '0.00', '2.00', 1, 1366, 924),
(5157, '14.00', '10.50', '0.00', '24.00', 0, 349, 925),
(5158, '218.00', '210.00', '0.00', '2.00', 0, 107, 925),
(5159, '39.00', '30.00', '0.00', '1.00', 0, 1654, 925),
(5160, '165.00', '145.00', '0.00', '0.50', 0, 1276, 925),
(5161, '28.00', '12.00', '0.00', '1.00', 0, 542, 925),
(5162, '8.00', '2.00', '0.00', '4.00', 0, 502, 925),
(5163, '18.00', '8.00', '0.00', '1.00', 0, 589, 925),
(5164, '18.00', '3.00', '0.00', '1.00', 0, 548, 925),
(5165, '68.00', '60.00', '0.00', '0.50', 0, 1355, 925),
(5166, '33.00', '30.00', '0.00', '4.00', 0, 1201, 925),
(5167, '33.00', '30.00', '1.00', '70.00', 0, 1201, 926),
(5168, '475.00', '440.00', '5.00', '5.00', 0, 91, 926),
(5169, '190.00', '172.00', '0.00', '20.00', 0, 118, 927),
(5170, '34.00', '26.00', '2.00', '3.00', 0, 1629, 928),
(5171, '161.00', '136.00', '1.00', '2.00', 0, 46, 928),
(5172, '70.00', '50.00', '0.00', '1.00', 0, 219, 928),
(5173, '165.00', '154.00', '2.00', '3.00', 0, 128, 928),
(5174, '151.00', '140.00', '0.00', '1.00', 0, 1604, 928),
(5175, '555.00', '515.00', '0.00', '1.00', 0, 175, 928),
(5176, '35.00', '22.75', '5.00', '2.00', 0, 281, 928),
(5177, '440.00', '435.00', '0.00', '1.00', 0, 1429, 928),
(5178, '68.00', '60.00', '0.00', '0.25', 0, 1355, 929),
(5179, '48.00', '36.45', '0.00', '1.00', 0, 164, 929),
(5180, '150.00', '123.00', '0.00', '1.00', 0, 1224, 929),
(5181, '32.00', '28.40', '1.00', '12.00', 0, 914, 929),
(5182, '50.00', '40.00', '1.00', '4.00', 0, 1374, 929),
(5183, '33.00', '30.00', '1.00', '10.00', 0, 1201, 929),
(5184, '179.00', '165.00', '2.00', '2.00', 0, 1369, 929),
(5185, '56.00', '31.00', '0.00', '0.25', 0, 109, 929),
(5186, '56.00', '31.00', '0.00', '0.25', 0, 112, 929),
(5187, '53.00', '31.00', '0.00', '0.25', 0, 113, 929),
(5188, '51.00', '27.00', '0.00', '0.25', 0, 108, 929),
(5189, '125.00', '100.00', '0.00', '1.00', 0, 255, 929),
(5190, '215.00', '205.00', '0.00', '3.00', 0, 1696, 930),
(5191, '7.00', '5.00', '0.00', '35.00', 0, 64, 930),
(5192, '130.00', '120.00', '0.00', '2.00', 0, 119, 930),
(5193, '48.00', '38.00', '0.00', '2.00', 1, 125, 930),
(5194, '35.00', '20.00', '10.00', '18.00', 0, 1446, 930),
(5195, '170.00', '125.00', '0.00', '1.00', 0, 1533, 930),
(5196, '38.00', '28.00', '0.00', '1.00', 1, 1726, 930),
(5197, '100.00', '85.00', '0.00', '1.00', 1, 1417, 931),
(5198, '150.00', '130.00', '0.00', '2.00', 0, 1422, 931),
(5199, '215.00', '205.00', '0.00', '2.00', 0, 1696, 931),
(5200, '130.00', '120.00', '0.00', '2.00', 0, 119, 931),
(5201, '355.00', '330.00', '0.00', '1.00', 1, 1397, 931),
(5202, '105.00', '81.25', '0.00', '0.25', 0, 114, 931),
(5203, '33.00', '30.00', '0.00', '2.00', 0, 1201, 931),
(5204, '51.00', '27.00', '0.00', '0.50', 0, 108, 931),
(5205, '33.00', '30.00', '1.00', '15.00', 0, 1201, 932),
(5206, '42.00', '32.00', '2.00', '6.00', 0, 1359, 932),
(5207, '355.00', '330.00', '5.00', '5.00', 1, 1397, 932),
(5208, '105.00', '81.25', '24.00', '0.75', 0, 114, 932),
(5209, '40.00', '30.00', '0.00', '1.00', 0, 1454, 932),
(5210, '58.00', '33.00', '0.00', '0.25', 0, 110, 932),
(5211, '8.00', '5.00', '0.00', '5.00', 1, 1403, 932),
(5212, '282.00', '267.00', '2.00', '4.00', 0, 90, 933),
(5213, '60.00', '35.00', '0.00', '1.00', 0, 556, 933),
(5214, '170.00', '125.00', '10.00', '3.00', 0, 1533, 933),
(5215, '18.00', '13.00', '0.00', '1.00', 0, 1518, 933),
(5216, '60.00', '37.00', '0.00', '1.00', 0, 111, 933),
(5217, '72.00', '55.40', '0.00', '1.50', 0, 1622, 933),
(5218, '173.00', '154.55', '0.00', '1.00', 1, 1259, 933),
(5219, '505.00', '500.00', '0.00', '1.00', 0, 267, 933),
(5220, '37.00', '25.00', '0.00', '1.00', 0, 162, 933),
(5221, '68.00', '60.00', '0.00', '0.25', 0, 1355, 933),
(5222, '156.00', '144.00', '2.00', '6.00', 0, 85, 934),
(5223, '215.00', '205.00', '0.00', '2.00', 0, 1696, 934),
(5224, '14.00', '10.00', '0.00', '16.00', 0, 1800, 934),
(5225, '48.00', '38.00', '2.00', '5.00', 1, 125, 934),
(5226, '1300.00', '550.00', '0.00', '1.00', 1, 1113, 934),
(5227, '12.00', '7.00', '0.00', '9.00', 0, 946, 934),
(5228, '38.00', '29.00', '0.00', '1.00', 0, 1642, 934),
(5229, '55.00', '40.00', '0.00', '1.00', 1, 1330, 934),
(5230, '2.00', '1.00', '0.00', '5.00', 1, 1445, 934),
(5231, '7.00', '5.00', '0.00', '200.00', 0, 64, 935),
(5232, '14.00', '10.00', '0.00', '6.00', 0, 1800, 935),
(5233, '215.00', '205.00', '0.00', '8.00', 0, 1696, 935),
(5234, '130.00', '120.00', '0.00', '3.00', 0, 119, 935),
(5235, '48.00', '38.00', '0.00', '6.00', 1, 125, 935),
(5236, '65.00', '30.00', '0.00', '4.00', 1, 1452, 935),
(5237, '9.00', '3.00', '0.00', '4.00', 0, 1412, 935),
(5238, '68.00', '60.00', '0.00', '0.50', 0, 1355, 935),
(5239, '53.00', '31.00', '0.00', '0.50', 0, 113, 935),
(5240, '51.00', '27.00', '0.00', '1.50', 0, 108, 935),
(5241, '50.00', '24.00', '0.00', '1.00', 0, 337, 936),
(5242, '65.00', '50.40', '0.00', '1.00', 0, 291, 936),
(5243, '12.00', '10.00', '0.00', '1.00', 0, 422, 936),
(5244, '24.00', '16.00', '0.00', '1.00', 0, 332, 936),
(5245, '135.00', '110.00', '0.00', '2.00', 0, 900, 936),
(5246, '29.00', '21.00', '0.00', '0.50', 1, 1804, 936),
(5247, '7.00', '5.00', '0.00', '15.00', 0, 64, 937),
(5248, '130.00', '120.00', '0.00', '2.00', 0, 119, 937),
(5249, '48.00', '38.00', '0.00', '3.00', 1, 125, 937),
(5250, '42.00', '32.00', '1.00', '8.00', 0, 1359, 937),
(5251, '68.00', '60.00', '0.00', '0.50', 0, 1355, 937),
(5252, '0.75', '0.30', '0.00', '6.00', 0, 1786, 937),
(5253, '170.00', '125.00', '0.00', '2.00', 0, 1533, 938),
(5254, '33.00', '30.00', '1.00', '10.00', 0, 1201, 938),
(5255, '42.00', '32.00', '1.00', '6.00', 0, 1359, 938),
(5256, '156.00', '144.00', '2.00', '5.00', 0, 85, 938),
(5257, '56.00', '31.00', '2.00', '1.00', 0, 109, 938),
(5258, '53.00', '31.00', '2.00', '1.00', 0, 113, 938),
(5259, '51.00', '27.00', '2.00', '1.00', 0, 108, 938),
(5260, '49.00', '33.00', '0.00', '0.50', 0, 1449, 938),
(5261, '71.00', '63.90', '0.00', '1.00', 0, 1603, 938),
(5262, '3.00', '1.00', '0.00', '5.00', 0, 939, 938),
(5263, '1300.00', '500.00', '0.00', '1.00', 0, 63, 939),
(5264, '53.00', '31.00', '3.00', '1.00', 0, 113, 940),
(5265, '56.00', '31.00', '2.00', '0.40', 0, 109, 940),
(5266, '706.00', '606.00', '6.00', '1.00', 0, 1216, 941),
(5267, '33.00', '30.00', '0.00', '3.00', 0, 1201, 942),
(5268, '156.00', '144.00', '0.00', '4.00', 0, 85, 942),
(5269, '215.00', '205.00', '0.00', '1.00', 0, 1696, 942),
(5270, '56.00', '31.00', '0.00', '0.25', 0, 109, 942),
(5271, '53.00', '31.00', '0.00', '0.50', 0, 113, 942),
(5272, '170.00', '125.00', '0.00', '1.00', 0, 1533, 942),
(5273, '790.00', '760.00', '0.00', '1.00', 0, 96, 943),
(5274, '282.00', '267.00', '0.00', '3.00', 0, 90, 943),
(5275, '259.00', '220.00', '0.00', '6.00', 0, 743, 943),
(5276, '190.00', '160.00', '0.00', '1.00', 0, 962, 943),
(5277, '58.00', '33.00', '0.00', '1.00', 0, 110, 943),
(5278, '54.00', '50.00', '0.00', '1.00', 0, 378, 943),
(5279, '93.00', '69.75', '0.00', '1.00', 0, 1635, 944),
(5280, '100.00', '75.00', '0.00', '1.00', 0, 1097, 944),
(5281, '75.00', '65.00', '0.00', '4.00', 0, 1373, 945),
(5282, '63.00', '41.00', '0.00', '1.00', 0, 330, 945),
(5283, '60.00', '37.00', '0.00', '0.25', 0, 111, 945),
(5284, '56.00', '31.00', '0.00', '0.25', 0, 109, 945),
(5285, '16.00', '15.00', '0.00', '1.00', 0, 430, 945),
(5286, '32.00', '10.00', '0.00', '4.00', 0, 62, 946),
(5287, '1.00', '0.25', '0.00', '10.00', 0, 1589, 946),
(5288, '32.00', '10.00', '0.00', '4.00', 0, 62, 947),
(5289, '162.00', '128.70', '0.00', '1.00', 0, 126, 947),
(5290, '342.00', '310.00', '0.00', '1.00', 0, 732, 947),
(5291, '295.00', '260.00', '0.00', '1.00', 0, 746, 947),
(5292, '18.00', '8.00', '0.00', '1.00', 0, 589, 947),
(5293, '15.00', '7.50', '0.00', '1.00', 0, 846, 948),
(5294, '218.00', '210.00', '0.00', '2.00', 0, 107, 948),
(5295, '32.00', '19.00', '0.00', '1.00', 0, 588, 948),
(5296, '21.00', '15.50', '0.00', '1.00', 0, 558, 948),
(5297, '12.00', '7.00', '0.00', '5.00', 0, 946, 948),
(5298, '16.50', '12.00', '0.50', '3.00', 0, 947, 948),
(5299, '51.00', '27.00', '1.00', '2.00', 0, 108, 948),
(5300, '51.00', '27.00', '0.00', '0.50', 0, 108, 949),
(5301, '56.00', '31.00', '0.00', '0.50', 0, 112, 949),
(5302, '10.50', '6.58', '0.00', '6.00', 0, 551, 949),
(5303, '170.00', '125.00', '0.00', '1.00', 0, 1533, 949),
(5304, '18.00', '13.00', '0.00', '4.00', 0, 1518, 950),
(5305, '18.00', '3.00', '0.00', '1.00', 0, 548, 950),
(5306, '170.00', '125.00', '10.00', '1.00', 0, 1533, 950),
(5307, '95.00', '80.00', '2.00', '2.00', 0, 708, 950),
(5308, '25.00', '18.75', '0.00', '1.00', 0, 1300, 950),
(5309, '2300.00', '1100.00', '200.00', '1.00', 1, 1116, 951),
(5310, '130.00', '120.00', '5.00', '30.00', 0, 119, 951),
(5311, '89.00', '79.00', '2.00', '20.00', 0, 739, 951),
(5312, '226.00', '218.00', '1.00', '30.00', 0, 101, 951),
(5313, '33.00', '30.00', '1.00', '50.00', 0, 1201, 951),
(5314, '53.00', '31.00', '3.00', '3.00', 0, 113, 951),
(5315, '68.00', '60.00', '2.00', '3.00', 0, 1355, 951),
(5316, '282.00', '267.00', '2.00', '5.00', 0, 90, 951),
(5317, '60.00', '37.00', '0.00', '1.00', 0, 111, 951),
(5318, '28.00', '12.00', '7.00', '2.00', 0, 542, 951),
(5319, '254.00', '235.00', '0.00', '2.00', 0, 89, 952),
(5320, '170.00', '125.00', '0.00', '1.00', 0, 1533, 952),
(5321, '215.00', '205.00', '0.00', '2.00', 0, 1696, 952),
(5322, '48.00', '38.00', '0.00', '2.00', 1, 125, 952),
(5323, '7.00', '5.00', '0.00', '30.00', 0, 64, 952),
(5324, '53.00', '31.00', '0.00', '0.50', 0, 113, 952),
(5325, '68.00', '60.00', '0.00', '0.25', 0, 1355, 952),
(5326, '58.00', '33.00', '0.00', '0.50', 0, 110, 952),
(5327, '7.00', '5.00', '0.00', '50.00', 0, 64, 953),
(5328, '215.00', '205.00', '0.00', '1.00', 0, 1696, 953),
(5329, '180.00', '160.00', '0.00', '1.00', 0, 88, 953),
(5330, '14.00', '10.50', '0.00', '1.00', 0, 349, 953),
(5331, '70.00', '55.20', '0.00', '1.00', 0, 292, 953),
(5332, '50.00', '24.00', '0.00', '1.00', 0, 353, 953),
(5333, '60.00', '37.00', '0.00', '0.50', 0, 111, 953),
(5334, '218.00', '210.00', '0.00', '25.00', 0, 107, 954),
(5335, '218.00', '210.00', '0.00', '1.00', 0, 107, 955),
(5336, '477.00', '385.00', '0.00', '1.00', 0, 1210, 955),
(5337, '58.00', '33.00', '0.00', '0.50', 0, 110, 955),
(5338, '56.00', '31.00', '0.00', '1.50', 0, 109, 955),
(5339, '53.00', '31.00', '0.00', '0.50', 0, 113, 955),
(5340, '236.00', '222.00', '6.00', '8.00', 0, 1848, 956),
(5341, '254.00', '235.00', '0.00', '1.00', 0, 89, 956),
(5342, '170.00', '125.00', '0.00', '1.00', 0, 1533, 956),
(5343, '15.00', '9.00', '0.00', '4.00', 0, 860, 956),
(5344, '11.50', '8.00', '1.50', '1.00', 0, 647, 956),
(5345, '282.00', '267.00', '0.00', '1.00', 0, 90, 957),
(5346, '170.00', '125.00', '0.00', '1.00', 0, 1533, 957),
(5347, '50.00', '40.00', '0.00', '3.00', 0, 1374, 957),
(5348, '75.00', '60.00', '0.00', '0.25', 0, 115, 957),
(5349, '72.00', '45.50', '0.00', '2.00', 0, 557, 957),
(5350, '12.00', '8.00', '0.00', '25.00', 0, 635, 957),
(5351, '175.00', '144.00', '0.00', '1.00', 1, 1227, 958),
(5352, '135.00', '113.00', '0.00', '1.00', 1, 1607, 958),
(5353, '70.00', '52.50', '0.00', '1.00', 0, 1082, 959),
(5354, '42.00', '32.00', '0.00', '36.00', 0, 1359, 960),
(5355, '51.00', '27.00', '0.00', '2.00', 0, 108, 960),
(5356, '53.00', '31.00', '0.00', '1.00', 0, 113, 960),
(5357, '68.00', '60.00', '0.00', '2.00', 0, 1355, 960),
(5358, '815.00', '765.00', '0.00', '4.00', 0, 92, 960),
(5359, '180.00', '160.00', '0.00', '5.00', 0, 88, 961),
(5360, '60.00', '37.00', '0.00', '0.25', 0, 111, 961),
(5361, '185.00', '165.00', '0.00', '1.00', 0, 194, 962),
(5362, '55.00', '33.00', '2.00', '4.00', 0, 1590, 962),
(5363, '43.50', '30.00', '0.00', '1.00', 0, 687, 962),
(5364, '215.00', '205.00', '0.00', '2.00', 0, 1696, 962),
(5365, '199.00', '185.00', '0.00', '1.00', 0, 1847, 962),
(5366, '180.00', '160.00', '0.00', '3.00', 0, 88, 963),
(5367, '47.00', '36.00', '0.00', '1.00', 0, 256, 963),
(5368, '218.00', '210.00', '0.00', '2.00', 0, 107, 963),
(5369, '195.00', '180.00', '0.00', '1.00', 0, 86, 964),
(5370, '170.00', '125.00', '0.00', '1.00', 0, 1533, 964),
(5371, '42.00', '32.00', '0.00', '4.00', 0, 1359, 964),
(5372, '62.50', '47.50', '0.00', '2.00', 0, 1354, 964),
(5373, '180.00', '160.00', '0.00', '3.00', 0, 88, 965),
(5374, '15.00', '10.00', '0.00', '1.00', 0, 161, 965),
(5375, '218.00', '210.00', '0.00', '3.00', 0, 107, 965),
(5376, '42.00', '32.00', '0.00', '4.00', 0, 1359, 966),
(5377, '3.00', '1.00', '0.00', '13.00', 0, 940, 966),
(5378, '234.00', '8.00', '0.00', '1.00', 1, 1240, 967),
(5379, '1.00', '0.25', '0.25', '40.00', 0, 1589, 967),
(5380, '73.00', '66.15', '0.00', '1.00', 0, 1677, 967),
(5381, '62.50', '47.50', '2.50', '30.00', 0, 1354, 968),
(5382, '42.00', '32.00', '2.00', '20.00', 0, 1359, 968),
(5383, '51.00', '27.00', '0.00', '3.00', 0, 108, 968),
(5384, '53.00', '31.00', '0.00', '2.00', 0, 113, 968),
(5385, '100.00', '69.00', '0.00', '1.00', 0, 121, 968),
(5386, '232.00', '226.00', '0.00', '4.00', 0, 1421, 969),
(5387, '50.00', '40.00', '0.00', '1.00', 0, 415, 969),
(5388, '57.00', '50.00', '0.00', '1.00', 0, 414, 969),
(5389, '53.00', '31.00', '0.00', '1.00', 0, 113, 969),
(5390, '51.00', '27.00', '3.00', '2.00', 0, 108, 969),
(5391, '33.00', '30.00', '0.00', '8.00', 0, 1201, 970),
(5392, '215.00', '205.00', '0.00', '15.00', 0, 1696, 970),
(5393, '355.00', '330.00', '0.00', '3.00', 1, 1397, 970),
(5394, '1300.00', '450.00', '100.00', '0.67', 1, 1115, 970),
(5395, '170.00', '125.00', '0.00', '2.00', 0, 1533, 970),
(5396, '55.00', '33.00', '0.00', '6.00', 0, 1590, 970),
(5397, '45.00', '33.75', '0.00', '1.00', 1, 1279, 970),
(5398, '93.00', '69.75', '0.00', '1.00', 0, 1635, 970),
(5399, '40.00', '30.00', '0.00', '1.00', 0, 1592, 970),
(5400, '20.00', '15.00', '0.00', '1.00', 0, 1142, 970),
(5401, '42.00', '36.24', '0.00', '10.00', 0, 1158, 970),
(5402, '19.00', '12.00', '2.00', '1.00', 0, 486, 971),
(5403, '56.00', '38.40', '0.00', '1.00', 0, 294, 971),
(5404, '64.00', '43.20', '0.00', '1.00', 0, 290, 971),
(5405, '15.00', '8.40', '3.00', '1.00', 0, 484, 972),
(5406, '7.00', '1.00', '0.00', '2.00', 0, 774, 972),
(5407, '2.00', '1.00', '0.00', '5.00', 1, 1445, 972),
(5408, '42.00', '32.00', '2.00', '1.00', 0, 1359, 972),
(5409, '135.00', '97.65', '0.00', '1.00', 1, 1274, 973),
(5410, '70.00', '55.20', '0.00', '1.00', 0, 292, 973),
(5411, '56.00', '38.40', '0.00', '1.00', 0, 294, 973),
(5412, '14.00', '10.50', '0.00', '2.00', 0, 349, 973),
(5413, '55.00', '42.00', '0.00', '1.00', 0, 1832, 973),
(5414, '7.00', '5.00', '0.00', '1.00', 0, 654, 973),
(5415, '11.50', '8.00', '0.00', '1.00', 0, 647, 973),
(5416, '50.00', '24.00', '0.00', '1.00', 0, 353, 973),
(5417, '42.00', '32.00', '1.00', '20.00', 0, 1359, 974),
(5418, '62.50', '47.50', '1.25', '20.00', 0, 1354, 974),
(5419, '62.50', '47.50', '0.00', '3.00', 0, 1354, 975),
(5420, '53.00', '31.00', '0.00', '1.00', 0, 113, 975),
(5421, '51.00', '27.00', '0.00', '1.00', 0, 108, 975),
(5422, '162.00', '148.00', '0.00', '7.00', 0, 1850, 975),
(5423, '75.00', '60.00', '0.00', '1.00', 0, 115, 975),
(5424, '33.00', '30.00', '0.00', '15.00', 0, 1201, 975),
(5425, '180.00', '160.00', '5.00', '1.00', 0, 88, 976),
(5426, '215.00', '205.00', '0.00', '2.00', 0, 1696, 976),
(5427, '60.00', '37.00', '0.00', '0.25', 0, 111, 976),
(5428, '200.00', '180.00', '0.00', '1.00', 1, 1264, 977),
(5429, '207.00', '180.00', '0.00', '1.00', 1, 1381, 977),
(5430, '42.00', '32.00', '2.00', '100.00', 0, 1359, 978),
(5431, '690.00', '624.00', '5.00', '1.00', 0, 1208, 979),
(5432, '156.00', '144.00', '0.00', '3.00', 0, 85, 979),
(5433, '75.00', '60.00', '0.00', '0.50', 0, 115, 979),
(5434, '33.00', '30.00', '1.00', '60.00', 0, 1201, 980),
(5435, '218.00', '210.00', '0.00', '10.00', 0, 107, 980),
(5436, '215.00', '205.00', '0.00', '10.00', 0, 1696, 980),
(5437, '62.50', '47.50', '2.50', '22.00', 0, 1354, 981),
(5438, '100.00', '85.00', '4.00', '8.00', 1, 1417, 981),
(5439, '83.00', '63.50', '3.00', '8.00', 0, 1353, 981),
(5440, '50.00', '40.00', '2.00', '20.00', 0, 1374, 981),
(5441, '42.00', '32.00', '2.00', '15.00', 0, 1359, 981),
(5442, '93.75', '83.00', '3.75', '6.00', 0, 1432, 981),
(5443, '310.00', '290.00', '10.00', '1.00', 0, 93, 982),
(5444, '80.00', '70.00', '2.00', '1.00', 1, 1341, 982),
(5445, '56.00', '31.00', '0.00', '0.75', 0, 112, 982),
(5446, '62.50', '47.50', '2.50', '30.00', 0, 1354, 983),
(5447, '42.00', '32.00', '2.00', '20.00', 0, 1359, 983),
(5448, '51.00', '27.00', '0.00', '2.00', 0, 108, 983),
(5449, '38.00', '25.00', '0.00', '12.00', 0, 1830, 984),
(5450, '56.00', '31.00', '0.00', '0.50', 0, 109, 984),
(5451, '45.00', '35.00', '0.00', '10.00', 0, 1477, 984),
(5452, '47.00', '36.00', '0.00', '1.00', 0, 256, 984),
(5453, '13.00', '8.00', '0.00', '2.00', 0, 657, 984),
(5454, '75.00', '60.00', '0.00', '0.50', 0, 115, 984),
(5455, '15.00', '10.00', '0.00', '2.00', 0, 667, 984),
(5456, '179.00', '156.00', '0.00', '0.50', 0, 685, 984),
(5457, '42.00', '32.00', '2.00', '6.00', 0, 1359, 984),
(5458, '218.00', '210.00', '0.00', '1.00', 0, 107, 985),
(5459, '170.00', '135.00', '10.00', '4.00', 0, 1392, 985),
(5460, '180.00', '160.00', '0.00', '1.00', 0, 88, 985),
(5461, '162.00', '148.00', '8.00', '2.00', 0, 1850, 985),
(5462, '56.00', '31.00', '0.00', '0.50', 0, 109, 985),
(5463, '53.00', '31.00', '0.00', '0.50', 0, 113, 985),
(5464, '165.00', '145.00', '0.00', '2.00', 0, 1276, 986),
(5465, '18.00', '8.00', '0.00', '1.00', 0, 589, 986),
(5466, '16.00', '10.00', '2.00', '1.00', 1, 1332, 986),
(5467, '35.00', '26.25', '0.00', '1.00', 0, 1292, 987),
(5468, '20.00', '15.00', '0.00', '2.00', 0, 1303, 987),
(5469, '254.00', '235.00', '0.00', '6.00', 0, 89, 988),
(5470, '60.00', '38.00', '0.00', '1.00', 0, 1393, 989),
(5471, '58.00', '33.00', '0.00', '0.50', 0, 110, 989),
(5472, '230.00', '194.00', '5.00', '1.00', 1, 1246, 989),
(5473, '2.00', '1.00', '0.00', '12.00', 0, 854, 989),
(5474, '200.00', '160.00', '0.00', '1.00', 0, 340, 989),
(5475, '125.00', '100.00', '0.00', '1.00', 0, 255, 990),
(5476, '170.00', '125.00', '0.00', '1.00', 0, 1533, 990),
(5477, '56.00', '31.00', '0.00', '0.50', 0, 109, 990),
(5478, '56.00', '31.00', '0.00', '0.50', 0, 112, 990),
(5479, '53.00', '31.00', '0.00', '0.50', 0, 113, 990),
(5480, '51.00', '27.00', '1.00', '1.00', 0, 108, 990),
(5481, '70.00', '52.50', '0.00', '2.00', 0, 1083, 991),
(5482, '20.00', '15.00', '0.00', '1.00', 1, 1106, 991),
(5483, '170.00', '135.00', '10.00', '3.00', 0, 1392, 991),
(5484, '232.00', '216.00', '2.00', '3.00', 0, 87, 991),
(5485, '65.00', '55.00', '0.00', '17.00', 0, 1509, 992),
(5486, '62.50', '47.50', '2.50', '15.00', 0, 1354, 993),
(5487, '42.00', '32.00', '2.00', '22.00', 0, 1359, 993),
(5488, '53.00', '35.50', '0.00', '2.00', 0, 113, 993),
(5489, '51.00', '34.00', '0.00', '2.00', 0, 108, 993),
(5490, '162.00', '148.00', '0.00', '2.00', 0, 1850, 994),
(5491, '45.00', '35.00', '0.00', '4.00', 0, 1477, 994),
(5492, '68.00', '60.00', '0.00', '2.75', 0, 1355, 994),
(5493, '68.00', '60.00', '0.00', '5.00', 0, 1355, 995),
(5494, '38.00', '20.00', '0.00', '6.00', 0, 1863, 996),
(5495, '62.50', '47.50', '0.00', '2.00', 0, 1354, 997),
(5496, '75.00', '57.00', '0.00', '2.00', 0, 1373, 997),
(5497, '60.00', '38.00', '0.00', '1.00', 0, 1393, 997),
(5498, '53.00', '35.50', '0.35', '0.19', 0, 113, 997),
(5499, '18.00', '8.00', '0.00', '1.00', 0, 589, 997),
(5500, '150.00', '123.00', '0.00', '1.00', 0, 1224, 997),
(5501, '218.00', '210.00', '0.00', '20.00', 0, 107, 998),
(5502, '1000.00', '800.00', '0.00', '1.00', 0, 1810, 998),
(5503, '540.00', '500.00', '0.00', '6.00', 0, 886, 998),
(5504, '218.00', '210.00', '0.00', '6.00', 0, 107, 999),
(5505, '7.00', '5.00', '0.00', '500.00', 0, 64, 1000),
(5506, '130.00', '118.00', '0.00', '10.00', 0, 119, 1000),
(5507, '185.00', '170.00', '0.00', '10.00', 0, 118, 1000),
(5508, '220.00', '210.00', '0.00', '20.00', 0, 107, 1000),
(5509, '68.00', '60.00', '0.00', '5.00', 0, 1355, 1000),
(5510, '218.00', '210.00', '0.00', '10.00', 0, 107, 1001),
(5511, '267.00', '252.00', '3.00', '1.00', 0, 106, 1002),
(5512, '47.00', '36.00', '0.00', '1.00', 0, 256, 1002),
(5513, '54.00', '48.00', '0.00', '0.50', 0, 1489, 1002),
(5514, '215.00', '205.00', '0.00', '1.00', 0, 1696, 1003),
(5515, '170.00', '135.00', '10.00', '2.00', 0, 1392, 1003),
(5516, '60.00', '38.00', '2.00', '1.00', 0, 1393, 1003),
(5517, '282.00', '260.00', '0.00', '1.00', 0, 90, 1003),
(5518, '162.00', '148.00', '2.00', '1.00', 0, 1850, 1003),
(5519, '21.00', '15.50', '0.00', '1.00', 0, 558, 1003),
(5520, '7.00', '5.00', '0.00', '1.00', 0, 654, 1003),
(5521, '450.00', '350.97', '5.00', '1.00', 0, 344, 1004),
(5522, '60.00', '51.00', '9.00', '1.00', 0, 578, 1004),
(5523, '17.00', '10.90', '0.00', '2.00', 0, 1178, 1004),
(5524, '10.00', '5.80', '0.00', '1.00', 0, 1594, 1004),
(5525, '51.00', '34.00', '1.00', '0.50', 0, 108, 1004),
(5526, '56.00', '37.60', '0.00', '0.25', 0, 109, 1004),
(5527, '53.00', '35.50', '0.00', '0.25', 0, 113, 1004),
(5528, '47.00', '36.00', '0.00', '3.00', 0, 256, 1004),
(5529, '300.00', '280.00', '5.00', '3.00', 0, 79, 1004),
(5530, '75.00', '60.00', '0.00', '0.50', 0, 115, 1004),
(5531, '215.00', '205.00', '0.00', '1.00', 0, 1696, 1005),
(5532, '55.00', '39.00', '0.00', '1.00', 0, 342, 1005),
(5533, '14.00', '9.00', '0.00', '1.00', 0, 325, 1005),
(5534, '47.00', '36.00', '0.00', '2.00', 0, 256, 1005),
(5535, '15.00', '11.00', '0.00', '1.00', 0, 667, 1005),
(5536, '11.00', '5.00', '0.00', '1.00', 0, 668, 1005),
(5537, '17.00', '10.00', '0.00', '1.00', 0, 683, 1005),
(5538, '160.00', '140.00', '5.00', '1.00', 0, 756, 1005),
(5539, '70.00', '52.50', '0.00', '1.00', 0, 1082, 1006),
(5540, '88.00', '74.80', '3.00', '2.00', 0, 1865, 1007),
(5541, '47.00', '36.00', '0.00', '2.00', 0, 256, 1008),
(5542, '15.00', '10.00', '0.00', '1.00', 0, 475, 1008),
(5543, '580.00', '530.00', '0.00', '4.00', 0, 8, 1009),
(5544, '38.00', '30.00', '0.00', '2.00', 0, 162, 1009),
(5545, '35.00', '22.75', '0.00', '2.00', 0, 281, 1009),
(5546, '33.00', '25.30', '0.00', '7.00', 0, 1201, 1009),
(5547, '180.00', '160.00', '0.00', '3.00', 0, 88, 1009),
(5548, '58.00', '40.00', '1.00', '0.25', 0, 110, 1009),
(5549, '56.00', '37.60', '0.00', '0.25', 0, 112, 1009),
(5550, '53.00', '35.50', '3.00', '1.00', 0, 113, 1009),
(5551, '51.00', '34.00', '1.00', '1.00', 0, 108, 1009),
(5552, '26.00', '26.00', '0.00', '1.00', 0, 356, 1010),
(5553, '60.00', '38.00', '0.00', '3.00', 0, 1393, 1010),
(5554, '33.00', '25.30', '0.00', '8.00', 0, 1201, 1010),
(5555, '100.00', '76.00', '4.00', '1.00', 0, 1352, 1010),
(5556, '60.00', '42.40', '0.00', '0.50', 0, 111, 1010),
(5557, '51.00', '34.00', '1.00', '2.00', 0, 108, 1010),
(5558, '53.00', '35.50', '0.00', '1.00', 0, 113, 1010),
(5559, '56.00', '37.60', '2.00', '0.50', 0, 112, 1010),
(5560, '170.00', '125.00', '10.00', '1.00', 0, 1533, 1010),
(5561, '310.00', '290.00', '10.00', '1.00', 0, 93, 1010),
(5562, '33.00', '25.30', '1.00', '25.00', 0, 1201, 1011),
(5563, '65.00', '55.00', '0.00', '1.00', 0, 1503, 1011);
INSERT INTO `order_details` (`od_id`, `od_selling_price`, `od_purchase_price`, `od_discount`, `od_qty`, `od_vat`, `i_id`, `o_id`) VALUES
(5564, '60.00', '38.00', '0.00', '1.00', 0, 1393, 1011),
(5565, '180.00', '160.00', '0.00', '2.00', 0, 88, 1011),
(5566, '600.00', '540.00', '0.00', '1.00', 0, 94, 1011),
(5567, '56.00', '37.60', '4.00', '0.50', 0, 109, 1011),
(5568, '58.00', '40.00', '0.00', '0.25', 0, 110, 1011),
(5569, '155.00', '144.00', '3.00', '1.00', 0, 1576, 1011),
(5570, '68.00', '60.00', '0.00', '1.00', 0, 1355, 1011),
(5571, '75.00', '60.00', '0.00', '1.00', 0, 710, 1012),
(5572, '1250.00', '1050.00', '20.00', '1.00', 0, 1866, 1012),
(5573, '1250.00', '1050.00', '20.00', '1.00', 0, 908, 1013),
(5574, '550.00', '360.00', '20.00', '1.00', 1, 350, 1013),
(5575, '550.00', '500.00', '0.00', '1.00', 1, 1451, 1013),
(5576, '130.00', '118.00', '2.00', '4.00', 0, 119, 1013),
(5577, '215.00', '205.00', '0.00', '4.00', 0, 1696, 1013),
(5578, '62.50', '47.50', '2.50', '10.00', 0, 1354, 1014),
(5579, '50.00', '38.00', '2.00', '4.00', 0, 1202, 1014),
(5580, '33.00', '25.30', '1.00', '4.00', 0, 1201, 1014),
(5581, '66.00', '50.60', '2.00', '1.00', 0, 1351, 1014),
(5582, '83.00', '63.30', '3.00', '3.00', 0, 1353, 1014),
(5583, '162.00', '148.00', '2.00', '13.00', 0, 1850, 1014),
(5584, '53.00', '35.50', '0.00', '1.50', 0, 113, 1014),
(5585, '51.00', '34.00', '0.00', '1.00', 0, 108, 1014),
(5586, '75.00', '60.00', '0.00', '1.50', 0, 115, 1014),
(5587, '76.00', '56.00', '0.00', '1.00', 0, 740, 1015),
(5588, '40.00', '30.00', '0.00', '1.00', 0, 1454, 1015),
(5589, '18.00', '11.00', '0.00', '1.00', 0, 285, 1015),
(5590, '35.00', '30.00', '0.00', '1.00', 0, 480, 1015),
(5591, '33.00', '25.30', '1.00', '6.00', 0, 1201, 1015),
(5592, '42.00', '32.00', '2.00', '7.00', 0, 1359, 1015),
(5593, '62.50', '47.50', '2.50', '6.00', 0, 1354, 1015),
(5594, '38.00', '20.00', '3.00', '10.00', 0, 1863, 1015),
(5595, '47.00', '36.00', '0.00', '2.00', 0, 256, 1015),
(5596, '170.00', '125.00', '20.00', '1.00', 0, 1533, 1015),
(5597, '7.00', '5.00', '0.00', '1.00', 0, 654, 1015),
(5598, '93.75', '83.00', '0.00', '4.00', 0, 1432, 1016),
(5599, '33.00', '25.30', '1.00', '15.00', 0, 1201, 1016),
(5600, '60.00', '42.40', NULL, '0.50', 0, 111, 1016),
(5601, '180.00', '160.00', '0.00', '3.00', 0, 88, 1016),
(5602, '18.00', '3.00', '0.00', '1.00', 0, 548, 1016),
(5603, '15.00', '8.50', '0.00', '2.00', 0, 860, 1016),
(5604, '250.00', '183.00', '0.00', '1.00', 0, 254, 1016),
(5605, '178.00', '158.00', '0.00', '1.00', 1, 1265, 1016),
(5606, '290.00', '217.30', '0.00', '1.00', 1, 1440, 1017),
(5607, '55.00', '45.00', '0.00', '1.00', 0, 1193, 1017),
(5608, '140.00', '105.00', '0.00', '2.00', 0, 1198, 1017),
(5609, '35.00', '25.00', '0.00', '3.00', 0, 1196, 1017),
(5610, '42.00', '32.00', '0.00', '2.00', 0, 1197, 1017),
(5611, '20.00', '12.00', '0.00', '6.00', 0, 1194, 1017),
(5612, '2.00', '1.42', '0.00', '7.00', 0, 1537, 1017),
(5613, '60.00', '45.00', '0.00', '1.00', 0, 1698, 1017),
(5614, '3.00', '1.10', '0.00', '3.00', 0, 568, 1017),
(5615, '46.00', '36.97', '0.00', '14.00', 0, 1160, 1017),
(5616, '20.00', '12.00', '0.00', '2.00', 0, 1195, 1017),
(5617, '235.00', '200.00', '0.00', '1.00', 1, 1860, 1017),
(5618, '18.00', '12.00', '0.00', '2.00', 0, 1694, 1017),
(5619, '175.00', '100.00', '0.00', '1.00', 0, 865, 1017),
(5620, '42.00', '32.00', '2.00', '10.00', 0, 1359, 1018),
(5621, '900.00', '648.00', '50.00', '2.00', 0, 1700, 1018),
(5622, '53.00', '35.50', '0.00', '2.00', 0, 113, 1018),
(5623, '51.00', '34.00', '0.00', '2.00', 0, 108, 1018),
(5624, '60.00', '42.40', '0.00', '0.50', 0, 111, 1018),
(5625, '7.00', '5.00', '0.00', '120.00', 0, 64, 1019),
(5626, '218.00', '210.00', '0.00', '5.00', 0, 107, 1019),
(5627, '68.00', '60.00', '0.00', '1.00', 0, 1355, 1019),
(5628, '130.00', '118.00', '0.00', '2.00', 0, 119, 1019),
(5629, '48.00', '35.00', '0.00', '3.00', 1, 125, 1019),
(5630, '100.00', '68.00', '0.00', '0.50', 0, 1510, 1019),
(5631, '42.00', '32.00', '2.00', '150.00', 0, 1359, 1020),
(5632, '706.00', '606.00', '6.00', '1.00', 0, 1216, 1020),
(5633, '55.00', '42.00', '0.00', '3.00', 0, 1832, 1020),
(5634, '7.00', '5.00', '0.00', '3.00', 0, 654, 1020),
(5635, '175.00', '144.00', '5.00', '1.00', 1, 1227, 1020),
(5636, '170.00', '125.00', '10.00', '1.00', 0, 1533, 1020),
(5637, '60.00', '38.00', '0.00', '1.00', 0, 1393, 1020),
(5638, '65.00', '55.00', '0.00', '2.00', 0, 1509, 1020),
(5639, '12.00', '6.30', '0.00', '1.00', 0, 635, 1020),
(5640, '850.00', '820.00', '5.00', '2.00', 0, 738, 1021),
(5641, '130.00', '118.00', '5.00', '10.00', 0, 119, 1021),
(5642, '218.00', '210.00', '0.00', '1.00', 0, 107, 1022),
(5643, '48.00', '35.00', '0.00', '2.00', 1, 125, 1022),
(5644, '162.00', '148.00', '0.00', '2.00', 0, 1850, 1022),
(5645, '14.00', '10.00', '0.00', '20.00', 0, 1800, 1022),
(5646, '7.00', '5.00', '0.00', '20.00', 0, 64, 1022),
(5647, '133.00', '114.00', '0.00', '4.00', 0, 674, 1022),
(5648, '21.00', '18.00', '0.00', '6.00', 0, 676, 1022),
(5649, '39.00', '30.00', '0.00', '2.00', 0, 678, 1022),
(5650, '85.00', '80.00', '0.00', '1.00', 0, 681, 1022),
(5651, '179.00', '165.00', '4.00', '5.00', 0, 1369, 1023),
(5652, '475.00', '440.00', '3.00', '1.00', 0, 91, 1023),
(5653, '120.00', '100.00', '0.00', '0.50', 0, 1365, 1023),
(5654, '55.00', '42.00', '0.00', '1.00', 0, 1832, 1023),
(5655, '37.00', '31.60', '0.00', '1.00', 1, 1743, 1023),
(5656, '75.00', '60.00', '0.00', '0.25', 0, 115, 1023),
(5657, '10.50', '6.58', '0.00', '2.00', 0, 551, 1023),
(5658, '33.00', '25.30', '0.00', '4.00', 0, 1201, 1024),
(5659, '42.00', '32.00', '0.00', '4.00', 0, 1359, 1024),
(5660, '14.00', '10.50', '0.50', '20.00', 0, 349, 1024),
(5661, '15.00', '10.00', '2.00', '2.00', 0, 423, 1024),
(5662, '47.00', '36.00', '0.00', '1.00', 0, 256, 1024),
(5663, '68.00', '60.00', '0.00', '1.75', 0, 1355, 1024),
(5664, '15.00', '9.75', '0.00', '1.00', 0, 1828, 1024),
(5665, '162.00', '148.00', '2.00', '2.00', 0, 1850, 1025),
(5666, '236.00', '222.00', '5.00', '2.00', 0, 1848, 1025),
(5667, '33.00', '25.30', '0.00', '3.00', 0, 1201, 1025),
(5668, '7.00', '5.00', '0.00', '1.00', 0, 654, 1025),
(5669, '56.00', '37.60', '0.00', '0.25', 0, 109, 1025),
(5670, '53.00', '35.50', '0.00', '1.25', 0, 113, 1025),
(5671, '42.00', '32.00', '2.00', '4.00', 0, 1359, 1025),
(5672, '218.00', '210.00', '0.00', '4.00', 0, 107, 1026),
(5673, '215.00', '205.00', '3.00', '10.00', 0, 1696, 1026),
(5674, '162.00', '148.00', '0.00', '4.00', 0, 1850, 1026),
(5675, '56.00', '37.60', '0.00', '0.25', 0, 109, 1026),
(5676, '32.00', '10.00', '0.00', '17.00', 0, 62, 1027),
(5677, '35.00', '26.25', '0.00', '3.00', 0, 1292, 1027),
(5678, '25.00', '17.25', '0.00', '2.00', 1, 1326, 1027),
(5679, '32.00', '19.00', '0.00', '1.00', 0, 588, 1027),
(5680, '73.00', '54.75', '3.00', '1.00', 1, 1318, 1027),
(5681, '99.00', '74.25', '0.00', '1.00', 0, 1147, 1027),
(5682, '47.00', '36.00', '0.00', '1.00', 0, 256, 1027),
(5683, '100.00', '90.00', '0.00', '2.00', 1, 1718, 1028),
(5684, '69.00', '41.40', '2.00', '1.00', 0, 1689, 1028),
(5685, '53.00', '41.00', '0.00', '2.00', 0, 525, 1028),
(5686, '23.50', '26.00', '0.00', '1.00', 0, 356, 1028),
(5687, '28.00', '12.00', '0.00', '1.00', 0, 542, 1028),
(5688, '212.00', '138.00', '0.00', '1.00', 0, 1153, 1028),
(5689, '3.00', '1.00', '0.00', '10.00', 0, 939, 1028),
(5690, '42.00', '32.00', '1.00', '4.00', 0, 1359, 1028),
(5691, '33.00', '25.30', '1.00', '2.00', 0, 1201, 1028),
(5692, '60.00', '42.40', '0.00', '0.25', 0, 111, 1028),
(5693, '350.00', '262.50', '0.00', '1.00', 0, 1867, 1028),
(5694, '60.00', '38.00', '5.00', '4.00', 0, 1393, 1029),
(5695, '42.00', '32.00', '1.00', '5.00', 0, 1359, 1029),
(5696, '33.00', '25.30', '1.00', '5.00', 0, 1201, 1029),
(5697, '56.00', '37.60', '0.00', '0.50', 0, 109, 1029),
(5698, '56.00', '37.60', '0.00', '0.50', 0, 112, 1029),
(5699, '53.00', '35.50', '0.00', '0.50', 0, 113, 1029),
(5700, '62.50', '47.50', '2.50', '10.00', 0, 1354, 1030),
(5701, '42.00', '32.00', '2.00', '7.00', 0, 1359, 1030),
(5702, '51.00', '34.00', '0.00', '1.00', 0, 108, 1030);

-- --------------------------------------------------------

--
-- Table structure for table `purchase_orders`
--

CREATE TABLE IF NOT EXISTS `purchase_orders` (
  `po_id` int(11) NOT NULL AUTO_INCREMENT,
  `po_purchase_order_number` int(11) DEFAULT NULL,
  `po_date` datetime DEFAULT NULL,
  `po_status` varchar(1) DEFAULT NULL,
  `po_created_by` int(11) DEFAULT NULL,
  `s_id` int(11) DEFAULT NULL,
  `is_deleted` tinyint(1) DEFAULT '0',
  PRIMARY KEY (`po_id`)
) ENGINE=InnoDB  DEFAULT CHARSET=latin1 AUTO_INCREMENT=3 ;

--
-- Dumping data for table `purchase_orders`
--

INSERT INTO `purchase_orders` (`po_id`, `po_purchase_order_number`, `po_date`, `po_status`, `po_created_by`, `s_id`, `is_deleted`) VALUES
(1, 1, '2013-11-14 07:33:10', 'C', 2, 12, 1),
(2, 2, '2013-11-30 11:14:12', 'O', 2, 63, 0);

-- --------------------------------------------------------

--
-- Table structure for table `purchase_order_details`
--

CREATE TABLE IF NOT EXISTS `purchase_order_details` (
  `pod_id` int(11) NOT NULL AUTO_INCREMENT,
  `pod_purchase_price` decimal(15,2) DEFAULT NULL,
  `pod_qty` decimal(15,2) DEFAULT NULL,
  `pod_received` decimal(15,2) DEFAULT NULL,
  `po_id` int(11) DEFAULT NULL,
  `i_id` int(11) DEFAULT NULL,
  PRIMARY KEY (`pod_id`)
) ENGINE=InnoDB  DEFAULT CHARSET=latin1 AUTO_INCREMENT=10 ;

--
-- Dumping data for table `purchase_order_details`
--

INSERT INTO `purchase_order_details` (`pod_id`, `pod_purchase_price`, `pod_qty`, `pod_received`, `po_id`, `i_id`) VALUES
(1, '50.00', '1.00', '1.00', 1, 1013),
(6, '252.00', '200.00', '0.00', 2, 106),
(7, '280.00', '200.00', '0.00', 2, 79),
(8, '336.00', '200.00', '0.00', 2, 80),
(9, '224.00', '200.00', '0.00', 2, 78);

-- --------------------------------------------------------

--
-- Table structure for table `receivings`
--

CREATE TABLE IF NOT EXISTS `receivings` (
  `r_id` int(11) NOT NULL AUTO_INCREMENT,
  `r_receiving_number` int(11) DEFAULT NULL,
  `r_date` datetime DEFAULT NULL,
  `r_status` varchar(1) DEFAULT NULL,
  `r_received_by` int(11) DEFAULT NULL,
  `s_id` int(11) DEFAULT NULL,
  `po_id` int(11) DEFAULT NULL,
  PRIMARY KEY (`r_id`)
) ENGINE=InnoDB  DEFAULT CHARSET=latin1 AUTO_INCREMENT=151 ;

--
-- Dumping data for table `receivings`
--

INSERT INTO `receivings` (`r_id`, `r_receiving_number`, `r_date`, `r_status`, `r_received_by`, `s_id`, `po_id`) VALUES
(1, 1, '2013-11-13 16:30:49', 'V', 3, 5, NULL),
(2, 2, '2013-11-14 07:33:48', 'V', 2, 12, 1),
(3, 3, '2013-11-15 12:56:58', 'P', 3, 63, NULL),
(4, 4, '2013-11-15 12:59:50', 'P', 3, 63, NULL),
(5, 5, '2013-11-18 14:20:47', 'P', 2, 9, NULL),
(6, 6, '2013-11-18 14:21:27', 'P', 2, 9, NULL),
(7, 7, '2013-11-18 14:24:58', 'P', 2, 23, NULL),
(8, 8, '2013-11-18 14:52:52', 'P', 2, 1, NULL),
(9, 9, '2013-11-18 14:56:27', 'P', 2, 1, NULL),
(10, 10, '2013-11-18 15:00:26', 'P', 2, 18, NULL),
(11, 11, '2013-11-18 16:05:35', 'P', 2, 5, NULL),
(12, 12, '2013-11-18 16:06:39', 'V', 2, 5, NULL),
(13, 13, '2013-11-18 17:25:38', 'P', 2, 7, NULL),
(14, 14, '2013-11-18 17:28:06', 'P', 2, 63, NULL),
(15, 15, '2013-11-18 17:29:58', 'P', 2, 63, NULL),
(16, 16, '2013-11-18 17:31:37', 'P', 2, 63, NULL),
(17, 17, '2013-11-19 10:43:33', 'P', 3, 20, NULL),
(18, 18, '2013-11-19 10:45:33', 'P', 3, 20, NULL),
(19, 19, '2013-11-19 13:01:17', 'P', 3, 5, NULL),
(20, 20, '2013-11-19 15:13:39', 'V', 1, 2, NULL),
(21, 21, '2013-11-19 15:13:55', 'V', 1, 12, NULL),
(22, 22, '2013-11-19 15:15:14', 'V', 1, 2, NULL),
(23, 23, '2013-11-19 15:49:05', 'V', 1, NULL, NULL),
(24, 24, '2013-11-19 15:50:22', 'V', 1, NULL, NULL),
(25, 25, '2013-11-19 15:50:42', 'V', 1, NULL, NULL),
(26, 26, '2013-11-19 15:53:54', 'V', 1, NULL, NULL),
(27, 27, '2013-11-19 16:12:59', 'P', 3, NULL, NULL),
(28, 28, '2013-11-20 09:00:28', 'P', 3, NULL, NULL),
(29, 29, '2013-11-21 08:15:03', 'P', 2, NULL, NULL),
(30, 30, '2013-11-21 08:22:45', 'P', 2, NULL, NULL),
(31, 31, '2013-11-21 09:07:36', 'P', 2, NULL, NULL),
(32, 32, '2013-11-21 15:56:58', 'P', 3, NULL, NULL),
(33, 33, '2013-11-21 17:24:37', 'P', 3, NULL, NULL),
(34, 34, '2013-11-22 08:21:26', 'P', 2, NULL, NULL),
(35, 35, '2013-11-22 08:29:09', 'P', 2, NULL, NULL),
(36, 36, '2013-11-22 11:42:05', 'P', 2, NULL, NULL),
(37, 37, '2013-11-22 11:43:23', 'P', 2, NULL, NULL),
(38, 38, '2013-11-22 11:46:41', 'P', 2, NULL, NULL),
(39, 39, '2013-11-22 11:54:08', 'P', 2, NULL, NULL),
(40, 40, '2013-11-22 11:54:58', 'P', 2, NULL, NULL),
(41, 41, '2013-11-22 12:00:43', 'P', 2, NULL, NULL),
(42, 42, '2013-11-22 12:38:14', 'P', 2, NULL, NULL),
(43, 43, '2013-11-22 12:59:09', 'P', 2, NULL, NULL),
(44, 44, '2013-11-22 13:02:34', 'P', 2, NULL, NULL),
(45, 45, '2013-11-22 16:51:08', 'P', 2, NULL, NULL),
(46, 46, '2013-11-25 07:55:37', 'P', 2, NULL, NULL),
(47, 47, '2013-11-25 10:41:50', 'P', 2, NULL, NULL),
(48, 48, '2013-11-25 13:33:19', 'P', 2, NULL, NULL),
(49, 49, '2013-11-25 14:15:33', 'P', 2, NULL, NULL),
(50, 50, '2013-11-25 15:52:43', 'P', 2, NULL, NULL),
(51, 51, '2013-11-25 17:11:45', 'P', 2, NULL, NULL),
(52, 52, '2013-11-26 11:28:30', 'P', 2, NULL, NULL),
(53, 53, '2013-11-26 17:29:57', 'P', 3, NULL, NULL),
(54, 54, '2013-11-27 10:13:20', 'V', 3, NULL, NULL),
(55, 55, '2013-11-27 11:51:59', 'P', 3, NULL, NULL),
(56, 56, '2013-11-27 12:42:20', 'P', 3, NULL, NULL),
(57, 57, '2013-11-27 12:53:21', 'P', 2, NULL, NULL),
(58, 58, '2013-11-27 13:07:47', 'P', 2, NULL, NULL),
(59, 59, '2013-11-27 15:26:15', 'P', 3, NULL, NULL),
(60, 60, '2013-11-27 17:37:58', 'P', 3, NULL, NULL),
(61, 61, '2013-11-28 11:11:37', 'P', 2, NULL, NULL),
(62, 62, '2013-11-28 14:50:47', 'P', 6, NULL, NULL),
(63, 63, '2013-11-28 16:32:15', 'P', 6, NULL, NULL),
(64, 64, '2013-11-29 08:29:32', 'P', 2, NULL, NULL),
(65, 65, '2013-11-29 08:31:15', 'P', 2, NULL, NULL),
(66, 66, '2013-11-29 08:33:54', 'P', 2, NULL, NULL),
(67, 67, '2013-11-29 16:32:29', 'P', 2, NULL, NULL),
(68, 68, '2013-11-29 17:37:04', 'P', 2, NULL, NULL),
(69, 69, '2013-11-30 13:44:06', 'P', 3, NULL, NULL),
(70, 70, '2013-11-30 13:55:25', 'P', 3, NULL, NULL),
(71, 71, '2013-11-30 14:24:49', 'P', 3, NULL, NULL),
(72, 72, '2013-11-30 15:49:55', 'P', 3, NULL, NULL),
(73, 73, '2013-12-02 09:02:48', 'P', 2, NULL, NULL),
(74, 74, '2013-12-02 11:37:34', 'P', 3, NULL, NULL),
(75, 75, '2013-12-02 11:44:51', 'V', 3, NULL, NULL),
(76, 76, '2013-12-02 12:42:50', 'P', 3, NULL, NULL),
(77, 77, '2013-12-02 12:47:12', 'P', 3, NULL, NULL),
(78, 78, '2013-12-03 13:57:50', 'P', 6, NULL, NULL),
(79, 79, '2013-12-03 16:20:52', 'V', 6, NULL, NULL),
(80, 80, '2013-12-04 12:08:52', 'P', 6, NULL, NULL),
(81, 81, '2013-12-05 16:14:09', 'P', 6, NULL, NULL),
(82, 82, '2013-12-05 17:23:36', 'P', 6, NULL, NULL),
(83, 83, '2013-12-05 17:23:58', 'P', 6, NULL, NULL),
(84, 84, '2013-12-10 17:48:35', 'P', 6, NULL, NULL),
(85, 85, '2013-12-12 07:40:48', 'P', 3, NULL, NULL),
(86, 86, '2013-12-12 08:03:04', 'P', 3, NULL, NULL),
(87, 87, '2013-12-12 08:50:15', 'P', 3, NULL, NULL),
(88, 88, '2013-12-12 08:51:52', 'P', 3, NULL, NULL),
(89, 89, '2013-12-16 17:55:32', 'P', 3, NULL, NULL),
(90, 90, '2013-12-18 07:53:39', 'V', 2, NULL, NULL),
(91, 91, '2013-12-18 07:55:01', 'P', 2, NULL, NULL),
(92, 92, '2013-12-18 08:14:44', 'P', 2, NULL, NULL),
(93, 93, '2013-12-18 17:03:25', 'P', 2, NULL, NULL),
(94, 94, '2013-12-19 08:29:32', 'P', 6, NULL, NULL),
(95, 95, '2013-12-20 16:34:47', 'P', 6, NULL, NULL),
(96, 96, '2013-12-21 08:47:56', 'P', 6, NULL, NULL),
(97, 97, '2013-12-27 09:10:47', 'P', 6, NULL, NULL),
(98, 98, '2013-12-27 09:16:12', 'P', 6, NULL, NULL),
(99, 99, '2013-12-27 09:17:04', 'P', 6, NULL, NULL),
(100, 100, '2013-12-27 09:30:18', 'P', 2, NULL, NULL),
(101, 101, '2013-12-27 09:42:49', 'P', 2, NULL, NULL),
(102, 102, '2013-12-27 14:30:53', 'P', 2, NULL, NULL),
(103, 103, '2013-12-28 12:00:14', 'P', 2, NULL, NULL),
(104, 104, '2013-12-28 17:25:18', 'P', NULL, NULL, NULL),
(105, 105, '2013-12-28 17:30:18', 'P', 6, NULL, NULL),
(106, 106, '2013-12-28 17:44:46', 'P', 2, NULL, NULL),
(107, 107, '2013-12-30 13:41:27', 'P', 2, NULL, NULL),
(108, 108, '2013-12-30 15:51:33', 'P', 2, NULL, NULL),
(109, 109, '2013-12-30 17:43:41', 'P', NULL, NULL, NULL),
(110, 110, '2013-12-30 17:47:17', 'P', NULL, NULL, NULL),
(111, 111, '2013-12-30 18:15:12', 'P', 2, NULL, NULL),
(112, 112, '2013-12-30 18:20:41', 'P', 2, NULL, NULL),
(113, 113, '2014-01-02 15:15:20', 'P', 2, NULL, NULL),
(114, 114, '2014-01-03 08:20:07', 'P', 3, NULL, NULL),
(115, 115, '2014-01-03 09:09:46', 'P', 3, NULL, NULL),
(116, 116, '2014-01-03 13:12:19', 'P', 3, NULL, NULL),
(117, 117, '2014-01-03 13:13:40', 'P', 3, NULL, NULL),
(118, 118, '2014-01-03 13:16:05', 'V', 3, NULL, NULL),
(119, 119, '2014-01-03 13:16:48', 'V', 3, NULL, NULL),
(120, 120, '2014-01-03 13:32:51', 'P', 3, NULL, NULL),
(121, 121, '2014-01-03 16:59:41', 'P', 2, NULL, NULL),
(122, 122, '2014-01-04 12:51:13', 'P', 2, NULL, NULL),
(123, 123, '2014-01-06 08:45:24', 'P', 2, NULL, NULL),
(124, 124, '2014-01-06 10:41:16', 'P', 2, NULL, NULL),
(125, 125, '2014-01-06 16:12:03', 'P', 2, NULL, NULL),
(126, 126, '2014-01-07 09:43:13', 'V', 2, NULL, NULL),
(127, 127, '2014-01-07 13:29:13', 'P', 2, NULL, NULL),
(128, 128, '2014-01-07 13:37:21', 'P', 2, NULL, NULL),
(129, 129, '2014-01-07 13:41:42', 'P', 2, NULL, NULL),
(130, 130, '2014-01-07 13:54:49', 'P', 2, NULL, NULL),
(131, 131, '2014-01-07 14:16:12', 'P', 2, NULL, NULL),
(132, 132, '2014-01-08 15:02:38', 'P', 2, NULL, NULL),
(133, 133, '2014-01-08 17:01:53', 'P', 2, NULL, NULL),
(134, 134, '2014-01-09 13:07:54', 'P', 2, NULL, NULL),
(135, 135, '2014-01-09 13:27:54', 'P', 2, NULL, NULL),
(136, 136, '2014-01-09 13:34:57', 'P', 2, NULL, NULL),
(137, 137, '2014-01-09 13:39:04', 'P', 2, NULL, NULL),
(138, 138, '2014-01-11 12:08:23', 'P', 2, NULL, NULL),
(139, 139, '2014-01-11 13:39:46', 'P', 2, NULL, NULL),
(140, 140, '2014-01-11 14:06:55', 'P', 2, NULL, NULL),
(141, 141, '2014-01-11 14:07:48', 'P', 2, NULL, NULL),
(142, 142, '2014-01-11 16:37:28', 'P', 3, NULL, NULL),
(143, 143, '2014-01-11 17:00:28', 'P', 3, NULL, NULL),
(144, 144, '2014-01-13 13:38:43', 'P', 2, NULL, NULL),
(145, 145, '2014-01-13 16:22:20', 'P', 2, NULL, NULL),
(146, 146, '2014-01-13 16:30:05', 'P', 2, NULL, NULL),
(147, 147, '2014-01-15 16:01:21', 'P', 2, NULL, NULL),
(148, 148, '2014-01-16 14:23:39', 'P', 2, NULL, NULL),
(149, 149, '2014-01-16 15:15:31', 'P', 2, NULL, NULL),
(150, 150, '2014-01-17 14:06:23', 'P', 2, NULL, NULL);

-- --------------------------------------------------------

--
-- Table structure for table `receiving_details`
--

CREATE TABLE IF NOT EXISTS `receiving_details` (
  `rd_id` int(11) NOT NULL AUTO_INCREMENT,
  `rd_purchase_price` decimal(15,2) DEFAULT NULL,
  `rd_qty` decimal(15,2) DEFAULT NULL,
  `r_id` int(11) DEFAULT NULL,
  `i_id` int(11) DEFAULT NULL,
  PRIMARY KEY (`rd_id`)
) ENGINE=InnoDB  DEFAULT CHARSET=latin1 AUTO_INCREMENT=713 ;

--
-- Dumping data for table `receiving_details`
--

INSERT INTO `receiving_details` (`rd_id`, `rd_purchase_price`, `rd_qty`, `r_id`, `i_id`) VALUES
(1, '626.00', '10.00', 1, 1216),
(2, '50.00', '1.00', 2, 1013),
(3, '132.00', '150.00', 3, 1368),
(4, '165.00', '100.00', 3, 1369),
(5, '198.00', '100.00', 3, 1370),
(6, '148.00', '150.00', 3, 1366),
(7, '185.00', '150.00', 3, 81),
(8, '222.00', '100.00', 3, 1367),
(9, '140.00', '200.00', 4, 1418),
(10, '175.00', '100.00', 4, 1419),
(11, '210.00', '100.00', 4, 1420),
(12, '210.00', '169.00', 5, 107),
(13, '210.00', '69.00', 6, 107),
(14, '40.00', '23.00', 7, 1337),
(15, '451.00', '16.00', 8, 31),
(16, '25.41', '48.00', 8, 162),
(17, '570.00', '12.00', 9, 94),
(18, '880.00', '10.00', 9, 95),
(19, '740.00', '10.00', 9, 96),
(20, '210.00', '300.00', 10, 107),
(21, '5.00', '3570.00', 11, 64),
(22, '6.00', '400.00', 12, 1110),
(23, '380.00', '21.00', 13, 1396),
(24, '320.00', '37.00', 13, 1397),
(25, '224.00', '60.00', 14, 106),
(26, '336.00', '50.00', 14, 80),
(27, '252.00', '75.00', 15, 106),
(28, '224.00', '75.00', 16, 78),
(29, '120.00', '700.00', 17, 119),
(30, '172.00', '100.00', 18, 118),
(31, '56.00', '100.00', 18, 740),
(32, '79.00', '100.00', 18, 739),
(33, '38.00', '100.00', 18, 125),
(34, '40.00', '100.00', 18, 124),
(35, '20.00', '100.00', 18, 742),
(36, '6.00', '400.00', 19, 1110),
(37, '180.00', '1.00', 20, 1400),
(38, '50.00', '1.00', 21, 662),
(39, '180.00', '1.00', 22, 1400),
(40, '473.00', '1.00', 23, 9),
(41, '473.00', '1.00', 24, 9),
(42, '473.00', '1.00', 25, 9),
(43, '5.00', '1.00', 26, 1403),
(44, '171.83', '24.00', 27, 1258),
(45, '173.10', '12.00', 27, 1259),
(46, '188.16', '24.00', 27, 1261),
(47, '90.00', '13.00', 28, 1391),
(48, '131.00', '24.00', 29, 270),
(49, '500.00', '7.00', 30, 269),
(50, '505.00', '2.00', 31, 178),
(51, '515.00', '4.00', 31, 182),
(52, '505.00', '2.00', 31, 171),
(53, '505.00', '2.00', 31, 183),
(54, '515.00', '4.00', 31, 174),
(55, '515.00', '4.00', 31, 188),
(56, '515.00', '2.00', 31, 175),
(57, '515.00', '1.00', 31, 179),
(58, '515.00', '2.00', 31, 167),
(59, '515.00', '3.00', 31, 168),
(60, '505.00', '1.00', 31, 176),
(61, '515.00', '4.00', 32, 173),
(62, '550.00', '2.00', 32, 180),
(63, '515.00', '1.00', 32, 181),
(64, '550.00', '2.00', 32, 184),
(65, '505.00', '2.00', 32, 187),
(66, '505.00', '2.00', 32, 186),
(67, '485.00', '1.00', 32, 190),
(68, '515.00', '2.00', 32, 189),
(69, '505.00', '2.00', 32, 1513),
(70, '515.00', '3.00', 32, 1514),
(71, '137.00', '6.00', 33, 204),
(72, '135.00', '5.00', 33, 206),
(73, '137.00', '7.00', 33, 192),
(74, '149.00', '6.00', 33, 205),
(75, '135.00', '5.00', 33, 201),
(76, '135.00', '6.00', 33, 196),
(77, '135.00', '3.00', 33, 202),
(78, '137.00', '3.00', 33, 197),
(79, '165.00', '5.00', 33, 194),
(80, '155.00', '5.00', 33, 200),
(81, '135.00', '3.00', 33, 195),
(82, '137.00', '6.00', 33, 198),
(83, '149.00', '5.00', 33, 199),
(84, '135.00', '5.00', 33, 203),
(85, '140.00', '6.00', 33, 193),
(86, '135.00', '6.00', 33, 1516),
(87, '135.00', '6.00', 34, 1517),
(88, '135.00', '3.00', 34, 195),
(89, '515.00', '2.00', 35, 179),
(90, '505.00', '2.00', 35, 176),
(91, '450.00', '4.00', 36, 594),
(92, '550.00', '5.00', 37, 593),
(93, '550.00', '6.00', 37, 592),
(94, '120.00', '4.00', 38, 1525),
(95, '866.00', '14.00', 39, 1220),
(96, '806.00', '72.00', 39, 1219),
(97, '680.00', '1.00', 40, 1217),
(98, '666.00', '1.00', 41, 1430),
(99, '624.00', '1.00', 41, 1208),
(100, '740.00', '2.00', 42, 1528),
(101, '840.00', '1.00', 42, 1223),
(102, '45.00', '8.00', 42, 553),
(103, '11.00', '130.00', 42, 285),
(104, '11.00', '58.00', 42, 282),
(105, '11.00', '1.00', 42, 288),
(106, '11.00', '21.00', 43, 1530),
(107, '11.00', '108.00', 43, 284),
(108, '11.00', '4.00', 43, 289),
(109, '11.00', '8.00', 43, 1531),
(110, '11.00', '20.00', 44, 522),
(111, '41.00', '25.00', 44, 525),
(112, '11.00', '104.00', 44, 1532),
(113, '125.00', '30.00', 45, 1533),
(114, '80.00', '29.00', 45, 1534),
(115, '36.50', '150.00', 46, 125),
(116, '570.00', '15.00', 46, 94),
(117, '920.00', '5.00', 46, 95),
(118, '5.00', '20.00', 47, 666),
(119, '10.00', '68.00', 47, 667),
(120, '5.00', '7.00', 47, 668),
(121, '10.00', '4.00', 47, 669),
(122, '20.00', '77.00', 47, 671),
(123, '40.00', '52.00', 47, 672),
(124, '10.00', '82.00', 47, 675),
(125, '18.00', '60.00', 47, 676),
(126, '10.00', '19.00', 47, 677),
(127, '30.00', '25.00', 47, 678),
(128, '30.00', '29.00', 47, 682),
(129, '30.00', '20.00', 47, 680),
(130, '10.00', '28.00', 47, 683),
(131, '80.00', '21.00', 47, 681),
(132, '20.00', '11.00', 47, 686),
(133, '30.00', '30.00', 47, 687),
(134, '50.00', '42.00', 47, 689),
(135, '10.00', '31.00', 47, 696),
(136, '40.00', '12.00', 47, 693),
(137, '30.00', '32.00', 47, 694),
(138, '40.00', '29.00', 47, 691),
(139, '40.00', '36.00', 47, 698),
(140, '40.00', '35.00', 47, 697),
(141, '80.00', '39.00', 47, 692),
(142, '585.00', '1.00', 48, 1212),
(143, '390.00', '3.00', 48, 1210),
(144, '380.00', '10.00', 48, 1396),
(145, '350.97', '5.00', 49, 343),
(146, '130.00', '8.00', 49, 452),
(147, '350.97', '2.00', 49, 454),
(148, '450.00', '2.00', 49, 455),
(149, '340.00', '2.00', 49, 449),
(150, '262.50', '1.00', 49, 1558),
(151, '262.50', '2.00', 49, 1557),
(152, '170.00', '3.00', 49, 453),
(153, '50.00', '3.00', 49, 464),
(154, '56.97', '12.00', 49, 333),
(155, '200.00', '3.00', 49, 442),
(156, '190.00', '1.00', 49, 443),
(157, '300.00', '2.00', 49, 445),
(158, '170.00', '1.00', 50, 444),
(159, '159.00', '3.00', 50, 451),
(160, '165.00', '3.00', 50, 450),
(161, '460.00', '2.00', 50, 447),
(162, '90.00', '6.00', 50, 436),
(163, '90.00', '3.00', 50, 434),
(164, '90.00', '3.00', 50, 435),
(165, '50.00', '17.00', 50, 438),
(166, '125.00', '6.00', 50, 634),
(167, '133.00', '4.00', 50, 440),
(168, '85.00', '10.00', 50, 627),
(169, '229.00', '1.00', 50, 1560),
(170, '115.25', '2.00', 50, 1561),
(171, '95.00', '1.00', 50, 506),
(172, '25.00', '6.00', 50, 459),
(173, '25.00', '4.00', 50, 1562),
(174, '55.00', '1.00', 50, 1564),
(175, '60.00', '2.00', 50, 1563),
(176, '52.50', '50.00', 51, 1567),
(177, '52.50', '128.00', 51, 1082),
(178, '52.50', '37.00', 51, 1083),
(179, '67.50', '57.00', 51, 1085),
(180, '86.25', '56.00', 51, 1086),
(181, '86.25', '64.00', 51, 1087),
(182, '90.00', '33.00', 51, 1088),
(183, '105.00', '8.00', 51, 1089),
(184, '123.75', '90.00', 51, 1090),
(185, '123.75', '50.00', 51, 1568),
(186, '15.00', '13.00', 51, 1093),
(187, '15.00', '28.00', 51, 1569),
(188, '15.00', '18.00', 51, 1570),
(189, '232.50', '7.00', 51, 1091),
(190, '285.00', '3.00', 51, 1092),
(191, '75.00', '11.00', 51, 1097),
(192, '75.00', '19.00', 51, 1098),
(193, '75.00', '11.00', 51, 1099),
(194, '105.00', '34.00', 51, 1101),
(195, '75.00', '19.00', 51, 1100),
(196, '105.00', '6.00', 51, 1572),
(197, '105.00', '6.00', 51, 1102),
(198, '150.00', '1.00', 51, 1103),
(199, '150.00', '1.00', 51, 1573),
(200, '127.50', '8.00', 51, 1104),
(201, '67.50', '1.00', 51, 1107),
(202, '107.00', '65.00', 52, 117),
(203, '152.35', '50.00', 52, 743),
(204, '84.00', '25.00', 52, 744),
(205, '440.00', '25.00', 52, 91),
(206, '267.00', '30.00', 52, 90),
(207, '288.00', '20.00', 52, 93),
(208, '88.00', '6.00', 53, 142),
(209, '82.00', '4.00', 53, 141),
(210, '82.00', '7.00', 53, 143),
(211, '97.00', '4.00', 53, 148),
(212, '59.00', '12.00', 53, 147),
(213, '117.00', '8.00', 53, 144),
(214, '59.00', '11.00', 53, 146),
(215, '59.00', '9.00', 53, 145),
(216, '82.00', '6.00', 53, 1586),
(217, '50.00', '8.00', 53, 219),
(218, '45.00', '8.00', 53, 220),
(219, '51.00', '7.00', 53, 218),
(220, '45.00', '11.00', 53, 217),
(221, '210.00', '400.00', 54, 107),
(222, '9.60', '49.00', 55, 328),
(223, '5.00', '65.00', 55, 425),
(224, '3.00', '44.00', 55, 432),
(225, '5.90', '53.00', 55, 327),
(226, '9.00', '31.00', 55, 489),
(227, '12.00', '1.00', 55, 428),
(228, '10.00', '64.00', 55, 426),
(229, '10.00', '61.00', 55, 427),
(230, '10.00', '30.00', 55, 490),
(231, '10.00', '75.00', 55, 431),
(232, '210.00', '250.00', 56, 107),
(233, '5.00', '600.00', 57, 64),
(234, '5.00', '4500.00', 58, 64),
(235, '30.00', '2.00', 59, 1414),
(236, '30.00', '1.00', 59, 1591),
(237, '30.00', '2.00', 59, 1592),
(238, '30.00', '7.00', 59, 1593),
(239, '26.25', '31.00', 59, 1312),
(240, '26.25', '29.00', 59, 1314),
(241, '18.75', '20.00', 59, 1317),
(242, '18.75', '20.00', 59, 1316),
(243, '18.75', '20.00', 59, 1315),
(244, '330.00', '3.00', 59, 1494),
(245, '52.50', '49.00', 59, 1284),
(246, '30.00', '4.00', 59, 1285),
(247, '60.00', '9.00', 59, 1286),
(248, '48.75', '12.00', 59, 1287),
(249, '60.00', '15.00', 59, 1289),
(250, '33.75', '12.00', 59, 1290),
(251, '22.50', '6.00', 59, 1291),
(252, '8.25', '21.00', 59, 1297),
(253, '12.00', '9.00', 59, 1294),
(254, '18.75', '25.00', 59, 1301),
(255, '33.75', '13.00', 59, 1293),
(256, '33.75', '12.00', 59, 1283),
(257, '33.75', '9.00', 59, 1282),
(258, '33.75', '30.00', 59, 1279),
(259, '33.75', '7.00', 59, 1280),
(260, '48.75', '32.00', 59, 1281),
(261, '7.50', '23.00', 59, 1295),
(262, '6.50', '35.00', 59, 1596),
(263, '6.50', '16.00', 59, 1595),
(264, '6.50', '35.00', 59, 1594),
(265, '14.30', '30.00', 59, 1599),
(266, '14.30', '24.00', 59, 1598),
(267, '14.30', '24.00', 59, 1597),
(268, '33.75', '192.00', 59, 1296),
(269, '26.25', '19.00', 59, 1292),
(270, '18.75', '22.00', 59, 1300),
(271, '695.00', '2.00', 59, 1187),
(272, '580.00', '5.00', 59, 1188),
(273, '480.00', '3.00', 59, 1189),
(274, '78.00', '4.00', 60, 67),
(275, '78.00', '3.00', 60, 1379),
(276, '78.00', '16.00', 60, 73),
(277, '78.00', '5.00', 60, 1381),
(278, '78.00', '3.00', 60, 1384),
(279, '78.00', '3.00', 60, 1385),
(280, '78.00', '3.00', 60, 68),
(281, '78.00', '2.00', 60, 1383),
(282, '78.00', '2.00', 60, 75),
(283, '78.00', '2.00', 60, 1386),
(284, '78.00', '3.00', 60, 1382),
(285, '78.00', '12.00', 60, 1377),
(286, '78.00', '4.00', 60, 76),
(287, '78.00', '9.00', 60, 313),
(288, '78.00', '9.00', 60, 312),
(289, '88.00', '1.00', 60, 314),
(290, '78.00', '3.00', 60, 315),
(291, '100.00', '1.00', 60, 831),
(292, '100.00', '1.00', 60, 832),
(293, '80.00', '4.00', 60, 829),
(294, '80.00', '3.00', 60, 828),
(295, '78.00', '6.00', 60, 539),
(296, '78.00', '3.00', 60, 540),
(297, '78.00', '1.00', 60, 538),
(298, '78.00', '3.00', 60, 537),
(299, '100.00', '4.00', 60, 833),
(300, '100.00', '1.00', 60, 834),
(301, '100.00', '1.00', 60, 835),
(302, '150.00', '4.00', 60, 257),
(303, '143.50', '5.00', 60, 59),
(304, '118.00', '8.00', 60, 60),
(305, '138.00', '2.00', 60, 127),
(306, '154.00', '2.00', 60, 128),
(307, '10.00', '3.00', 60, 57),
(308, '10.00', '1.00', 60, 56),
(309, '150.00', '3.00', 60, 258),
(310, '140.00', '2.00', 60, 1604),
(311, '100.00', '3.00', 60, 260),
(312, '100.00', '3.00', 60, 262),
(313, '100.00', '1.00', 60, 265),
(314, '111.00', '3.00', 60, 130),
(315, '100.00', '4.00', 60, 266),
(316, '100.00', '3.00', 60, 264),
(317, '42.50', '13.00', 60, 320),
(318, '37.50', '16.00', 60, 322),
(319, '35.00', '8.00', 60, 324),
(320, '35.00', '24.00', 60, 321),
(321, '44.00', '33.00', 60, 323),
(322, '45.00', '34.00', 60, 165),
(323, '37.50', '17.00', 60, 163),
(324, '36.45', '7.00', 60, 164),
(325, '25.00', '7.00', 60, 162),
(326, '40.00', '4.00', 60, 1484),
(327, '43.50', '12.00', 60, 357),
(328, '45.00', '12.00', 60, 166),
(329, '74.25', '25.00', 61, 1605),
(330, '170.00', '5.00', 62, 1346),
(331, '140.00', '12.00', 62, 1450),
(332, '150.00', '34.00', 62, 1256),
(333, '135.00', '4.00', 62, 1520),
(334, '113.00', '47.00', 62, 1607),
(335, '101.00', '1.00', 62, 1252),
(336, '30.75', '16.00', 62, 1342),
(337, '70.00', '4.00', 62, 1341),
(338, '132.91', '5.00', 62, 1349),
(339, '104.32', '60.00', 62, 1251),
(340, '134.16', '11.00', 62, 1348),
(341, '106.87', '15.00', 62, 1247),
(342, '205.00', '57.00', 62, 1266),
(343, '158.00', '18.00', 62, 1265),
(344, '222.00', '36.00', 62, 1267),
(345, '180.00', '4.00', 63, 1264),
(346, '131.83', '31.00', 63, 1269),
(347, '190.00', '9.00', 63, 1273),
(348, '90.00', '10.00', 63, 1255),
(349, '180.00', '4.00', 63, 1253),
(350, '105.00', '5.00', 63, 252),
(351, '108.00', '10.00', 63, 1254),
(352, '154.55', '2.00', 63, 1260),
(353, '154.55', '24.00', 63, 1259),
(354, '153.42', '6.00', 63, 1258),
(355, '165.00', '8.00', 63, 1262),
(356, '190.00', '22.00', 63, 1257),
(357, '30.00', '39.00', 63, 1345),
(358, '59.00', '3.00', 63, 1344),
(359, '190.00', '3.00', 63, 1343),
(360, '40.00', '21.00', 63, 1337),
(361, '40.00', '28.00', 63, 1338),
(362, '33.00', '8.00', 63, 1339),
(363, '380.00', '50.00', 64, 1396),
(364, '320.00', '50.00', 65, 1397),
(365, '380.00', '50.00', 65, 1396),
(366, '74.25', '25.00', 66, 1605),
(367, '135.00', '4.00', 67, 1427),
(368, '235.00', '1.00', 67, 1428),
(369, '70.00', '2.00', 67, 1426),
(370, '180.00', '1.00', 67, 1577),
(371, '383.00', '3.00', 67, 160),
(372, '200.00', '8.00', 67, 254),
(373, '100.00', '9.00', 67, 255),
(374, '200.00', '4.00', 67, 912),
(375, '55.00', '6.00', 67, 1423),
(376, '587.50', '1.00', 68, 214),
(377, '493.00', '3.00', 68, 211),
(378, '523.50', '2.00', 68, 215),
(379, '367.00', '1.00', 68, 210),
(380, '555.00', '2.00', 68, 208),
(381, '470.00', '3.00', 68, 212),
(382, '493.00', '2.00', 68, 1615),
(383, '469.50', '1.00', 68, 213),
(384, '523.50', '2.00', 68, 1616),
(385, '428.00', '1.00', 68, 216),
(386, '400.00', '1.00', 68, 242),
(387, '400.00', '2.00', 68, 241),
(388, '458.00', '2.00', 68, 238),
(389, '400.00', '1.00', 68, 240),
(390, '400.00', '1.00', 68, 243),
(391, '557.00', '12.00', 68, 277),
(392, '95.00', '4.00', 69, 1618),
(393, '270.00', '2.00', 69, 1619),
(394, '180.00', '3.00', 69, 1620),
(395, '33.00', '20.00', 69, 579),
(396, '85.00', '20.00', 69, 663),
(397, '40.82', '1.00', 69, 1621),
(398, '55.40', '1.00', 69, 1622),
(399, '81.90', '1.00', 69, 1625),
(400, '109.05', '1.00', 69, 1626),
(401, '53.70', '1.00', 69, 1623),
(402, '78.00', '1.00', 69, 1624),
(403, '82.00', '1.00', 69, 1627),
(404, '112.00', '1.00', 69, 1628),
(405, '26.00', '24.00', 69, 1629),
(406, '12.50', '48.00', 69, 1630),
(407, '85.00', '10.00', 69, 620),
(408, '380.00', '1.00', 69, 1631),
(409, '13.00', '60.00', 69, 836),
(410, '215.00', '7.00', 70, 97),
(411, '140.00', '40.00', 70, 1617),
(412, '230.00', '50.00', 70, 89),
(413, '425.00', '2.00', 70, 885),
(414, '25.85', '1.00', 71, 1632),
(415, '16.90', '2.00', 71, 1633),
(416, '66.00', '1.00', 71, 1634),
(417, '69.75', '10.00', 71, 1635),
(418, '28.00', '1.00', 72, 1636),
(419, '58.00', '4.00', 72, 1637),
(420, '36.00', '24.00', 72, 1639),
(421, '245.00', '5.00', 72, 1640),
(422, '47.00', '5.00', 72, 1641),
(423, '29.00', '5.00', 72, 1642),
(424, '58.00', '5.00', 72, 1643),
(425, '100.00', '5.00', 72, 1644),
(426, '32.00', '3.00', 72, 1645),
(427, '35.50', '3.00', 72, 1646),
(428, '28.00', '4.00', 72, 1647),
(429, '30.00', '4.00', 72, 1648),
(430, '48.00', '4.00', 72, 1649),
(431, '16.90', '12.00', 72, 1650),
(432, '18.25', '12.00', 72, 1651),
(433, '3.50', '12.00', 72, 1652),
(434, '7.20', '12.00', 72, 1653),
(435, '30.00', '30.00', 72, 1654),
(436, '68.00', '24.00', 72, 1655),
(437, '45.00', '6.00', 72, 1656),
(438, '27.00', '5.00', 72, 1657),
(439, '10.00', '30.00', 72, 1638),
(440, '1980.00', '2.00', 73, 1077),
(441, '2718.00', '2.00', 73, 1157),
(442, '224.00', '53.00', 74, 78),
(443, '280.00', '50.00', 74, 79),
(444, '336.00', '50.00', 74, 80),
(445, '252.00', '50.00', 74, 106),
(446, '575.00', '20.00', 75, 94),
(447, '760.00', '5.00', 75, 96),
(448, '42.50', '48.00', 75, 320),
(449, '60.00', '1.00', 75, 116),
(450, '25.00', '24.00', 75, 162),
(451, '575.00', '20.00', 76, 94),
(452, '760.00', '5.00', 76, 96),
(453, '42.50', '48.00', 76, 320),
(454, '60.00', '1.00', 76, 116),
(455, '25.00', '24.00', 76, 162),
(456, '216.00', '50.00', 76, 87),
(457, '180.00', '35.00', 76, 86),
(458, '144.00', '40.00', 76, 85),
(459, '568.00', '4.00', 77, 236),
(460, '11.00', '100.00', 77, 289),
(461, '103.00', '24.00', 77, 44),
(462, '118.00', '12.00', 77, 1663),
(463, '39.00', '12.00', 77, 1664),
(464, '39.00', '12.00', 77, 1665),
(465, '450.00', '11.00', 77, 594),
(466, '34.00', '10.00', 77, 1666),
(467, '36.00', '10.00', 77, 1667),
(468, '41.00', '5.00', 77, 330),
(469, '55.00', '5.00', 77, 391),
(470, '97.00', '5.00', 77, 392),
(471, '90.00', '24.00', 77, 435),
(472, '51.00', '50.00', 77, 291),
(473, '120.00', '24.00', 77, 1662),
(474, '41.00', '10.00', 77, 525),
(475, '70.00', '12.00', 77, 830),
(476, '70.00', '12.00', 77, 828),
(477, '70.00', '12.00', 77, 1668),
(478, '240.00', '2.00', 77, 1400),
(479, '11.40', '20.00', 77, 360),
(480, '10.60', '15.00', 77, 485),
(481, '38.00', '100.00', 77, 1556),
(482, '7.50', '12.00', 77, 633),
(483, '330.00', '3.00', 77, 1434),
(484, '24.00', '30.00', 77, 1671),
(485, '144.00', '24.00', 77, 1450),
(486, '25.00', '24.00', 77, 1670),
(487, '30.00', '24.00', 77, 1660),
(488, '673.00', '6.00', 77, 712),
(489, '341.00', '12.00', 77, 160),
(490, '183.00', '48.00', 77, 254),
(491, '210.00', '200.00', 78, 107),
(492, '58.00', '1.00', 79, 115),
(493, '58.00', '1.00', 79, 116),
(494, '34.00', '4.00', 79, 108),
(495, '37.60', '4.00', 79, 112),
(496, '750.00', '4.00', 79, 96),
(497, '765.00', '5.00', 79, 92),
(498, '1450.00', '1.00', 80, 1679),
(499, '1450.00', '1.00', 80, 1680),
(500, '850.00', '4.00', 80, 1681),
(501, '940.00', '4.00', 80, 1682),
(502, '750.00', '4.00', 80, 96),
(503, '765.00', '5.00', 80, 92),
(504, '97.65', '36.00', 81, 1274),
(505, '131.90', '36.00', 81, 1269),
(506, '210.00', '184.00', 82, 107),
(507, '210.00', '147.00', 83, 1696),
(508, '44.10', '10.00', 84, 1011),
(509, '49.00', '25.00', 84, 1716),
(510, '18.00', '10.00', 84, 1717),
(511, '230.00', '50.00', 85, 89),
(512, '285.00', '100.00', 86, 93),
(513, '260.00', '100.00', 86, 90),
(514, '303.00', '70.00', 86, 123),
(515, '36.00', '240.00', 86, 125),
(516, '172.00', '100.00', 86, 118),
(517, '118.00', '250.00', 86, 119),
(518, '115.00', '129.00', 87, 1533),
(519, '115.00', '44.00', 88, 1533),
(520, '210.00', '298.00', 89, 107),
(521, '575.00', '30.00', 90, 94),
(522, '570.00', '30.00', 91, 94),
(523, '114.40', '100.00', 92, 1739),
(524, '47.50', '120.00', 92, 1355),
(525, '440.00', '8.00', 93, 91),
(526, '920.00', '2.00', 93, 95),
(527, '624.00', '6.00', 94, 1208),
(528, '656.00', '2.00', 94, 1209),
(529, '385.00', '4.00', 94, 1210),
(530, '485.00', '4.00', 94, 1211),
(531, '585.00', '4.00', 94, 1212),
(532, '606.00', '2.00', 94, 1216),
(533, '577.00', '6.00', 94, 1215),
(534, '100.00', '6.00', 94, 1763),
(535, '212.50', '4.00', 94, 1583),
(536, '228.00', '2.00', 94, 1762),
(537, '142.00', '12.00', 94, 1226),
(538, '123.00', '12.00', 94, 1224),
(539, '142.00', '6.00', 94, 1225),
(540, '144.00', '6.00', 94, 1227),
(541, '1070.00', '1.00', 95, 1770),
(542, '1450.00', '1.00', 95, 1679),
(543, '1450.00', '1.00', 95, 1680),
(544, '1700.00', '1.00', 95, 1771),
(545, '755.00', '10.00', 95, 96),
(546, '380.00', '10.00', 95, 1396),
(547, '320.00', '10.00', 95, 1397),
(548, '489.25', '3.00', 96, 181),
(549, '522.50', '2.00', 96, 180),
(550, '479.75', '2.00', 96, 172),
(551, '593.75', '3.00', 96, 1764),
(552, '479.75', '2.00', 96, 1772),
(553, '489.25', '3.00', 96, 1773),
(554, '479.75', '2.00', 96, 1774),
(555, '731.50', '2.00', 96, 1775),
(556, '210.00', '94.00', 97, 107),
(557, '205.00', '53.00', 98, 1696),
(558, '205.00', '31.00', 99, 1696),
(559, '300.00', '11.00', 100, 862),
(560, '400.00', '5.00', 100, 863),
(561, '100.00', '1.00', 100, 865),
(562, '150.00', '1.00', 100, 864),
(563, '200.00', '1.00', 100, 867),
(564, '200.00', '1.00', 100, 866),
(565, '200.00', '1.00', 100, 869),
(566, '200.00', '1.00', 100, 871),
(567, '450.00', '1.00', 100, 870),
(568, '100.00', '32.00', 101, 865),
(569, '150.00', '17.00', 101, 864),
(570, '200.00', '23.00', 101, 867),
(571, '200.00', '8.00', 101, 866),
(572, '200.00', '16.00', 101, 869),
(573, '200.00', '1.00', 101, 871),
(574, '450.00', '231.00', 101, 870),
(575, '850.00', '5.00', 101, 874),
(576, '5.00', '705.00', 102, 64),
(577, '5.00', '2481.00', 103, 64),
(578, '5.00', '600.00', 104, 64),
(579, '10.00', '75.00', 104, 1110),
(580, '910.00', '10.00', 105, 95),
(581, '20.00', '188.00', 106, 1801),
(582, '15.00', '232.00', 106, 1799),
(583, '14.00', '95.00', 106, 1112),
(584, '7.00', '14.00', 106, 1111),
(585, '540.00', '50.00', 107, 94),
(586, '290.00', '25.00', 107, 93),
(587, '218.00', '100.00', 108, 101),
(588, '260.00', '75.00', 109, 90),
(589, '160.00', '50.00', 109, 88),
(590, '900.00', '10.00', 109, 95),
(591, '144.00', '70.00', 109, 85),
(592, '27.00', '1.00', 109, 108),
(593, '31.00', '2.00', 109, 109),
(594, '37.00', '1.00', 109, 111),
(595, '100.00', '1.00', 109, 1365),
(596, '60.00', '1.00', 110, 116),
(597, '100.00', '1.00', 110, 1365),
(598, '60.00', '5.00', 110, 1355),
(599, '5.00', '2343.00', 111, 64),
(600, '60.00', '119.00', 112, 1355),
(601, '37.00', '23.00', 112, 111),
(602, '31.00', '47.00', 112, 109),
(603, '27.00', '23.00', 112, 108),
(604, '60.00', '23.00', 112, 116),
(605, '100.00', '23.00', 112, 1365),
(606, '210.00', '200.00', 113, 107),
(607, '205.00', '100.00', 113, 1696),
(608, '119.00', '100.00', 114, 119),
(609, '480.00', '10.00', 114, 885),
(610, '116.25', '24.00', 115, 1252),
(611, '5.00', '1261.00', 116, 64),
(612, '10.00', '75.00', 117, 1800),
(613, '10.00', '237.00', 118, 1110),
(614, '5.00', '118.00', 119, 64),
(615, '10.00', '237.00', 120, 1110),
(616, '5.00', '118.00', 120, 64),
(617, '210.00', '200.00', 121, 107),
(618, '5.00', '956.00', 122, 64),
(619, '118.00', '500.00', 123, 119),
(620, '170.00', '100.00', 123, 118),
(621, '35.00', '260.00', 123, 125),
(622, '56.00', '160.00', 123, 740),
(623, '192.40', '30.00', 123, 729),
(624, '298.66', '10.00', 123, 868),
(625, '71.85', '10.00', 124, 1818),
(626, '94.02', '10.00', 124, 1819),
(627, '116.20', '10.00', 124, 1820),
(628, '126.12', '10.00', 124, 1821),
(629, '71.85', '10.00', 124, 1822),
(630, '71.85', '10.00', 124, 1823),
(631, '129.95', '10.00', 124, 1825),
(632, '152.11', '10.00', 124, 1824),
(633, '158.99', '10.00', 124, 1827),
(634, '110.83', '10.00', 124, 1826),
(635, '11.00', '50.00', 125, 667),
(636, '85.00', '50.00', 125, 663),
(637, '180.00', '4.00', 125, 1620),
(638, '250.00', '2.00', 125, 1829),
(639, '25.00', '36.00', 125, 1830),
(640, '40.00', '12.00', 125, 1831),
(641, '42.00', '12.00', 125, 1832),
(642, '9.00', '24.00', 125, 860),
(643, '33.00', '12.00', 125, 579),
(644, '70.00', '12.00', 125, 1833),
(645, '80.00', '12.00', 125, 1834),
(646, '90.00', '12.00', 125, 1835),
(647, '430.00', '4.00', 125, 221),
(648, '430.00', '4.00', 125, 222),
(649, '430.00', '4.00', 125, 228),
(650, '125.00', '12.00', 125, 226),
(651, '1100.00', '5.00', 125, 908),
(652, '39.00', '12.00', 125, 1836),
(653, '29.00', '24.00', 125, 1837),
(654, '27.00', '24.00', 125, 1838),
(655, '14.50', '12.00', 125, 558),
(656, '140.00', '4.00', 125, 1839),
(657, '479.00', '2.00', 126, 246),
(658, '430.00', '10.00', 126, 355),
(659, '102.00', '24.00', 126, 255),
(660, '478.28', '2.00', 127, 246),
(661, '101.91', '24.00', 127, 255),
(662, '43.20', '24.00', 127, 290),
(663, '55.20', '24.00', 127, 292),
(664, '31.20', '24.00', 127, 293),
(665, '189.00', '6.00', 127, 617),
(666, '239.00', '10.00', 127, 1244),
(667, '568.00', '4.00', 127, 237),
(668, '29.00', '1.00', 127, 1758),
(669, '121.00', '20.00', 127, 1840),
(670, '128.25', '12.00', 127, 270),
(671, '360.00', '4.00', 127, 350),
(672, '330.00', '4.00', 127, 351),
(673, '29.00', '6.00', 128, 1843),
(674, '5.00', '362.00', 129, 64),
(675, '425.00', '10.00', 130, 355),
(676, '19.00', '40.00', 131, 588),
(677, '8.00', '40.00', 131, 589),
(678, '48.00', '24.00', 131, 1708),
(679, '1022.00', '4.00', 131, 158),
(680, '14.70', '180.00', 131, 913),
(681, '28.40', '60.00', 131, 914),
(682, '45.00', '40.00', 131, 1600),
(683, '162.00', '12.00', 131, 1842),
(684, '5.00', '840.00', 132, 64),
(685, '10.00', '75.00', 132, 1110),
(686, '205.00', '200.00', 133, 1696),
(687, '119.00', '100.00', 134, 119),
(688, '185.00', '100.00', 135, 1847),
(689, '222.00', '100.00', 135, 1848),
(690, '148.00', '50.00', 135, 1850),
(691, '480.00', '10.00', 136, 885),
(692, '5.00', '240.00', 137, 64),
(693, '5.00', '362.00', 138, 64),
(694, '280.00', '55.00', 139, 79),
(695, '324.00', '155.00', 139, 80),
(696, '216.00', '150.00', 139, 78),
(697, '850.00', '4.00', 139, 1810),
(698, '440.00', '15.00', 139, 91),
(699, '65.63', '24.00', 139, 114),
(700, '26.40', '150.00', 140, 62),
(701, '36.24', '150.00', 140, 1158),
(702, '11.17', '300.00', 141, 1178),
(703, '220.00', '25.00', 142, 1421),
(704, '210.00', '7.00', 143, 107),
(705, '5.00', '480.00', 144, 64),
(706, '5.00', '722.00', 145, 64),
(707, '33.00', '25.00', 146, 1590),
(708, '100.00', '25.00', 146, 1365),
(709, '5.00', '240.00', 147, 64),
(710, '210.00', '200.00', 148, 107),
(711, '5.00', '362.00', 149, 64),
(712, '38.00', '1000.00', 150, 1202);

-- --------------------------------------------------------

--
-- Table structure for table `returns`
--

CREATE TABLE IF NOT EXISTS `returns` (
  `rn_id` int(11) NOT NULL AUTO_INCREMENT,
  `rn_return_number` int(11) DEFAULT NULL,
  `rn_date` datetime DEFAULT NULL,
  `rn_status` varchar(1) DEFAULT NULL,
  `rn_returned_by` int(11) DEFAULT NULL,
  `s_id` int(11) DEFAULT NULL,
  PRIMARY KEY (`rn_id`)
) ENGINE=InnoDB  DEFAULT CHARSET=latin1 AUTO_INCREMENT=4 ;

--
-- Dumping data for table `returns`
--

INSERT INTO `returns` (`rn_id`, `rn_return_number`, `rn_date`, `rn_status`, `rn_returned_by`, `s_id`) VALUES
(1, 1, '2013-11-22 15:41:57', 'P', 2, 5),
(2, 2, '2013-12-27 09:46:17', 'P', 2, 20),
(3, 3, '2014-01-03 13:53:35', 'P', 3, 5);

-- --------------------------------------------------------

--
-- Table structure for table `return_details`
--

CREATE TABLE IF NOT EXISTS `return_details` (
  `rnd_id` int(11) NOT NULL AUTO_INCREMENT,
  `rnd_purchase_price` decimal(15,2) DEFAULT NULL,
  `rnd_qty` decimal(15,2) DEFAULT NULL,
  `rn_id` int(11) DEFAULT NULL,
  `i_id` int(11) DEFAULT NULL,
  PRIMARY KEY (`rnd_id`)
) ENGINE=InnoDB  DEFAULT CHARSET=latin1 AUTO_INCREMENT=4 ;

--
-- Dumping data for table `return_details`
--

INSERT INTO `return_details` (`rnd_id`, `rnd_purchase_price`, `rnd_qty`, `rn_id`, `i_id`) VALUES
(1, '5.00', '741.00', 1, 64),
(2, '450.00', '208.00', 2, 870),
(3, '20.00', '77.00', 3, 1801);

-- --------------------------------------------------------

--
-- Table structure for table `store_information`
--

CREATE TABLE IF NOT EXISTS `store_information` (
  `si_id` int(11) NOT NULL AUTO_INCREMENT,
  `si_name` varchar(50) DEFAULT NULL,
  `si_address` varchar(100) DEFAULT NULL,
  `si_owner` varchar(100) DEFAULT NULL,
  `si_telephone_no` varchar(50) DEFAULT NULL,
  `si_email` varchar(50) DEFAULT NULL,
  PRIMARY KEY (`si_id`)
) ENGINE=InnoDB  DEFAULT CHARSET=latin1 AUTO_INCREMENT=2 ;

--
-- Dumping data for table `store_information`
--

INSERT INTO `store_information` (`si_id`, `si_name`, `si_address`, `si_owner`, `si_telephone_no`, `si_email`) VALUES
(1, 'BUILDERS HUB Construction Supply', 'Silao, Poblacion. Villanueva, Misamis Oriental', 'Mario Lantaca', '09177929973 / 09177929969', '');

-- --------------------------------------------------------

--
-- Table structure for table `suppliers`
--

CREATE TABLE IF NOT EXISTS `suppliers` (
  `s_id` int(11) NOT NULL AUTO_INCREMENT,
  `s_name` varchar(100) DEFAULT NULL,
  `s_contact_person` varchar(100) DEFAULT NULL,
  `s_contact_number` varchar(20) DEFAULT NULL,
  `s_address` text,
  `is_deleted` tinyint(1) DEFAULT '0',
  PRIMARY KEY (`s_id`)
) ENGINE=InnoDB  DEFAULT CHARSET=latin1 AUTO_INCREMENT=73 ;

--
-- Dumping data for table `suppliers`
--

INSERT INTO `suppliers` (`s_id`, `s_name`, `s_contact_person`, `s_contact_number`, `s_address`, `is_deleted`) VALUES
(1, 'CDO Hardware', '', '', '', 0),
(2, 'BME', '', '', '', 0),
(3, 'SHERIDAN', '', '', '', 0),
(4, 'Superbike', '', '', '', 0),
(5, 'Builders Hub', '', '', '', 0),
(6, 'kaking', '', '', 'cdo', 0),
(7, 'TIMBERLAND', '', '', '', 0),
(8, 'Mackun', '', '', '', 0),
(9, 'Keff Harve Inc', 'Wilmer', '', 'CDO', 0),
(10, 'Oro Time Marketing', '', '', '', 0),
(11, 'Mz Trading', '', '', '', 0),
(12, 'Bulua', '', '', '', 1),
(13, 'ACN TRADING', '', '', '', 0),
(14, 'BRIGHT SUMMIT', '', '', '', 0),
(15, 'CKL', '', '', '', 0),
(16, 'CUADRO OCHO', '', '', '', 0),
(17, 'DEW POINT', '', '', '', 0),
(18, 'E & V Hardware', '', '', '', 0),
(19, 'FRICTION', '', '', '', 0),
(20, 'GOLD LION', '', '', '', 0),
(21, 'HE & SONS', '', '', '', 0),
(22, 'JAMESONS', '', '', '', 0),
(23, 'JINNBOY', '', '', '', 0),
(24, 'KER & CO', '', '', '', 0),
(25, 'LCG MARKETING', '', '', '', 0),
(26, 'NORTH TREND', '', '', '', 0),
(27, 'ORO BASIC', '', '', '', 0),
(28, 'ULTRA CONCRETE', '', '', '', 0),
(29, 'WELD', '', '', '', 0),
(30, '3J MARKETING', '', '', '', 0),
(31, 'AUTO PARTS (JJ, EEP, RENAR)', '', '', '', 0),
(32, 'BS-ELECTRICAL', '', '', '', 0),
(33, 'I BUILD', '', '', '', 0),
(34, 'HI TEK', '', '', '', 0),
(35, 'JAG PAINT', '', '', '', 0),
(36, 'JOESONS', '', '', '', 0),
(37, 'KUPLER', '', '', '', 0),
(38, 'LIMCO', '', '', '', 0),
(39, 'MAKAPAYAG', '', '', '', 0),
(40, 'MARASIGAN', '', '', '', 0),
(41, 'MCT', '', '', '', 0),
(42, 'MUSTARD SEED', '', '', '', 0),
(43, 'NSAA', '', '', '', 0),
(44, 'PEOPLE\\''S AGRI', '', '', '', 0),
(45, 'PRIMARY HOME', '', '', '', 0),
(46, 'QC POINT', '', '', '', 0),
(47, 'RUSCO', '', '', '', 0),
(48, 'SKYGO', '', '', '', 0),
(49, 'SHARP ELECTRICAL', '', '', '', 0),
(50, 'VALUE HUB', '', '', '', 0),
(51, 'Century World', '', '', '', 0),
(52, 'OMNI', '', '', 'Gusa Highway, CDO', 0),
(53, 'Bright Summit', '', '', '', 1),
(54, 'LCG Marketing', '', '', 'Osmena, CDO', 1),
(55, 'yoyong', '', '', '', 0),
(56, 'Keff Harve', 'Wilmer', '', '', 1),
(57, 'Gold Lion', '', '', '', 1),
(58, 'Limco Sales', '', '', '', 1),
(59, 'Kupler', '', '', '', 1),
(60, '4M Marketing', '', '', '', 0),
(61, 'He and Sons', '', '', '', 1),
(62, 'weld', 'dhaly', '', 'cdo', 1),
(63, 'Sonic', '', '', 'manila', 0),
(64, 'SONIC STEEL INDUSTRIES,INC.', '', '', '', 1),
(65, 'Jameson Hardware', '', '', '', 0),
(66, 'Solane', '', '', '', 1),
(67, 'YIC-Omni', '', '', '', 0),
(68, 'Rose Furniture', '', '', '', 0),
(69, 'Esboy', '', '', '', 0),
(70, 'Unknown', '', '', '', 0),
(71, 'Power Alliance', '', '', '', 0),
(72, 'Jew Point', '', '', '', 0);

-- --------------------------------------------------------

--
-- Table structure for table `units`
--

CREATE TABLE IF NOT EXISTS `units` (
  `u_id` int(11) NOT NULL AUTO_INCREMENT,
  `u_name` varchar(50) DEFAULT NULL,
  `u_slug_name` varchar(20) DEFAULT NULL,
  `is_deleted` tinyint(1) DEFAULT '0',
  PRIMARY KEY (`u_id`)
) ENGINE=InnoDB  DEFAULT CHARSET=latin1 AUTO_INCREMENT=21 ;

--
-- Dumping data for table `units`
--

INSERT INTO `units` (`u_id`, `u_name`, `u_slug_name`, `is_deleted`) VALUES
(1, 'Kilogram', 'kg', 0),
(2, 'Piece', 'pc', 0),
(3, 'Bag', 'bag', 0),
(4, 'Meter', 'm', 0),
(5, 'Bottle', 'bottle', 0),
(6, 'Gallon', 'gal', 0),
(7, 'Liter', 'liter', 0),
(8, 'Cubic Meter', 'm', 0),
(9, 'Lenght', 'L.', 0),
(10, 'Can', 'c', 0),
(11, '1/4 Liter', '1/4', 0),
(12, 'Pack', 'P', 0),
(13, '1/2 Liter', '1/2', 0),
(14, 'Sachet', 'S', 0),
(15, 'Pair', 'Pair', 0),
(16, 'Set', 'Sets', 0),
(17, 'Roll', 'R', 0),
(18, 'Box', 'box', 0),
(19, 'Bundle', 'bundle', 0),
(20, 'Load', 'load', 0);

-- --------------------------------------------------------

--
-- Stand-in structure for view `v_get_items_qty_on_hand`
--
CREATE TABLE IF NOT EXISTS `v_get_items_qty_on_hand` (
`i_id` int(11)
,`qty_on_hand` decimal(43,2)
);
-- --------------------------------------------------------

--
-- Structure for view `v_get_items_qty_on_hand`
--
DROP TABLE IF EXISTS `v_get_items_qty_on_hand`;

CREATE ALGORITHM=UNDEFINED DEFINER=`root`@`localhost` SQL SECURITY DEFINER VIEW `v_get_items_qty_on_hand` AS select `i`.`i_id` AS `i_id`,(((((ifnull((select (case when ((select count(0) from `receivings` where (`receivings`.`r_status` = 'P')) > 0) then (select sum(`receiving_details`.`rd_qty`) from `receiving_details` where ((`receiving_details`.`i_id` = `i`.`i_id`) and `receiving_details`.`r_id` in (select `receivings`.`r_id` from `receivings` where (`receivings`.`r_status` = 'P')))) else 0 end)),0) + ifnull(((select (case when ((select count(0) from `returns` where (`returns`.`rn_status` = 'P')) > 0) then (select sum(`return_details`.`rnd_qty`) from `return_details` where ((`return_details`.`i_id` = `i`.`i_id`) and `return_details`.`rn_id` in (select `returns`.`rn_id` from `returns` where (`returns`.`rn_status` = 'P')))) else 0 end)) * -(1)),0)) + ifnull(((select (case when ((select count(0) from `orders` where (`orders`.`o_status` = 'P')) > 0) then (select sum(`order_details`.`od_qty`) from `order_details` where ((`order_details`.`i_id` = `i`.`i_id`) and `order_details`.`o_id` in (select `orders`.`o_id` from `orders` where (`orders`.`o_status` = 'P')))) else 0 end)) * -(1)),0)) + ifnull((select (case when ((select count(0) from `change_orders` where `change_orders`.`o_id` in (select `orders`.`o_id` from `orders` where (`orders`.`o_status` = 'P'))) > 0) then (select sum(`change_order_details`.`cod_qty`) from `change_order_details` where ((`change_order_details`.`i_id` = `i`.`i_id`) and (`change_order_details`.`cod_type` = 'O') and `change_order_details`.`co_id` in (select `change_orders`.`co_id` from `change_orders` where `change_orders`.`o_id` in (select `orders`.`o_id` from `orders` where (`orders`.`o_status` = 'P'))))) else 0 end)),0)) + ifnull(((select (case when ((select count(0) from `change_orders` where `change_orders`.`o_id` in (select `orders`.`o_id` from `orders` where (`orders`.`o_status` = 'P'))) > 0) then (select sum(`change_order_details`.`cod_qty`) from `change_order_details` where ((`change_order_details`.`i_id` = `i`.`i_id`) and (`change_order_details`.`cod_type` = 'N') and `change_order_details`.`co_id` in (select `change_orders`.`co_id` from `change_orders` where `change_orders`.`o_id` in (select `orders`.`o_id` from `orders` where (`orders`.`o_status` = 'P'))))) else 0 end)) * -(1)),0)) + ifnull((select (case when ((select count(0) from `adjustments` where (`adjustments`.`a_status` = 'P')) > 0) then (select sum(`adjustment_details`.`ad_qty`) from `adjustment_details` where ((`adjustment_details`.`i_id` = `i`.`i_id`) and `adjustment_details`.`a_id` in (select `adjustments`.`a_id` from `adjustments` where (`adjustments`.`a_status` = 'P')))) else 0 end)),0)) AS `qty_on_hand` from `items` `i`;

/*!40101 SET CHARACTER_SET_CLIENT=@OLD_CHARACTER_SET_CLIENT */;
/*!40101 SET CHARACTER_SET_RESULTS=@OLD_CHARACTER_SET_RESULTS */;
/*!40101 SET COLLATION_CONNECTION=@OLD_COLLATION_CONNECTION */;
